Year of Case,Employer Name,Address,Street,City,State,Zip Code,Wages Owed,Number of Claimants on Case,USDOL?
2020,ABI,"131-07 40th Road, Flushing, NY, 11354",131-07 40th Road,Flushing,NY,11354,"$682,581.00",,NO
2022,Royal Care,"6323 14th Ave., Brooklyn, NY, 11219",6323 14th Ave.,Brooklyn,NY,11219,"$5,851,021.00",108,NO
2022,American Business Institute,"131-07 40th Rd, Flushing, NY, 11354",131-07 40th Rd,Flushing,NY,11354,"$6,270,141.00",,NO
2020,Ultimate Services For You Inc,"1506 Sheepshead Bay Road, Brooklyn, NY, 11235",1506 Sheepshead Bay Road,Brooklyn,NY,11235,"$2,223,856.00",265,NO
2022,Renaissance Home Health Care Services,"267 Douglass Street, Brooklyn, NY, 11217",267 Douglass Street,Brooklyn,NY,11217,"$1,781,707.00",14,NO
2020,American Chore Services Inc dba City Choice Home ..,"2719 Coney Island Avenue, Brooklyn, NY, 11235",2719 Coney Island Avenue,Brooklyn,NY,11235,"$1,259,622.00",,NO
2021,Longevity Health Services LLC,"142-29 37th Avenue, Flushing, NY, 11354",142-29 37th Avenue,Flushing,NY,11354,"$1,128,629.00",11,NO
2022,Allstar Home Care Agency Inc,"762 59th Street, Brooklyn, NY, 11219",762 59th Street,Brooklyn,NY,11219,"$810,545.00",18,NO
2021,Nocello Ristorante Italiano,"14-27 150th Street, Whitestone, NY, 11357",14-27 150th Street,Whitestone,NY,11357,"$715,017.00",,NO
2022,ABI/American Business Institute Corp,"131-07 40th Road, Flushing, NY, 11354",131-07 40th Road,Flushing,NY,11354,"$3,065,583.00",,YES
2022,Nursing Personnel Homecare,"175 S 9th Street, Brooklyn, NY, 11211",175 S 9th Street,Brooklyn,NY,11211,"$678,770.00",9,NO
2022,Healthy Care N.Y. Inc,"401 Broadway, New York, NY, 10013",401 Broadway,New York,NY,10013,"$636,233.00",10,NO
2022,"JS Homecare Agency of NY, Inc","4316-4318 8th Ave, Brooklyn, NY, 11232",4316-4318 8th Ave,Brooklyn,NY,11232,"$607,340.00",19,NO
2022,Pane Antico Bakery Cafe,"9124 3rd Avenue, Brooklyn, NY, 11209",9124 3rd Avenue,Brooklyn,NY,11209,"$576,241.00",,NO
2022,Scharome Cares,"1729 12th Street, Brooklyn, NY, 11229",1729 12th Street,Brooklyn,NY,11229,"$572,289.00",37,NO
2020,Bigwell Bakery,"107-08 Liberty Avenue, Richmond Hill, NY, 11417",107-08 Liberty Avenue,Richmond Hill,NY,11417,"$558,345.00",,NO
2023,Don Alex Restaurante Pollos a la Brasa,"95-44 Roosevelt Avenue, Elmhurts, NY, 11373",95-44 Roosevelt Avenue,Elmhurst,NY,11373,"$554,065.00",,NO
2022,X-Treme Care LLC,"212-12 Northern Boulevard, Bayside, NY, 11361",212-12 Northern Boulevard,Bayside,NY,11361,"$522,558.00",13,NO
2020,Jerome Beverage Inc,"2100 Jerome Avenue, Bronx, NY, 10453",2100 Jerome Avenue,Bronx,NY,10453,"$499,351.00",8,NO
2024,Crown Heights Center for Nursing 2 of 2_K-Y,"810 St. Marks Avenue, Brooklyn, NY, 11213",810 St. Marks Avenue,Brooklyn,NY,11213,"$467,848.00",,NO
2022,La Union Shipping Corp,"1120 E. 179th St., Bronx, NY, 10456",1120 E. 179th St.,Bronx,NY,10456,"$444,370.00",,NO
2024,Tra Di Noi Rest Inc T/A Da Noi,"4358 Victory Boulevard, Staten Island, NY, 10314",4358 Victory Boulevard,Staten Island,NY,10314,"$440,729.00",,NO
2022,Petlyn Job,"4722 Beverly Road, Brooklyn, NY, 11203",4722 Beverly Road,Brooklyn,NY,11203,"$439,473.00",1,NO
2020,Renaissance Home Health Care Services,"1959 Westchester Avenue, Bronx, NY, 10462",1959 Westchester Avenue,Bronx,NY,10462,"$420,641.00",,NO
2024,Professional Grade Construction Group Inc,"63 Stonegate Drive, Staten Island, NY, 10304",63 Stonegate Drive,Staten Island,NY,10304,"$419,204.00",,NO
2022,American Business Institute Corp.,"131-07 40th Road, Flushing, NY, 11354",131-07 40th Road,Flushing,NY,11354,"$394,038.00",,NO
2021,Cool N 'Heat,"50 Wallabout Street, Brooklyn, NY, 11249",50 Wallabout Street,Brooklyn,NY,11249,"$390,543.00",,NO
2022,Regency Health Care Inc,"728 5th Ave, Brooklyn, NY, 11232",728 5th Ave,Brooklyn,NY,11232,"$388,843.00",4,NO
2022,Greatcare Inc,"110 W 34th St, New York, NY, 10001",110 W 34th St,New York,NY,10001,"$366,696.00",20,NO
2022,House Calls Home Care,"2440 Fulton St, Brooklyn, NY, 11233",2440 Fulton St,Brooklyn,NY,11233,"$362,160.00",7,NO
2022,Queens Home Care Agency,"2 E Broadway, New York, NY, 10038",2 E Broadway,New York,NY,10038,"$356,708.00",8,NO
2023,FADMO HHC,"194 Targee St, Staten Island, NY, 10304",194 Targee St,Staten Island,NY,10304,"$353,491.00",22,NO
2020,Caring Home Care,"105-05 Cross Bay Blvd, Ozone Park, NY, 11417",105-05 Cross Bay Blvd,Ozone Park,NY,11417,"$348,185.00",1,NO
2024,Paloma Mexican Cuisine Luisa Cucina Mexicana,"435 Menahan Street, Brooklyn, NY, 11237",435 Menahan Street,Brooklyn,NY,11237,"$336,292.00",,NO
2023,Build Your Life Supermarket Inc.,"8612 4th Ave, Brooklyn, NY, 11209",8612 4th Ave,Brooklyn,NY,11209,"$330,357.00",3,NO
2020,Repairs on Wheels,"833 McDonald Avenue, Brooklyn, NY, 11218",833 McDonald Avenue,Brooklyn,NY,11218,"$326,063.00",41,NO
2020,Tastee Pattee,"987 Flatbush Ave, Brooklyn, NY, 11226",987 Flatbush Ave,Brooklyn,NY,11226,"$316,227.00",,NO
2022,Mr Pierogi LLC,"126 12th Street, Brooklyn, NY, 11215",126 12th Street,Brooklyn,NY,11215,"$296,525.00",,NO
2023,Met Supermarket,"3404 Quentin Road, Brooklyn, NY, 11234",3404 Quentin Road,Brooklyn,NY,11234,"$282,574.00",,NO
2023,Chestnut,"700 Myrtle Avenue, Brooklyn, NY, 11205",700 Myrtle Avenue,Brooklyn,NY,11205,"$280,455.00",132,NO
2022,Longevity Health Services LLC,"142-39 37th Avenue, Flushing, NY, 11354",142-39 37th Avenue,Flushing,NY,11354,"$279,131.00",11,NO
2021,1st Choice Home Care Service Inc,"8501 New Utrecht Ave, Brooklyn, NY, 11201",8501 New Utrecht Ave,Brooklyn,NY,11201,"$278,558.00",20,YES
2020,Molcajete Mexican Restaurant,"9213 Roosevelt Avenue, Jackson Heights, NY, 11372",9213 Roosevelt Avenue,Jackson Heights,NY,11372,"$273,768.00",,NO
2023,Smile Home Care,"86 Brighton 1st Place, Brooklyn, NY, 11235",86 Brighton 1st Place,Brooklyn,NY,11235,"$267,958.00",3,NO
2022,Elara Caring,"70-00 Austin Street, Forest Hills, NY, 11375",70-00 Austin Street,Forest Hills,NY,11375,"$261,975.00",3,NO
2023,Guadalajara del Dia II,"566 Seneca Ave, Ridgewood, NY, 11385",566 Seneca Ave,Ridgewood,NY,11385,"$254,448.00",2,YES
2021,Jamaica Beverage Center,"203-07 Linden Blvd., Jamaica, NY, 11412",203-07 Linden Blvd.,Jamaica,NY,11412,"$253,979.00",,NO
2021,Queens Home Care Agency,"2 East Broadway, New York, NY, 10038",2 East Broadway,New York,NY,10038,"$253,031.00",,NO
2022,Platinum Home Health Care Inc,"170 53rd St, Brooklyn, NY, 11232",170 53rd St,Brooklyn,NY,11232,"$252,120.00",4,NO
2024,The New Tropical Deli 2 Inc DBA Tropical 2,"3610 Greenpoint Ave, Long Island City, NY, 11101",3610 Greenpoint Ave,Long Island City,NY,11101,"$251,622.00",,NO
2020,Volare Restaurant Corp.,"147 West 4th Street, New York, NY, 10012",147 West 4th Street,New York,NY,10012,"$241,373.00",3,NO
2023,Ramon Ynoa,"981 Teller Ave, Bronx, NY, 10456",981 Teller Ave,Bronx,NY,10456,"$224,910.00",,NO
2020,Advance Food,"5580 56th street, Maspeth, NY, 11378",5580 56th street,Maspeth,NY,11378,"$222,901.00",,NO
2023,La Boina Roja Steak House Inc,"8022 37th Ave, Jackson Heights, NY, 11372",8022 37th Ave,Jackson Heights,NY,11372,"$221,130.00",1,NO
2022,Winstar Service Inc,"57-11 49th Place, Maspeth, NY, 11378",57-11 49th Place,Maspeth,NY,11378,"$220,753.00",,NO
2021,Dax Renovations,"1150 Grand Concourse, Bronx, NY, 10456",1150 Grand Concourse,Bronx,NY,10456,"$220,000.00",3,NO
2021,King Meats Market,"605 Brighton Beach Avenue, Brooklyn, NY, 11235",605 Brighton Beach Avenue,Brooklyn,NY,11235,"$210,723.00",,NO
2023,Lenos Bar Cafe,"80-15 Northern Blvd, Jackson Heights, NY, 11372",80-15 Northern Blvd,Jackson Heights,NY,11372,"$208,901.00",1,NO
2023,The 99 Cents & Dollar Deals Inc,"270 E. Burnside Avenue, Bronx, NY, 10457",270 E. Burnside Avenue,Bronx,NY,10457,"$207,390.00",1,NO
2020,Best Seller Inc.,"195 Bay 19th Street, Brooklyn, NY, 11214",195 Bay 19th Street,Brooklyn,NY,11214,"$206,194.00",,NO
2020,Steel Boyz Inc,"1437 44th Street, Brooklyn, NY, 11219",1437 44th Street,Brooklyn,NY,11219,"$205,498.00",,NO
2020,Don Alex Restaurant,"9705 64th Avenue, Rego Park, NY, 11374",9705 64th Avenue,Rego Park,NY,11374,"$203,935.00",,NO
2024,Desi Stop Deli,"75 2nd Avenue, New York, NY, 10003",75 2nd Avenue,New York,NY,10003,"$203,308.00",,NO
2020,"Prograde Construction, Inc.","2448 89th Street, East Elmhurst, NY, 11369 Lexington Avenue, New York, NY, 10017",2448 89th Street,East Elmhurst,NY,11369,"$202,949.00",,NO
2021,JS Homecare,"4318 8th Avenue, Brooklyn, NY, 11232",4318 8th Avenue,Brooklyn,NY,11232,"$202,942.00",,NO
2020,La Imagen del Rodeo,"88 Canal Street, Staten Island, NY, 10304",88 Canal Street,Staten Island,NY,10304,"$202,441.00",2,NO
2021,Brooklyn Harvest Market,"8102 3rd Ave, Brooklyn, NY, 11209",8102 3rd Ave,Brooklyn,NY,11209,"$201,292.00",79,NO
2023,Sushi Hana NY Inc,"111 Rivington Street, New York, NY, 10002",111 Rivington Street,New York,NY,10002,"$198,610.00",2,NO
2020,Sandra O'Sullivan,"36 Crooke Ave, Brooklyn, NY, 11226",36 Crooke Ave,Brooklyn,NY,11226,"$196,493.00",2,NO
2022,Reliance Home Health Care Inc,"4410 4th Ave, Brooklyn, NY, 11220",4410 4th Ave,Brooklyn,NY,11220,"$194,696.00",9,NO
2021,China Gourmet,"877 8th Avenue, New York, NY, 10019",877 8th Avenue,New York,NY,10019,"$193,500.00",,NO
2024,Vibes Restaurant Bar and Cafe,"143-06 Liberty Avenue, Jamaica, NY, 11435",143-06 Liberty Avenue,Jamaica,NY,11435,"$189,900.00",,NO
2021,Carnival Latin Bistro Corp,"4325-4327 Broadway, New York, NY, 10033",4325-4327 Broadway,New York,NY,10033,"$187,907.00",2,NO
2023,Mex Carroll's Diner,"192 Columbia Street, Brooklyn, NY, 11231",192 Columbia Street,Brooklyn,NY,11231,"$182,507.00",,NO
2021,Paramount Home Care Agency Inc,"161 Kings Highway, Brooklyn, NY, 11223",161 Kings Highway,Brooklyn,NY,11223,"$171,972.00",146,NO
2020,Evelia's Tamales,"33-28 104th Street, Corona, NY, 11368",33-28 104th Street,Corona,NY,11368,"$171,880.00",,NO
2023,Foodirect Inc,"355 Food Center Drive, Bronx, NY, 10474",355 Food Center Drive,Bronx,NY,10474,"$170,225.00",,NO
2024,Bagel Market,"264 West 40th Street, New York, NY, 10018",264 West 40th Street,New York,NY,10018,"$169,415.00",,NO
2022,Pil Pil,"265 E 78th Street, New York, NY, 10075",265 E 78th Street,New York,NY,10075,"$169,340.00",1,NO
2022,Xincon Home Healthcare Services,"20 West 33rd Street, New York, NY, 10001",20 West 33rd Street,New York,NY,10001,"$169,255.00",,NO
2022,Thermo Hydronic Corporation,"141-40 224th Street, Laurelton, NY, 11413",141-40 224th Street,Laurelton,NY,11413,"$167,759.00",,NO
2024,Bravo Supermarket,"3008 Fulton Street, Brooklyn, NY, 11208",3008 Fulton Street,Brooklyn,NY,11208,"$166,589.00",,NO
2022,House Calls Home Care,"2440 Fulton Street, Brooklyn, NY, 11233",2440 Fulton Street,Brooklyn,NY,11233,"$166,437.00",3,NO
2023,E 166 Associates LLC,"199 Lee Avenue, Brooklyn, NY, 11211",199 Lee Avenue,Brooklyn,NY,11211,"$162,555.00",,NO
2020,Valana Contracting Corporation,"2114 Clove Road, Staten Island, NY, 10305",2114 Clove Road,Staten Island,NY,10305,"$162,513.00",2,NO
2020,Fine Nails,"155-25 Jamaica Avenue, Jamaica, NY, 11432",155-25 Jamaica Avenue,Jamaica,NY,11432,"$161,722.00",,NO
2023,Salam Deli and Grill Corp,"597 Flatbush Ave, Brooklyn, NY, 11225",597 Flatbush Ave,Brooklyn,NY,11225,"$161,700.00",1,NO
2024,Elite Nails and Spa,"243 Willis Ave., Bronx, NY, 10454",243 Willis Ave.,Bronx,NY,10454,"$159,605.00",,NO
2023,MP ELECTRIC GROUP CORP.,"71-01 72nd Pl, Queens, NY, 11385",71-01 72nd Pl,Queens,NY,11385,"$157,718.00",,NO
2022,El Pollo Inka Peru,"89-12 Northern Blvd, Jackson Heights, NY, 11372",89-12 Northern Blvd,Jackson Heights,NY,11372,"$153,165.00",,NO
2022,"Summit Home Health Care, Inc.","1797 Coney Island Avenue, Brooklyn, NY, 11230",1797 Coney Island Avenue,Brooklyn,NY,11230,"$152,951.00",3,NO
2023,Land & Shore Construction,"41 Moultrie Street, Brooklyn, NY, 11222",41 Moultrie Street,Brooklyn,NY,11222,"$152,011.00",,NO
2023,Jalisha Hair Style Inc,"724 East 233rd Street, Bronx, NY, 10466",724 East 233rd Street,Bronx,NY,10466,"$149,275.00",,NO
2021,White Sails Fish Market,"748 Lydig Avenue, Bronx, NY, 10462",748 Lydig Avenue,Bronx,NY,10462,"$147,640.00",4,NO
2022,ADJ Wisdom Home Care Wengs Group NY Inc,"250 Grand Street, New York, NY, 10013",250 Grand Street,New York,NY,10013,"$144,333.00",20,NO
2022,Dependable Care LLC,"1122 Coney Island Ave, Brooklyn, NY, 11230",1122 Coney Island Ave,Brooklyn,NY,11230,"$141,875.00",,NO
2021,Greek Islands,"253-17 Northern Blvd., Little Neck, NY, 11362",253-17 Northern Blvd.,Little Neck,NY,11362,"$141,078.00",,NO
2022,2027,"2027 Emmons Avenue, Brooklyn, NY, 11235",2027 Emmons Avenue,Brooklyn,NY,11235,"$139,459.00",2,NO
2021,Kum Gang San,"138-28 Northern Blvd, Flushing, NY, 11354",138-28 Northern Blvd,Flushing,NY,11354,"$137,747.00",1,NO
2021,Vidalis Pizza,"31-06 21st Street, Astoria, NY, 11106",31-06 21st Street,Astoria,NY,11106,"$137,743.00",2,NO
2022,LH Wellbeing Care Inc,"53 Elizabeth Street, New York, NY, 10013",53 Elizabeth Street,New York,NY,10013,"$136,699.00",6,NO
2022,MGM Laundromat,"4012 Bronxwood Ave., Bronx, NY, 10466",4012 Bronxwood Ave.,Bronx,NY,10466,"$135,253.00",1,NO
2023,Modern National Furniture Inc.,"42-07 National Street, Corona, NY, 11368",42-07 National Street,Corona,NY,11368,"$134,850.00",,NO
2021,Taste of Italy Restaurant & Pizzeria NYC,"40-05 Junction Blvd., Elmhurst, NY, 11373",40-05 Junction Blvd.,Elmhurst,NY,11373,"$132,125.00",,NO
2021,New Tasty Hand-Pulled Noodles Inc.,"One Doyers Street, New York, NY, 10013",One Doyers Street,New York,NY,10013,"$130,096.00",2,NO
2024,Locanut Restaurant,"361 West 17th Street, New York, NY, 10011",361 West 17th Street,New York,NY,10011,"$129,425.00",,NO
2020,Regine 125 Inc aka Regines Fashion,"589 E 138th St, Bronx, NY, 10454",589 E 138th St,Bronx,NY,10454,"$129,047.00",16,NO
2021,Victory Sweet Shop,"21-69 Steinway Street, Astoria, NY, 11105",21-69 Steinway Street,Astoria,NY,11105,"$127,847.00",,NO
2023,Western Beef Supermarket,"431 West 16th Street, New York, NY, 10011",431 West 16th Street,New York,NY,10011,"$124,614.00",,NO
2021,Jimmy's Rims and Tires,"4314 3rd Avenue, Brooklyn, NY, 11232",4314 3rd Avenue,Brooklyn,NY,11232,"$124,134.00",,NO
2020,New Heights Security LLC,"591 Quincy Street, Brooklyn, NY, 11221",591 Quincy Street,Brooklyn,NY,11221,"$123,519.00",1,NO
2024,Jennie's Kitchen,"648 39th Street, Brooklyn, NY, 11232",648 39th Street,Brooklyn,NY,11232,"$123,471.00",,NO
2022,Ama Grill & Deli,"1709 Church Avenue, Brooklyn, NY, 11226",1709 Church Avenue,Brooklyn,NY,11226,"$123,046.00",,NO
2022,Anchor Health Home Care,"958 Nostrand Avenue, Brooklyn, NY, 11225",958 Nostrand Avenue,Brooklyn,NY,11225,"$121,898.00",5,NO
2023,Cositas Ricas,"79-19 Roosevelt Avenue, Jackson Heights, NY, 11372",79-19 Roosevelt Avenue,Jackson Heights,NY,11372,"$121,115.00",,NO
2023,Taki Deli Corp,"124 E. 183, Bronx, NY, 10453",124 E. 183,Bronx,NY,10453,"$120,906.00",,NO
2023,Abe Ranczoz LLC,"534 Grand Street, Brooklyn, NY, 11211",534 Grand Street,Brooklyn,NY,11211,"$120,064.00",,NO
2023,Burrata Basil Pizza,"221 Avenue A, New York, NY, 10009",221 Avenue A,New York,NY,10009,"$116,853.00",1,NO
2023,Claudine Rankin,"235 East 22nd Street, New York, NY, 10010",235 East 22nd Street,New York,NY,10010,"$114,533.00",2,NO
2022,Concern Home Care Inc,"145-11 Jamacia Avenue, Jamaica, NY, 11435",145-11 Jamacia Avenue,Jamaica,NY,11435,"$114,513.00",3,NO
2022,Los Latinos Mini Market Corp.,"1301 Redfern Avenue, Far Rockaway, NY, 11691",1301 Redfern Avenue,Far Rockaway,NY,11691,"$114,197.00",,NO
2020,D.R. 505 Realty,"505 West 158th Street, New York, NY, 10032",505 West 158th Street,New York,NY,10032,"$114,018.00",,NO
2024,Tropical Bar Restaurant Lounge,"88-18 Jamaica Ave, Woodhaven, NY, 11421",88-18 Jamaica Ave,Woodhaven,NY,11421,"$114,015.00",,NO
2022,Pella Care,"1418 65th St, Brooklyn, NY, 11219",1418 65th St,Brooklyn,NY,11219,"$112,507.00",5,NO
2023,Yolpaqui Taqueria LLC,"1431 Forest Avenue, Staten Island, NY, 10302",1431 Forest Avenue,Staten Island,NY,10302,"$112,452.00",6,NO
2021,Ampak,"8 Johnson Street, Staten Island, NY, 10309",8 Johnson Street,Staten Island,NY,10309,"$112,176.00",17,NO
2022,Pino Grocery Corp,"37-27 108th Street, Corona, NY, 11368",37-27 108th Street,Corona,NY,11368,"$112,153.00",,NO
2020,Adams Bagels and Deli,"63-56 Woodhaven Blvd, Rego Park, NY, 11374",63-56 Woodhaven Blvd,Rego Park,NY,11374,"$111,023.00",,NO
2020,Nieto Landscaping,"480 Wild Ave, Staten Island, NY, 10314",480 Wild Ave,Staten Island,NY,10314,"$110,633.00",,NO
2020,First Stop Grocery,"643 Marcy Ave, Brooklyn, NY, 11206",643 Marcy Ave,Brooklyn,NY,11206,"$109,875.00",3,NO
2021,La Gran Uruguaya Bakery,"85-06 37th Avenue, Jackson Heights, NY, 11372",85-06 37th Avenue,Jackson Heights,NY,11372,"$109,820.00",,NO
2022,Michael Knox,"30 Fleet Walk, Brooklyn, NY, 11201",30 Fleet Walk,Brooklyn,NY,11201,"$108,360.00",1,NO
2020,Krolewski Jadlo of Ridgewood,"66-21 Fresh Pond Rd, Ridgewood, NY, 11385",66-21 Fresh Pond Rd,Ridgewood,NY,11385,"$107,423.00",1,NO
2024,Jam Rock Bistro,"1009 Rutland Road, Brooklyn, NY, 11212",1009 Rutland Road,Brooklyn,NY,11212,"$105,663.00",,NO
2021,Allure Marketing,"690 8th Ave, New York, NY, 10036",690 8th Ave,New York,NY,10036,"$105,303.00",1,NO
2020,Tortilleria Nixtamal LLC,"104-23 Roosevelt Ave, Corona, NY, 11368",104-23 Roosevelt Ave,Corona,NY,11368,"$105,162.00",,NO
2022,Eagle Home Care Agency,"504a East Tremont Ave, Bronx, NY, 10457",504a East Tremont Ave,Bronx,NY,10457,"$102,778.00",4,NO
2023,Fresh Food Center Inc. & Zahir Bahiy AKA John,"820 2nd Avenue, New York, NY, 10012",820 2nd Avenue,New York,NY,10012,"$102,740.00",,NO
2021,99 Cents Best Discount Store,"912 E 233 St, Bronx, NY, 10466",912 E 233 St,Bronx,NY,10466,"$102,694.00",1,NO
2022,"TIP TOP UNISEX SALON, INC.","44-01 Kissena Boulevard, Flushing, NY, 11355",44-01 Kissena Boulevard,Flushing,NY,11355,"$101,178.00",,NO
2023,Associated,"216 5th Avenue, Brooklyn, NY, 11215",216 5th Avenue,Brooklyn,NY,11215,"$99,031.00",,NO
2020,Wiesner Food Center Inc,"5918 18th Ave, Brooklyn, NY, 11204",5918 18th Ave,Brooklyn,NY,11204,"$97,030.00",,NO
2023,Load Laundromat LLC,"602 East 14th Street, New York, NY, 10009",602 East 14th Street,New York,NY,10009,"$96,892.00",,NO
2020,Cantaloupe LLC T/A Lovely Day,"122 Elizabeth Street, New York, NY, 10013",122 Elizabeth Street,New York,NY,10013,"$94,687.00",1,NO
2021,Goodyear Bus Tour Inc.,"60 Henry Street, New York, NY, 10002",60 Henry Street,New York,NY,10002,"$94,461.00",,NO
2022,MBARETE CONTRACTING CORP,"6633 Fresh Pond Rd, Queens, NY, 11385",6633 Fresh Pond Rd,Queens,NY,11385,"$93,131.00",,NO
2020,MKM Parking,"380 Bruckner Blvd, Bronx, NY, 10454",380 Bruckner Blvd,Bronx,NY,10454,"$93,103.00",1,NO
2023,Beach Laundry World Inc,"1447 Beach Ave., Bronx, NY, 10460",1447 Beach Ave.,Bronx,NY,10460,"$93,098.00",,NO
2021,Trattoria Bambino's Pizza,"80-01 Myrtle Avenue, Glendale, NY, 11385",80-01 Myrtle Avenue,Glendale,NY,11385,"$92,826.00",,NO
2022,Macareno Central,"6810 Fourth Avenue, Brooklyn, NY, 11220",6810 Fourth Avenue,Brooklyn,NY,11220,"$92,424.00",,NO
2023,Infopeople,"450 7th Ave., New York, NY, 10123",450 7th Ave.,New York,NY,10123,"$92,092.00",,NO
2022,Mazal Glatt Supermarket Inc,"72-02 Main Street, Flushing, NY, 11367",72-02 Main Street,Flushing,NY,11367,"$91,920.00",,NO
2021,Reliable Site Development Inc.,"27 Sea Gate Road, Staten Island, NY, 10305",27 Sea Gate Road,Staten Island,NY,10305,"$91,534.00",1,NO
2021,Milk and Cookies Kids Spa and Salon,"1196 First Avenue, New York, NY, 10065",1196 First Avenue,New York,NY,10065,"$91,393.00",,NO
2022,Patrizia's of Staten Island,"4255 Amboy Road, Staten Island, NY, 10308",4255 Amboy Road,Staten Island,NY,10308,"$90,369.00",,NO
2023,C Town,"4705 5th Avenue, Brooklyn, NY, 11220",4705 5th Avenue,Brooklyn,NY,11220,"$88,946.00",42,NO
2020,Richards Diner Inc,"9606 Avenue L, Brooklyn, NY, 11236",9606 Avenue L,Brooklyn,NY,11236,"$87,600.00",1,NO
2020,El Callao,"111-22 Roosvelt Avenue, Corona, NY, 11368",111-22 Roosvelt Avenue,Corona,NY,11368,"$87,543.00",,NO
2021,Brisa Del Cibao Restaurant,"37-79 103rd Street, Corona, NY, 11368",37-79 103rd Street,Corona,NY,11368,"$87,329.00",,NO
2022,5 De Mayo Food Market & Carniceria,"81-06 Roosevelt Avenue, Elmhurst, NY, 11373",81-06 Roosevelt Avenue,Elmhurst,NY,11373,"$86,771.00",,NO
2023,Cuisine De La Stephen LLC,"1438 Metropolitan Ave, Bronx, NY, 10462",1438 Metropolitan Ave,Bronx,NY,10462,"$86,701.00",,NO
2022,Wise Bar & Grill,"35 Neptune Avenue, Brooklyn, NY, 11235",35 Neptune Avenue,Brooklyn,NY,11235,"$86,473.00",,NO
2022,All American Homecare Agency Inc,"1 W. 34th St., New York, NY, 10001",1 W. 34th St.,New York,NY,10001,"$85,922.00",1,NO
2022,Paramount Home Care Agency,"161 Kings Highway, Brooklyn, NY, 11223",161 Kings Highway,Brooklyn,NY,11223,"$85,700.00",7,NO
2021,The Patio Restaurant Peruvian Kitchen,"6111 5th Avenue, Brooklyn, NY, 11220",6111 5th Avenue,Brooklyn,NY,11220,"$84,069.00",,NO
2024,Gala Apple International Inc,"4112 18th Avenue, Brooklyn, NY, 11218",4112 18th Avenue,Brooklyn,NY,11218,"$83,800.00",,NO
2024,Alex Contractor,"88-06 162nd Street, Jamaica, NY, 11432",88-06 162nd Street,Jamaica,NY,11432,"$83,768.00",,NO
2021,King Polo Inc.T/A Shopfair,"153-30 89th Avenue, Jamaica, NY, 11432",153-30 89th Avenue,Jamaica,NY,11432,"$83,322.00",,NO
2020,Joe Joe Pizzeria,"739 Henderson Ave, Staten Island, NY, 10310",739 Henderson Ave,Staten Island,NY,10310,"$81,678.00",1,NO
2020,Seaflower Fish Market Inc.,"4127 Broadway, New York, NY, 10032",4127 Broadway,New York,NY,10032,"$80,266.00",1,NO
2020,Chos Grocery,"58 Carmine Street, New York, NY, 10014",58 Carmine Street,New York,NY,10014,"$80,000.00",1,NO
2020,Manhattan Oral Facial Surgery LLC,"6118 Riverdale Ave, Bronx, NY, 10471",6118 Riverdale Ave,Bronx,NY,10471,"$80,000.00",1,YES
2021,Great Wall Laundry & Cleaning Inc,"200 West 14rh Street, New York, NY, 10011",200 West 14rh Street,New York,NY,10011,"$79,956.00",1,NO
2021,Fine Fare Supermarket,"320 E. Gun HIll Road, Bronx, NY, 10467",320 E. Gun HIll Road,Bronx,NY,10467,"$79,890.00",,NO
2023,150 Water Gourmet Inc. T/A The Best of New York F..,"150 Water Street, New York, NY, 10005",150 Water Street,New York,NY,10005,"$79,460.00",,NO
2021,L and D Drywall Services,"48-18 66th street, Woodside, NY, 11377",48-18 66th street,Woodside,NY,11377,"$78,686.00",18,NO
2021,Dipak Contracting Co,"355 79th Street, Brooklyn, NY, 11209",355 79th Street,Brooklyn,NY,11209,"$78,048.00",,NO
2022,Maddy's Home Furniture & More,"601 W. 207th Street, New York, NY, 10034",601 W. 207th Street,New York,NY,10034,"$77,425.00",,NO
2023,FM Laundromat,"2558 18th Street, Astoria, NY, 11102",2558 18th Street,Astoria,NY,11102,"$77,265.00",,NO
2020,Kapamilya Restaurant and Bakeshop,"69-10 Roosevelt Ave, Woodside, NY, 11377",69-10 Roosevelt Ave,Woodside,NY,11377,"$76,593.00",2,NO
2021,Jose Vallejo Construction Inc,"61-20 166th Street, Fresh Meadows, NY, 11365",61-20 166th Street,Fresh Meadows,NY,11365,"$76,063.00",2,NO
2022,Allen Health Care Services,"70-00 Austin St, Forest Hills, NY, 11375",70-00 Austin St,Forest Hills,NY,11375,"$74,150.00",3,NO
2023,Desi Deli Indian Kitchen,"724 Tenth Ave, New York, NY, 10019",724 Tenth Ave,New York,NY,10019,"$74,070.00",1,NO
2022,Warique Peruvian Cuisine,"90-04 37th Avenue, Jackson Heights, NY, 11372",90-04 37th Avenue,Jackson Heights,NY,11372,"$73,728.00",,NO
2020,EFE Market Organic Food,"2741 Ocean Avenue, Brooklyn, NY, 11229",2741 Ocean Avenue,Brooklyn,NY,11229,"$72,984.00",2,NO
2021,All American Coffee Shop,"35-19 37th Avenue, Astoria, NY, 11101",35-19 37th Avenue,Astoria,NY,11101,"$72,735.00",,NO
2022,All Metro,"80 Broad St, New York, NY, 10004",80 Broad St,New York,NY,10004,"$70,304.00",3,NO
2024,Vibes II,"120-20 Merrick Blvd., Jamaica, NY, 11434",120-20 Merrick Blvd.,Jamaica,NY,11434,"$69,060.00",,NO
2021,Flushing Meat Corp,"88 Harrison Place, Brooklyn, NY, 11237",88 Harrison Place,Brooklyn,NY,11237,"$68,890.00",,NO
2021,Best A Tee Inc,"827 Avenue of the Americas, New York, NY, 10001",827 Avenue of the Americas,New York,NY,10001,"$68,172.00",1,NO
2022,"Zeluck, Inc.","5300 Kings Highway, Brooklyn, NY, 11234",5300 Kings Highway,Brooklyn,NY,11234,"$68,001.00",71,NO
2020,T & C Hardware Inc,"4433 Kissena Blvd, Flushing, NY, 11355",4433 Kissena Blvd,Flushing,NY,11355,"$67,358.00",1,NO
2024,7-Eleven Store # 34655B,"9707 Queens Boulevard, Rego Park, NY, 11374",9707 Queens Boulevard,Rego Park,NY,11374,"$67,338.00",,NO
2022,Phantom Construction Corp.,"95-27 116th Street, Queens, NY, 11419",95-27 116th Street,Queens,NY,11419,"$66,693.00",,NO
2022,K & F Construction,"1664 Broadway, Brooklyn, NY, 11207",1664 Broadway,Brooklyn,NY,11207,"$66,484.00",3,NO
2020,"SoRipe, Inc. T/A Ripe","205 N. 7th Street, Brooklyn, NY, 11211",205 N. 7th Street,Brooklyn,NY,11211,"$65,690.00",9,NO
2021,18th Avenue Bakery,"6016 18th Ave, Brooklyn, NY, 11204",6016 18th Ave,Brooklyn,NY,11204,"$65,000.00",1,NO
2023,Ninas Pizzeria and Restaurant,"635 Meeker Avenue, Brooklyn, NY, 11222",635 Meeker Avenue,Brooklyn,NY,11222,"$65,000.00",2,NO
2021,Sona Chaandi Inc,"3714 74th St, Jackson Heights, NY, 11372",3714 74th St,Jackson Heights,NY,11372,"$65,000.00",2,NO
2020,Viand Cafe,"2130 Broadway, New York, NY, 10023",2130 Broadway,New York,NY,10023,"$64,774.00",1,NO
2020,762 Happy Laundromat Inc.,"762 Sheffield Avenue, Brooklyn, NY, 11207",762 Sheffield Avenue,Brooklyn,NY,11207,"$64,436.00",,NO
2023,Sazon Stizzy,"126 W. 238th St., Bronx, NY, 10463",126 W. 238th St.,Bronx,NY,10463,"$64,362.00",,NO
2022,Ace Cleaners,"15 Cliff Street, New York, NY, 10038",15 Cliff Street,New York,NY,10038,"$64,270.00",,NO
2023,Anyway Cafe,"2910 Coney Island Avenue, Brooklyn, NY, 11235",2910 Coney Island Avenue,Brooklyn,NY,11235,"$63,945.00",,NO
2021,Care Pro of Big Apple,"1712 Kings Highway, Brooklyn, NY, 11229",1712 Kings Highway,Brooklyn,NY,11229,"$63,725.00",,NO
2021,Premium Sweets and Restaurant,"37-14 73rd Street, Jackson Heights, NY, 11372",37-14 73rd Street,Jackson Heights,NY,11372,"$63,364.00",,NO
2023,Alba's Pizzeria & Restaurant,"137-65 Queens Boulevard, Briarwood, NY, 11435",137-65 Queens Boulevard,Briarwood,NY,11435,"$62,949.00",,NO
2021,Katz Realty Management,"P.O. Box 240, Brooklyn, NY, 11204",P.O. Box 240,Brooklyn,NY,11204,"$62,650.00",1,NO
2023,Crane Cooling,"2849 Fulton Street, Brooklyn, NY, 11207",2849 Fulton Street,Brooklyn,NY,11207,"$62,434.00",,NO
2020,Xincon Home Health Care,"224 W 35th Street, New York, NY, 10001",224 W 35th Street,New York,NY,10001,"$61,865.00",1,NO
2023,Ethyl's,"1629 2nd Avenue, New York, NY, 10028",1629 2nd Avenue,New York,NY,10028,"$61,769.00",,NO
2020,Delicias Colombianas,"3703 82nd St, Jackson Hts, NY, 11372",3703 82nd St,Jackson Heights,NY,11372,"$61,718.00",,NO
2023,Better Choice Home Care Inc,"7104 18th Avenue, Brooklyn, NY, 11204",7104 18th Avenue,Brooklyn,NY,11204,"$61,363.00",,NO
2022,Infinicare Inc,"90 Bowery, New York, NY, 10013",90 Bowery,New York,NY,10013,"$61,138.00",4,NO
2023,Benny's Kosher Pizza,"181-30 Union Turnpike, Fresh Meadows, NY, 11366",181-30 Union Turnpike,Fresh Meadows,NY,11366,"$60,268.00",,NO
2020,Magic Car Wash & Lube,"494 Bushwick Avenue, Brooklyn, NY, 11206",494 Bushwick Avenue,Brooklyn,NY,11206,"$60,253.00",,NO
2024,Hector Serrano,"460 Audubon Ave, New York, NY, 10040",460 Audubon Ave,New York,NY,10040,"$60,154.00",,NO
2023,Chocolate Fashion,"3527 Junction Blvd, Corona, NY, 11368",3527 Junction Blvd,Corona,NY,11368,"$60,000.00",1,NO
2024,F and D Live Poultry,"94-02 Liverpol Street, Queens, NY, 11435",94-02 Liverpol Street,Queens,NY,11435,"$59,713.00",,NO
2022,Northern Lights Mansion,"210 West 122nd Street, New York, NY, 10025",210 West 122nd Street,New York,NY,10025,"$59,575.00",1,NO
2022,Star Group / Star Hyundai LLC,"20116 Northern Blvd., Bayside, NY, 11361",20116 Northern Blvd.,Bayside,NY,11361,"$59,500.00",1,NO
2020,IQ Electrical Contracting Corp & Iliver Qadhimi & Dan..,"31 West 34th Street, New York, NY, 10001",31 West 34th Street,New York,NY,10001,"$59,478.00",9,NO
2021,New York Tire Central,"1240 Jerome Ave, Bronx, NY, 10452",1240 Jerome Ave,Bronx,NY,10452,"$59,015.00",1,NO
2020,Sabor Guatemalteco Inc,"El Sabor Gutemalteco, Corona, NY, 11368",El Sabor Gutemalteco,Corona,NY,11368,"$58,986.00",3,NO
2023,Inwood Farm,"600 218th Street, New York, NY, 10034",600 218th Street,New York,NY,10034,"$58,947.00",,NO
2022,Unique Furniture and Carpet,"1929 Westchester Avenue, Bronx, NY, 10462",1929 Westchester Avenue,Bronx,NY,10462,"$58,920.00",1,NO
2023,Anna Sui Design Studio LLC,"230 West 38th Street, New York, NY, 10018",230 West 38th Street,New York,NY,10018,"$58,673.00",,NO
2022,SR Homecare Agency,"15408 Northern Blvd, Flushing, NY, 11354",15408 Northern Blvd,Flushing,NY,11354,"$58,629.00",3,NO
2022,Lima Restaurant Corp,"8507 Northern Blvd, Jackson Heights, NY, 11372",8507 Northern Blvd,Jackson Heights,NY,11372,"$58,627.00",,NO
2023,AAA Wholesale Distributors Corp,"1152 Bronx River Ave., Bronx, NY, 10472",1152 Bronx River Ave.,Bronx,NY,10472,"$58,534.00",,NO
2023,Cosmic Insurance Brokerage,"4014 74th Street, Elmhurst, NY, 11373",4014 74th Street,Elmhurst,NY,11373,"$58,425.00",1,NO
2021,Taste of Bengal,"28-27 31st Street, Astoria, NY, 11102",28-27 31st Street,Astoria,NY,11102,"$58,417.00",,NO
2020,Rainbow Cleaners,"1735 Pitkin Ave, Brooklyn, NY, 11212",1735 Pitkin Ave,Brooklyn,NY,11212,"$58,145.00",1,NO
2023,Lander Market,"1430 Richmond Ave, Staten Island, NY, 10314",1430 Richmond Ave,Staten Island,NY,10314,"$57,843.00",,NO
2021,Namaste of Astoria,"3115 30th Ave, Astoria, NY, 11102",3115 30th Ave,Astoria,NY,11102,"$57,720.00",1,NO
2022,Growing Happy Daycare,"330 Wadsworth Avenue, New York, NY, 10040",330 Wadsworth Avenue,New York,NY,10040,"$57,574.00",,NO
2020,Theos Chicken Corp. & Harlem Chicken LLC T/A Chi..,"219 West 145th Street, New York, NY, 10039",219 West 145th Street,New York,NY,10039,"$55,759.00",,NO
2021,Japonica -Union Square,"90 University Place, New York, NY, 10003",90 University Place,New York,NY,10003,"$55,268.00",,NO
2020,Alliance Mechanical Group Inc,"3318 Delavall Ave., Bronx, NY, 10475",3318 Delavall Ave.,Bronx,NY,10475,"$55,253.00",3,NO
2020,Flor Azteca Deli and Grocery,"4812 104 Street, Corona, NY, 11368",4812 104 Street,Corona,NY,11368,"$55,000.00",1,NO
2023,Sour Mouse,"110 Delancey Street, New York, NY, 10002",110 Delancey Street,New York,NY,10002,"$55,000.00",2,NO
2023,Sky Materials Corp./Sky Structures Corp./Prime Mix ..,"470 Scott Avenue, Brooklyn, NY, 11222",470 Scott Avenue,Brooklyn,NY,11222,"$54,823.00",,NO
2021,Best Bites Restaurant and Bakery,"4601 Church Ave, Brooklyn, NY, 11203",4601 Church Ave,Brooklyn,NY,11203,"$53,917.00",,NO
2022,Africana Restaurant,"146-12 Liberty Avenue, Jamaica, NY, 11435",146-12 Liberty Avenue,Jamaica,NY,11435,"$53,678.00",,NO
2022,Anthonys Asbestos and Mold Removal,"1746 West 9th Street 2nd Floor, Brooklyn, NY, 11223",1746 West 9th Street 2nd Floor,Brooklyn,NY,11223,"$53,525.00",4,NO
2020,Morelia Mexican Rest. Inc t/a Made in Mexico,"3950 10th Avenue, New York, NY, 10034",3950 10th Avenue,New York,NY,10034,"$53,376.00",38,NO
2023,Alphonso's Pizzeria,"525 Grand Street, New York, NY, 10002",525 Grand Street,New York,NY,10002,"$52,964.00",3,NO
2023,Sapphire Center for Nursing and Rehab,"35-15 Parsons Blvd, Flushing, NY, 11354",35-15 Parsons Blvd,Flushing,NY,11354,"$52,348.00",8,NO
2023,Cafe Euroasia,"602 Brighton Beach Avenue, Brooklyn, NY, 11235",602 Brighton Beach Avenue,Brooklyn,NY,11235,"$52,062.00",,NO
2021,Broadway Fish Market,"48-18 Broadway, Astoria, NY, 11103",48-18 Broadway,Astoria,NY,11103,"$52,011.00",,NO
2023,Gory's Place LLC,"5458 Myrtle Avenue, Ridgewood, NY, 11385",5458 Myrtle Avenue,Ridgewood,NY,11385,"$51,602.00",,NO
2021,"NAI Cafe, Inc.","85 2nd Avenue, New York, NY, 10003",85 2nd Avenue,New York,NY,10003,"$51,576.00",1,NO
2023,Ampak,"8 Johnson Street, Staten Island, NY, 10309",8 Johnson Street,Staten Island,NY,10309,"$50,752.00",7,NO
2022,Surge Inc,"8269 251st St, Bellerose, NY, 11426",8269 251st St,Bellerose,NY,11426,"$50,342.00",,NO
2020,RCI Plumbing,"547 Midland Avenue, Staten Island, NY, 10306",547 Midland Avenue,Staten Island,NY,10306,"$50,318.00",,NO
2023,"La Ripaille, Corp. T/A La Ripaille Restaurant & Alain ..","605 Hudson Street, New York, NY, 10014",605 Hudson Street,New York,NY,10014,"$50,000.00",,NO
2020,Luz de America,"10430 Roosevelt Ave, Corona, NY, 11368",10430 Roosevelt Ave,Corona,NY,11368,"$50,000.00",2,NO
2023,New Ranchito Deli & Taqueria,"302 Morningstar Road, Staten Island, NY, 10303",302 Morningstar Road,Staten Island,NY,10303,"$50,000.00",2,NO
2020,NYC Clean Air Group,"154-05 12th Avenue Suite 2, Whitesttone, NY, 11357",154-05 12th Avenue Suite 2,Whitestone,NY,11357,"$49,945.00",,NO
2023,Elio Lester,"89-34 116th Street, Richmond Hill, NY, 11418",89-34 116th Street,Richmond Hill,NY,11418,"$49,688.00",,NO
2022,Simpson Restaurant and Bar,"673 Atlantic Avenue, Brooklyn, NY, 11217",673 Atlantic Avenue,Brooklyn,NY,11217,"$49,605.00",1,NO
2023,Bartolino's,"34-11 Broadway, Astoria, NY, 11106",34-11 Broadway,Astoria,NY,11106,"$49,470.00",,NO
2022,Gracious Home LLC,"1210 Third Avenue, New York, NY, 10021",1210 Third Avenue,New York,NY,10021,"$48,765.00",100,NO
2023,Higher School Instructional Services/Facts Education,"3611 14th Ave, Brooklyn, NY, 11218",3611 14th Ave,Brooklyn,NY,11218,"$48,748.00",,NO
2022,B & B Parts Distributors Inc,"1255 E 180th St, Bronx, NY, 10460",1255 E 180th St,Bronx,NY,10460,"$48,720.00",,NO
2020,Club Quarters Wall Street Company LLC,"52 William Street, New York, NY, 10005",52 William Street,New York,NY,10005,"$48,561.00",,NO
2024,KMB Deli,"88-21 31st Ave, East Elmhurst, NY, 11369 Lexington Avenue, New York, NY, 10017",88-21 31st Ave,East Elmhurst,NY,11369,"$48,366.00",,NO
2021,Circulo Espanol,"41-01 Broadway, Long Island City, NY, 11103",41-01 Broadway,Long Island City,NY,11103,"$48,256.00",,NO
2023,E N Home Improvement Finished Concrete,"2813 150th Street, Flushing, NY, 11354",2813 150th Street,Flushing,NY,11354,"$47,685.00",1,NO
2021,Golden City Food Service,"127-40 Willets Point Blvd, Flushing, NY, 11368",127-40 Willets Point Blvd,Flushing,NY,11368,"$47,290.00",,NO
2022,Cleaning Pros,"99 Hudson, New York, NY, 10013",99 Hudson,New York,NY,10013,"$47,264.00",21,NO
2022,Azad Mart,"2236 Forest Avenue, Staten Island, NY, 10303",2236 Forest Avenue,Staten Island,NY,10303,"$47,053.00",2,NO
2020,Mi Pueblo Deli,"180 Irving Avenue, Brooklyn, NY, 11237",180 Irving Avenue,Brooklyn,NY,11237,"$46,426.00",2,NO
2023,Cafe 28,"28 Throop Avenue, Brooklyn, NY, 11206",28 Throop Avenue,Brooklyn,NY,11206,"$46,368.00",,NO
2020,Atlantic Veal and Lamb,"275 Morgan Avenue, Brooklyn, NY, 11211",275 Morgan Avenue,Brooklyn,NY,11211,"$46,153.00",,NO
2023,Astoria Provisions,"1223 Astoria Blvd, Astoria, NY, 11102",1223 Astoria Blvd,Astoria,NY,11102,"$46,145.00",,NO
2022,NIKO K CONSTRUCTION CORP.,"45-67 196TH PLACE, FLUSHING, NY, 11358",45-67 196TH PLACE,FLUSHING,NY,11358,"$46,093.00",,NO
2023,Ceprine Scaffolding Services,"41-08 Berrian Boulevard, Astoria, NY, 11105",41-08 Berrian Boulevard,Astoria,NY,11105,"$45,933.00",,NO
2021,"A&J Contractors Co., Inc","1635 Weirfield St, Brooklyn, NY, 11385",1635 Weirfield St,Brooklyn,NY,11385,"$45,816.00",5,NO
2021,"A&J Contractors Co., Inc","1635 Weirfield St, Brooklyn, NY, 11385",1635 Weirfield St,Brooklyn,NY,11385,"$45,816.00",5,NO
2020,Vitelios Marketplace,"71-76 Yellowstone Blvd, Forest Hills, NY, 11375",71-76 Yellowstone Blvd,Forest Hills,NY,11375,"$45,245.00",,NO
2023,Sunsweet Fashion Inc,"5900 Decatur Street, Ridgewood, NY, 11385",5900 Decatur Street,Ridgewood,NY,11385,"$44,993.00",,YES
2022,Brick Lane Curry House,"79 Second Avenue, New York, NY, 10003",79 Second Avenue,New York,NY,10003,"$44,750.00",1,NO
2023,Cell Nation of 77 Inc,"Roosevelt Avenue, Jackson Heights, NY, 11372",Roosevelt Avenue,Jackson Heights,NY,11372,"$44,361.00",,NO
2023,Kennedy's Chicken & Burgers,"2537 Webster Avenue, Bronx, NY, 10458",2537 Webster Avenue,Bronx,NY,10458,"$44,201.00",,NO
2020,Cooperativa Del Taxista De NY Corp,"281 E. Kingsbridge Road, Bronx, NY, 10458",281 E. Kingsbridge Road,Bronx,NY,10458,"$43,329.00",2,NO
2023,BLC Catering,"321 West 37th Street, New York, NY, 10018",321 West 37th Street,New York,NY,10018,"$43,291.00",,NO
2020,El Maguey Restaurant,"83-28 Northern Blvd, Elmhurst, NY, 11373",83-28 Northern Blvd,Elmhurst,NY,11373,"$42,750.00",1,NO
2020,International Wings Factory LLC & Deepak Ballaney,"1762 1st Avenue, New York, NY, 10128",1762 1st Avenue,New York,NY,10128,"$42,552.00",1,NO
2020,Mexicocina,"503 Jackson Ave., Bronx, NY, 10455",503 Jackson Ave.,Bronx,NY,10455,"$42,510.00",2,NO
2022,Foundation for the Elderly,"145 8th Street, Far Rockaway, NY, 11691",145 8th Street,Far Rockaway,NY,11691,"$42,500.00",3,NO
2021,Sam Razi and Aisha Sari,"232 Bradford, Staten Island, NY, 10309",232 Bradford,Staten Island,NY,10309,"$42,350.00",2,NO
2024,Two Hands,"251 Church Street, New York, NY, 10013",251 Church Street,New York,NY,10013,"$42,043.00",,NO
2021,5 Eleven Deli,"220 Port RIchmond Avenue, Staten Island, NY, 10302",220 Port RIchmond Avenue,Staten Island,NY,10302,"$41,896.00",1,NO
2022,Silvercup Scaffolding,"3-50 Beach Channel Drive, Queens, NY, 11692",3-50 Beach Channel Drive,Queens,NY,11692,"$41,312.00",70,NO
2023,Zaytoons,"594 Vanderbilt Avenue, Brooklyn, NY, 11238",594 Vanderbilt Avenue,Brooklyn,NY,11238,"$41,253.00",,NO
2020,Smile Fish Market,"1444 Nostrand Ave, Brooklyn, NY, 11226",1444 Nostrand Ave,Brooklyn,NY,11226,"$41,000.00",1,NO
2022,Queens Valley Pharmacy & Supermarket,"170-25 Hillside Avenue, Jamaica, NY, 11432",170-25 Hillside Avenue,Jamaica,NY,11432,"$40,689.00",,NO
2020,Brooklyn NY Group Family Day Care,"175 Herzl Street 1st Floor, Brooklyn, NY, 11212",175 Herzl Street 1st Floor,Brooklyn,NY,11212,"$40,630.00",,NO
2020,Famous Gourmet and Grill,"772 Hunts Point Ave., Bronx, NY, 10474",772 Hunts Point Ave.,Bronx,NY,10474,"$40,567.00",3,NO
2022,Andrea Ancion,"673 Rockaway Pkwy, Brooklyn, NY, 11236",673 Rockaway Pkwy,Brooklyn,NY,11236,"$40,471.00",2,NO
2020,Pisillo Italian Panini,"97 Nassau St, New York, NY, 10038",97 Nassau St,New York,NY,10038,"$40,425.00",1,NO
2024,Natty Garden Inc,"636 Washington Avenue, Brooklyn, NY, 11238",636 Washington Avenue,Brooklyn,NY,11238,"$40,310.00",,NO
2023,Quick Wash Super Laundromat,"3855 Boston Rd., Bronx, NY, 10466",3855 Boston Rd.,Bronx,NY,10466,"$40,027.00",4,NO
2022,Addus HomeCare,"115 West 30th Street, New York, NY, 10001",115 West 30th Street,New York,NY,10001,"$40,000.00",4,NO
2020,Angelo's Pizza & Deli,"32-19 Greenpoint Avenue, Long Island CIty, NY, 11101",32-19 Greenpoint Avenue,Long Island CIty,NY,11101,"$40,000.00",,NO
2020,Delicias Hispanas Deli Corp,"146-01 34th Avenue, Flushing, NY, 11354",146-01 34th Avenue,Flushing,NY,11354,"$40,000.00",1,NO
2020,Delorean Inc,"3424 East Tremont Ave, Bronx, NY, 10465",3424 East Tremont Ave,Bronx,NY,10465,"$40,000.00",1,NO
2022,Food Universe Marketplace,"184 W 231st St, Bronx, NY, 10463",184 W 231st St,Bronx,NY,10463,"$40,000.00",2,NO
2020,Grand Sabrosura Restaurant,"1200 Westchester Avenue, Bronx, NY, 10462",1200 Westchester Avenue,Bronx,NY,10462,"$40,000.00",1,NO
2021,Myriam Katz and Martin Katz,"1959 E 24th St, Brooklyn, NY, 11229",1959 E 24th St,Brooklyn,NY,11229,"$40,000.00",2,NO
2020,Allied Universal Security Services,"229 West 36th Street, New York, NY, 10018",229 West 36th Street,New York,NY,10018,"$39,848.00",1,NO
2021,David's Deals Store,"16 East 40th St., New York, NY, 10016",16 East 40th St.,New York,NY,10016,"$39,709.00",7,NO
2023,The Laundry Room,"37-01 28th Ave., Astoria, NY, 11103",37-01 28th Ave.,Astoria,NY,11103,"$39,363.00",,NO
2023,Quality Carpet One Floor and Home,"1416 38th Street, Brooklyn, NY, 11218",1416 38th Street,Brooklyn,NY,11218,"$39,291.00",,NO
2020,Enact,"630 Ninth Ave, New York, NY, 10036",630 Ninth Ave,New York,NY,10036,"$38,652.00",22,NO
2020,Carey Limousine,"24-61 47th Street, Astoria, NY, 11101",24-61 47th Street,Astoria,NY,11101,"$38,190.00",,NO
2021,Rosie Cohen and Alan Cohen,"2124 East 9th Street #2, Brooklyn, NY, 11223",2124 East 9th Street #2,Brooklyn,NY,11223,"$38,162.00",2,NO
2022,B&H Health Care Services Inc,"175 South 9th Street, Brooklyn, NY, 11211",175 South 9th Street,Brooklyn,NY,11211,"$38,152.00",3,NO
2020,Blaggards Pub,"8 West 38th Street, New York, NY, 10018",8 West 38th Street,New York,NY,10018,"$37,573.00",18,NO
2024,Secure Roofing Inc.,"173 Woodpoint Road, Brooklyn, NY, 11211",173 Woodpoint Road,Brooklyn,NY,11211,"$37,545.00",,NO
2023,ABC NINOS INC.,"112-08 37th Avenue, Corona, NY, 11368",112-08 37th Avenue,Corona,NY,11368,"$37,511.00",,NO
2022,Piccolo Sogno Pizzeria Trattoria,"195-14 47th Avenue, Flushing, NY, 11358",195-14 47th Avenue,Flushing,NY,11358,"$37,360.00",,NO
2024,Carrey Trading LLC,"5201 Flushing Ave, Maspeth, NY, 11378",5201 Flushing Ave,Maspeth,NY,11378,"$37,238.00",,NO
2020,Sweet Bakery,"117-02 Jamaica Avenue, Richmond Hill, NY, 11418",117-02 Jamaica Avenue,Richmond Hill,NY,11418,"$37,218.00",4,NO
2022,Norma Jimenez,"24-06 87th Street, East Elmhurst, NY, 11369 Lexington Avenue, New York, NY, 10017",24-06 87th Street,East Elmhurst,NY,11369,"$37,000.00",2,NO
2020,Just for Fen,"229 1st Ave., New York, NY, 10003",229 1st Ave.,New York,NY,10003,"$36,978.00",1,NO
2020,"Brick Lane Curry House, NYC","79 Second Ave, New York, NY, 10003",79 Second Ave,New York,NY,10003,"$36,875.00",1,NO
2021,G.D Business Inc.,"1539 Pitkin Avenue, Brooklyn, NY, 11212",1539 Pitkin Avenue,Brooklyn,NY,11212,"$36,840.00",1,NO
2021,CIty Wav Corp,"2483 Coney Island Ave, Brooklyn, NY, 11223",2483 Coney Island Ave,Brooklyn,NY,11223,"$36,613.00",3,NO
2022,American International Services,"101 Tyrellan Ave, Staten Island, NY, 10309",101 Tyrellan Ave,Staten Island,NY,10309,"$36,575.00",1,NO
2020,613 NY Inc,"12419 Metropolitan Avenue, Kew Garden, NY, 11415",12419 Metropolitan Avenue,Kew Gardens,NY,11415,"$36,433.00",1,NO
2021,381 Broadway Realty Corp,"381 Broadway, New York, NY, 10002",381 Broadway,New York,NY,10002,"$36,231.00",1,NO
2021,Catskill Bagel Company,"1416 Cortelyou Road, Brooklyn, NY, 11226",1416 Cortelyou Road,Brooklyn,NY,11226,"$35,950.00",,NO
2021,C & T Cuisine LLC,"5016 Avenue D, Brooklyn, NY, 11203",5016 Avenue D,Brooklyn,NY,11203,"$35,833.00",1,NO
2021,La Mitad Del Mundo Bar Restaurant,"104-10 Roosevelt Avenue, Corona, NY, 11368",104-10 Roosevelt Avenue,Corona,NY,11368,"$35,744.00",,NO
2023,Associated Fresh Market Place,"70-63 Parsons Blvd, Flushing, NY, 11365",70-63 Parsons Blvd,Flushing,NY,11365,"$35,680.00",,NO
2023,Maite,"159 Central Avenue, Brooklyn, NY, 11221",159 Central Avenue,Brooklyn,NY,11221,"$35,650.00",,NO
2021,"Burton Packaging Company, Inc.","5201 Flushing Avenue, Maspeth, NY, 11378",5201 Flushing Avenue,Maspeth,NY,11378,"$35,454.00",,NO
2020,Island Grocery International Spice Market/Spice Rac..,"1791 Victory Blvd, Staten Island, NY, 10314",1791 Victory Blvd,Staten Island,NY,10314,"$35,366.00",2,NO
2020,Zen Restoration Inc.,"273 Russel St, Brooklyn, NY, 11222",273 Russel St,Brooklyn,NY,11222,"$35,360.00",1,NO
2023,Maurice Tempelsman,"1155 Park Ave, New York, NY, 10028",1155 Park Ave,New York,NY,10028,"$35,000.00",1,NO
2020,Metis Renovations Inc,"349 Fifth Avenue, New York, NY, 10016",349 Fifth Avenue,New York,NY,10016,"$35,000.00",3,NO
2021,192 Restaurant and Bar,"192-02 Northern Blvd, Flusing, NY, 11358",192-02 Northern Blvd,Flushing,NY,11358,"$34,524.00",1,NO
2023,Kira Faiman and Jonathan Faiman,"150 E 65th Street, New York, NY, 10065",150 E 65th Street,New York,NY,10065,"$34,500.00",,NO
2020,Con Sabor A Mexico,"Con Sabor A Mexico, New York, NY, 10033",Con Sabor A Mexico,New York,NY,10033,"$34,311.00",,NO
2022,Last Stop Gourmet Shop,"222 Beach 116th Street, Far Rockaway, NY, 11694",222 Beach 116th Street,Far Rockaway,NY,11694,"$34,255.00",,NO
2021,SECURITAS SECURITY SERVICES,"1412 Broadway 17 FL, New York, NY, 10018",1412 Broadway 17 FL,New York,NY,10018,"$34,162.00",,NO
2021,King Meat Markets Corp,"605 Brighton Beach Ave, Brooklyn, NY, 11235",605 Brighton Beach Ave,Brooklyn,NY,11235,"$33,792.00",1,NO
2020,Ipanema Restaurant,"43 West 46th Street, New York, NY, 10036",43 West 46th Street,New York,NY,10036,"$33,741.00",28,NO
2024,Ari Farkas,"5414 New Utrecht Avenue, Brooklyn, NY, 11219",5414 New Utrecht Avenue,Brooklyn,NY,11219,"$33,700.00",,NO
2024,Star Fruit Market,"4401 Utrecht Avenue, Brooklyn, NY, 11219",4401 Utrecht Avenue,Brooklyn,NY,11219,"$33,600.00",,NO
2023,Jimmy G Construction Corp.,"4219 Gleane Street, Elmhurst, NY, 11373",4219 Gleane Street,Elmhurst,NY,11373,"$33,376.00",1,NO
2023,Centers Plan for Healthy Living,"75 Vanderbilt Avenue, Staten Island, NY, 10304",75 Vanderbilt Avenue,Staten Island,NY,10304,"$33,072.00",,NO
2021,Emilie Hedaya,"704 Avenue I, Brooklyn, NY, 11230",704 Avenue I,Brooklyn,NY,11230,"$33,039.00",1,NO
2020,"Stanco Electrical Contractors, Inc.","370 Albourne Ave., Staten Island, NY, 10309",370 Albourne Ave.,Staten Island,NY,10309,"$32,924.00",1,NO
2023,Rainbow Radio Dispatch,"1304 Utica Ave, Brooklyn, NY, 11203",1304 Utica Ave,Brooklyn,NY,11203,"$32,907.00",1,NO
2020,The Growing Studio Inc,"344 W 38th Street, New York, NY, 10018",344 W 38th Street,New York,NY,10018,"$32,468.00",,NO
2020,Ingapirca General Contracting,"103-18 35th Avenue, Corona, NY, 11368",103-18 35th Avenue,Corona,NY,11368,"$32,458.00",,NO
2020,EJ & S Contracting Corp.,"901 New Kirk Ave, Brooklyn, NY, 11230",901 New Kirk Ave,Brooklyn,NY,11230,"$32,450.00",2,NO
2022,Handybook Inc 2,"134 W. 29th Street, New York, NY, 10001",134 W. 29th Street,New York,NY,10001,"$32,381.00",237,NO
2023,Sky Land Tempering Glass Corp,"45-22 Vernon Boulevard, Long Island City, NY, 11101",45-22 Vernon Boulevard,Long Island City,NY,11101,"$32,329.00",,NO
2022,Handybook Inc 4,"134 W. 29th Street, New York, NY, 10001",134 W. 29th Street,New York,NY,10001,"$32,297.00",237,NO
2022,Handybook Inc 8,"134 W. 29th Street, New York, NY, 10001",134 W. 29th Street,New York,NY,10001,"$32,161.00",236,NO
2022,Handybook Inc 7,"134 W. 29th Street, New York, NY, 10001",134 W. 29th Street,New York,NY,10001,"$32,032.00",237,NO
2022,Macareno Central,"6810 4th Avenue, Brooklyn, NY, 11220",6810 4th Avenue,Brooklyn,NY,11220,"$32,000.00",4,NO
2022,Handybook Inc 6,"134 W. 29th Street, New York, NY, 10001",134 W. 29th Street,New York,NY,10001,"$31,911.00",237,NO
2023,8797 Realty Co,"100A Broadway, Brooklyn, NY, 11249",100A Broadway,Brooklyn,NY,11249,"$31,900.00",1,NO
2020,Sanitation Salvage Corp,"421 Manida Street, Bronx, NY, 10474",421 Manida Street,Bronx,NY,10474,"$31,796.00",,NO
2024,KSK Construction Group LLC,"160 Dikeman Street, 2nd Floor, Brooklyn, NY, 11231",160 Dikeman Street  2nd Floor,Brooklyn,NY,11231,"$31,740.00",,NO
2022,Handybook Inc 9,"134 W. 29th Street, New York, NY, 10001",134 W. 29th Street,New York,NY,10001,"$31,491.00",236,NO
2023,M Lounge Restaurant,"2362 Jerome Ave., Bronx, NY, 10468",2362 Jerome Ave.,Bronx,NY,10468,"$31,392.00",1,NO
2024,Sajid Ali -N100 Abir Place,"157 East 115th St, New York, NY, 10029",157 East 115th St,New York,NY,10029,"$31,240.00",,NO
2022,Handybook Inc 3,"134 W. 29th Street, New York, NY, 10001",134 W. 29th Street,New York,NY,10001,"$31,216.00",237,NO
2022,Richards Diner Inc,"9606 Ave L, Brooklyn, NY, 11236",9606 Ave L,Brooklyn,NY,11236,"$31,028.00",,NO
2022,Handybook Inc 10,"134 W. 29th Street, New York, NY, 10001",134 W. 29th Street,New York,NY,10001,"$30,914.00",237,NO
2020,Singh Hardwood,"50-01 Rockaway Beach Blvd., Far Rockaway, NY, 11691",50-01 Rockaway Beach Blvd.,Far Rockaway,NY,11691,"$30,869.00",,NO
2023,Astor & Stone Inc,"515 E. 14th Street, New York, NY, 10009",515 E. 14th Street,New York,NY,10009,"$30,838.00",,NO
2020,Beach Channel Gas & Grocery Inc.,"3801 Beach Channel Dr, Far Rockaway, NY, 11691",3801 Beach Channel Dr,Far Rockaway,NY,11691,"$30,771.00",1,NO
2022,Handybook Inc 5,"134 W. 29th Street, New York, NY, 10001",134 W. 29th Street,New York,NY,10001,"$30,232.00",237,NO
2022,Baci Ristorante,"8424 3rd Avenue, Brooklyn, NY, 11209",8424 3rd Avenue,Brooklyn,NY,11209,"$30,059.00",1,NO
2020,Citic Intl USA Travel Inc,"13633 37th Ave, Flushing, NY, 11354",13633 37th Ave,Flushing,NY,11354,"$30,000.00",3,NO
2021,Start Shoe Repair,"74 Bleecker St, New York, NY, 10012",74 Bleecker St,New York,NY,10012,"$30,000.00",1,NO
2022,Elate Moving LLC,"193 6th Street, Brooklyn, NY, 11215",193 6th Street,Brooklyn,NY,11215,"$29,924.00",1,NO
2023,Hand in Hand Home Care Agency,"4200 White Plains Rd, Bronx, NY, 10466",4200 White Plains Rd,Bronx,NY,10466,"$29,818.00",1,NO
2020,El Castillo De Madison,"207 Madison Street, New York, NY, 10002",207 Madison Street,New York,NY,10002,"$29,776.00",3,NO
2022,Magnetic Construction Management Corp.,"31-41 73rd Street, Jackson Heights, NY, 11370",31-41 73rd Street,Jackson Heights,NY,11370,"$29,760.00",7,NO
2021,Creative Renovations LLC,"214-42 Hillside Ave, Queens Village, NY, 11427",214-42 Hillside Ave,Queens Village,NY,11427,"$29,512.00",2,NO
2024,XC Construction Group Corp,"438 Harman Street, Brooklyn, NY, 11237",438 Harman Street,Brooklyn,NY,11237,"$29,350.00",,NO
2023,Your Style Nail Salon,"48 Wyckoff Avenue, Brookyn, NY, 11237",48 Wyckoff Avenue,Brooklyn,NY,11237,"$29,326.00",2,NO
2022,Now and Then NYC,"290 Meserole Street, Brooklyn, NY, 11206",290 Meserole Street,Brooklyn,NY,11206,"$29,295.00",,NO
2022,Handybook Inc 11,"134 W. 29th Street, New York, NY, 10001",134 W. 29th Street,New York,NY,10001,"$29,271.00",237,NO
2023,Beigle's Bakery,"5700 Ave D, Brooklyn, NY, 11206",5700 Ave D,Brooklyn,NY,11206,"$28,988.00",,NO
2022,Chek Out Inc.,"214 West 29th Street, New York, NY, 10001",214 West 29th Street,New York,NY,10001,"$28,627.00",2,NO
2020,581 R & V Food,"581 West 207th Street, New York, NY, 10034",581 West 207th Street,New York,NY,10034,"$28,507.00",1,NO
2023,Adirondacks Protection Services LLC,"416 Vermont Street, Brooklyn, NY, 11207",416 Vermont Street,Brooklyn,NY,11207,"$28,491.00",1,NO
2023,Family Flowers,"102-18 37th Avenue, Corona, NY, 11368",102-18 37th Avenue,Corona,NY,11368,"$28,460.00",,NO
2023,La Roja De Todos Queens Y Valparaiso Eterno,"6059 Flushing Ave., Queens, NY, 11372",6059 Flushing Ave.,Queens,NY,11372,"$28,330.00",,NO
2021,Los Balbuena Restaurant,"2376 Ryer Avenue, Bronx, NY, 10458",2376 Ryer Avenue,Bronx,NY,10458,"$28,329.00",1,NO
2021,Istanbul Bay Restaurant,"2202 86 St, Brooklyn, NY, 11214",2202 86 St,Brooklyn,NY,11214,"$28,000.00",1,NO
2022,Exquisite Windows,"90-48 202nd Street, Hollis, NY, 11423",90-48 202nd Street,Hollis,NY,11423,"$27,831.00",,NO
2023,Champion Deli and Grocery,"121 Atlantic Avenue, Brooklyn, NY, 11201",121 Atlantic Avenue,Brooklyn,NY,11201,"$27,590.00",1,NO
2023,CVS Store No 2557,"253 First Avenue, New York, NY, 10003",253 First Avenue,New York,NY,10003,"$27,450.00",,NO
2024,CVS Store No 10298,"241 West 57th St., New York, NY, 10019",241 West 57th St.,New York,NY,10019,"$27,399.00",,NO
2022,Vin Sur Vingt,"192 Seventh Ave, New York, NY, 10014",192 Seventh Ave,New York,NY,10014,"$27,313.00",1,NO
2023,NSEA LLC,"PO Box 192, Bronx, NY, 10470",PO Box 192,Bronx,NY,10470,"$27,199.00",,NO
2024,Moon Tower NY LLC,"1838 East 2nd Street, Brooklyn, NY, 11223",1838 East 2nd Street,Brooklyn,NY,11223,"$27,161.00",,NO
2021,Happy Laundromat,"762 Sheffield Avenue, Brooklyn, NY, 11207",762 Sheffield Avenue,Brooklyn,NY,11207,"$27,094.00",,NO
2020,PR Sazon Restaurante,"3285 Westchester Ave., Bronx, NY, 10461",3285 Westchester Ave.,Bronx,NY,10461,"$26,963.00",1,NO
2020,North Construction Corp,"33-32 89th Street, Queens, NY, 11372",33-32 89th Street,Queens,NY,11372,"$26,961.00",,NO
2023,W&X FASHION INC,"260 W 36TH ST RM 3B, NEW YORK, NY, 10018",260 W 36TH ST RM 3B,NEW YORK,NY,10018,"$26,959.00",,YES
2022,"BNV Home Care Services, Inc","96-60 Queens Blvd, Rego Park, NY, 11374",96-60 Queens Blvd,Rego Park,NY,11374,"$26,820.00",9,NO
2021,NY Foundation for Senior Citizens Inc,"11 Park Place, New York, NY, 10007",11 Park Place,New York,NY,10007,"$26,800.00",2,NO
2022,KA Investigation Security LLC,"1162 Bay Street, Staten Island, NY, 10305",1162 Bay Street,Staten Island,NY,10305,"$26,535.00",1,NO
2022,Alexander Barrett & Lindsay Barton Barrett,"459 Henry Street, Brooklyn, NY, 11231",459 Henry Street,Brooklyn,NY,11231,"$26,500.00",2,NO
2023,Jack and Grace Chalouh,"1553 East 16th Street, Brooklyn, NY, 11230",1553 East 16th Street,Brooklyn,NY,11230,"$26,500.00",1,NO
2024,Kinhin Productions Inc,"257 39th Street 7 Floor, New York, NY, 10018",257 39th Street 7 Floor,New York,NY,10018,"$26,343.00",,NO
2024,Elegant Unisex,"299 St Nicholas Ave, Queens, NY, 11385",299 St Nicholas Ave,Queens,NY,11385,"$26,306.00",,NO
2021,Madhu Grover,"455 East 51st Street, New York, NY, 10022",455 East 51st Street,New York,NY,10022,"$26,262.00",2,NO
2020,Golden Touch Auto Collision,"490 Ralph Ave, Brooklyn, NY, 11233",490 Ralph Ave,Brooklyn,NY,11233,"$26,220.00",1,NO
2020,Nuevo Tequilazo,"172-37 Hillside Ave, Jamaica, NY, 11432",172-37 Hillside Ave,Jamaica,NY,11432,"$26,220.00",2,NO
2023,Campania Coal-Fired Pizza,"1801 Hylan Boulevard, Staten Island, NY, 10305",1801 Hylan Boulevard,Staten Island,NY,10305,"$26,117.00",12,NO
2023,EZY Parking,"1981 Cedar Ave., Bronx, NY, 10453",1981 Cedar Ave.,Bronx,NY,10453,"$25,961.00",,NO
2021,Atlixco de las flores,"5811 5th Ave, Brooklyn, NY, 11220",5811 5th Ave,Brooklyn,NY,11220,"$25,791.00",1,NO
2021,JJA Contracting Inc,"3418 Gates Place, Bronx, NY, 10467",3418 Gates Place,Bronx,NY,10467,"$25,722.00",1,NO
2020,"El Maalem / Arabian Market, Inc","6815 5th Avenue, Brooklyn, NY, 11220",6815 5th Avenue,Brooklyn,NY,11220,"$25,675.00",2,NO
2021,R & J Builders INC,"6056 59th Avenue, Maspeth, NY, 11378",6056 59th Avenue,Maspeth,NY,11378,"$25,625.00",2,NO
2023,Nuevo Don Francisco Restaurant Corp & Freddy Litu..,"40-56 Junction Blvd, Corona, NY, 11368",40-56 Junction Blvd,Corona,NY,11368,"$25,570.00",,NO
2020,Aqel Sheetmetal,"2305 2nd Avenue, New York, NY, 10035",2305 2nd Avenue,New York,NY,10035,"$25,557.00",1,NO
2023,Star Builders Inc,"1300 Madison Avenue, New York, NY, 10128",1300 Madison Avenue,New York,NY,10128,"$25,411.00",,NO
2023,NY Demolition and Construction,"West Side Construction &, Brooklyn, NY, 11223",West Side Construction &,Brooklyn,NY,11223,"$25,405.00",1,NO
2024,CVS Store No 7576,"31-01 Ditmars Blvd., Astoria, NY, 11105",31-01 Ditmars Blvd.,Astoria,NY,11105,"$25,218.00",,NO
2024,Black Veterans For Social Justice,"665 Willoughby St, Brooklyn, NY, 11206",665 Willoughby St,Brooklyn,NY,11206,"$25,127.00",,NO
2021,Sunlight Development Group,"201 46th Street, Brooklyn, NY, 11220",201 46th Street,Brooklyn,NY,11220,"$25,120.00",13,NO
2021,How Convenient Mini Market,"72-05 Grand Avenue, Maspeth, NY, 11378",72-05 Grand Avenue,Maspeth,NY,11378,"$25,108.00",,NO
2020,Coleen Blakely C/O Matthew White,"16 W 16th Street, New York, NY, 10011",16 W 16th Street,New York,NY,10011,"$25,000.00",1,NO
2021,Don Poli Meat Market Corp,"3143 Fulton Street, Brooklyn, NY, 11208",3143 Fulton Street,Brooklyn,NY,11208,"$25,000.00",1,NO
2023,Laureen Moyal,"460 Manhattan Ave, Brooklyn, NY, 11222",460 Manhattan Ave,Brooklyn,NY,11222,"$25,000.00",2,NO
2021,Oleg Nashtatik,"2006 Avenue M, Brooklyn, NY, 11230",2006 Avenue M,Brooklyn,NY,11230,"$25,000.00",1,YES
2020,Village Pizza,"337 14th St, New York, NY, 10014",337 14th St,New York,NY,10014,"$25,000.00",1,NO
2020,White on White Cleaners,"68 White St, New York, NY, 10013",68 White St,New York,NY,10013,"$25,000.00",1,NO
2024,Rapawzel Dog Grooming,"208 E 82nd Street, New York, NY, 10028",208 E 82nd Street,New York,NY,10028,"$24,915.00",,NO
2020,Kitchen Republic Corporation,"60-38 76th Street, Queens, NY, 11379",60-38 76th Street,Queens,NY,11379,"$24,888.00",1,NO
2022,Soup & Gyro Inc.,"178 Church Street, New York, NY, 10013",178 Church Street,New York,NY,10013,"$24,835.00",1,NO
2021,"Young Adult Institute, Inc. T/A YAI Seeing Beyond Di..","220 E. 42nd Street, 8th Floor, New York, NY, 10017",220 E. 42nd Street  8th Floor,New York,NY,10017,"$24,812.00",,NO
2023,Stephanie Stein and Daniel Gluck,"212 Warren Street, New York, NY, 10282",212 Warren Street,New York,NY,10282,"$24,672.00",2,NO
2021,Rowe's Restaurant,"4122 Avenue D, Brooklyn, NY, 11203",4122 Avenue D,Brooklyn,NY,11203,"$24,664.00",1,NO
2024,Nueva Esperanza Deli,"1374 Sheridan Avenue, Bronx, NY, 10456",1374 Sheridan Avenue,Bronx,NY,10456,"$24,320.00",,NO
2023,Maria Alejandra Gonzalez Duarte Briseno and Agusti..,"521 East 14th St, New York, NY, 10009",521 East 14th St,New York,NY,10009,"$24,058.00",2,NO
2021,Stratt Construction and Flooring LLC,"812 E 227 Street, Bronx, NY, 10466",812 E 227 Street,Bronx,NY,10466,"$24,008.00",1,NO
2021,DJ Drugs,"3721 Riverdale Avenue, Bronx, NY, 10463",3721 Riverdale Avenue,Bronx,NY,10463,"$23,970.00",5,NO
2023,Samarkand Bazaar,"1007 Brighton Beach Avenue, Brooklyn, NY, 11235",1007 Brighton Beach Avenue,Brooklyn,NY,11235,"$23,950.00",,NO
2020,Felfla Cafe,"6906 3rd Avenue, Brooklyn, NY, 11209",6906 3rd Avenue,Brooklyn,NY,11209,"$23,829.00",1,NO
2021,"E Z Carpet Care, Inc","12812 Gotham Road, South Ozone Park, NY, 11420",12812 Gotham Road,South Ozone Park,NY,11420,"$23,626.00",6,NO
2022,Maria Disla Group Family Day Care,"809 East 6th Street, New York, NY, 10009",809 East 6th Street,New York,NY,10009,"$23,605.00",1,NO
2023,Link Homecare CDPAP,"103-15 101st Street, South Ozone Park, NY, 11417",103-15 101st Street,South Ozone Park,NY,11417,"$23,600.00",,NO
2022,"Staffing Solution Organization, LLC","28 LIBERTY STREET, New York, NY, 10005",28 LIBERTY STREET,New York,NY,10005,"$23,389.00",1,YES
2021,Moda,"79-11 37th Avenue, Jackson Heights, NY, 11372",79-11 37th Avenue,Jackson Heights,NY,11372,"$23,092.00",,NO
2023,Guirguis Obgyn Group,"464 77th Street, Brooklyn, NY, 11209",464 77th Street,Brooklyn,NY,11209,"$23,077.00",,NO
2020,Diamond Auto Repair,"3620 23rd St, Astoria, NY, 11106",3620 23rd St,Astoria,NY,11106,"$23,053.00",1,NO
2022,Brooklyn Elevator Inc,"246 Avenue U, Brooklyn, NY, 11223",246 Avenue U,Brooklyn,NY,11223,"$23,040.00",1,NO
2024,CVS Store No 7019,"150 East 42nd St, New York, NY, 10017",150 East 42nd St,New York,NY,10017,"$23,035.00",,NO
2020,Shoe Parlor,"851 7th Ave, New York, NY, 10019",851 7th Ave,New York,NY,10019,"$23,000.00",1,NO
2023,Right Start Development LLC,"104-50 102nd Street, Ozone Park, NY, 11417",104-50 102nd Street,Ozone Park,NY,11417,"$22,915.00",,NO
2020,Jamesons Pub,"421 Beach 129th, Rockaway Park, NY, 11694",421 Beach 129th,Rockaway Park,NY,11694,"$22,865.00",,NO
2021,Greenpoint Avenue Deli,"31-46 Greenpoint Avenue, Long Island City, NY, 11101",31-46 Greenpoint Avenue,Long Island City,NY,11101,"$22,641.00",5,NO
2023,Uncle Ted's Modern Chinese Cuisine,"38 E. 8th Street, New York, NY, 10003",38 E. 8th Street,New York,NY,10003,"$22,622.00",,NO
2023,Triangle Enterprise NYC Inc,"2343 Hylan Blvd, Staten Island, NY, 10306",2343 Hylan Blvd,Staten Island,NY,10306,"$22,613.00",1,NO
2021,Matthew Gavenjian and Elizabeth Gable,"431 East 20th St, New York, NY, 10010",431 East 20th St,New York,NY,10010,"$22,500.00",2,NO
2023,Agave Restaurant and Lounge Corp,"1973 Southern Blvd, Bronx, NY, 10460",1973 Southern Blvd,Bronx,NY,10460,"$22,440.00",,NO
2020,Mikes Caribbean Take Out,"624 Morris Ave, Bronx, NY, 10451",624 Morris Ave,Bronx,NY,10451,"$22,328.00",1,NO
2020,Diamond Dynamics,"800 5th Avenue, New York, NY, 10065",800 5th Avenue,New York,NY,10065,"$22,268.00",2,NO
2023,Jerk Conduit Restaurant,"144-43 Farmers Blvd., Jamaica, NY, 11434",144-43 Farmers Blvd.,Jamaica,NY,11434,"$22,127.00",,NO
2023,19th Avenue Deli and Grocery,"1880 86th Street, Brooklyn, NY, 11214",1880 86th Street,Brooklyn,NY,11214,"$22,080.00",,NO
2022,Caring Home Care,"105-05 Crossbay Blvd, Ozone Park, NY, 11417",105-05 Crossbay Blvd,Ozone Park,NY,11417,"$22,056.00",5,NO
2023,JKJ Corp. T/A Associated Supermarket,"13 West 100th Street, New York, NY, 10025",13 West 100th Street,New York,NY,10025,"$22,008.00",,NO
2020,Bravo Supermarket,"366 New Lots Avenue, Brooklyn, NY, 11207",366 New Lots Avenue,Brooklyn,NY,11207,"$21,840.00",,NO
2023,Joe Poulin and Jimena Poulin,"52 Lispenard Street, New York, NY, 10013",52 Lispenard Street,New York,NY,10013,"$21,811.00",2,NO
2020,Food Universe Inc,"1188 Flatbush Avenue, Brooklyn, NY, 11226",1188 Flatbush Avenue,Brooklyn,NY,11226,"$21,646.00",,NO
2020,Securitas Security Services USA Inc,"1412 Broadway, New York, NY, 10018",1412 Broadway,New York,NY,10018,"$21,643.00",1,NO
2021,Bella Blu Restaurant,"967 Lexington Avenue, New York, NY, 10021",967 Lexington Avenue,New York,NY,10021,"$21,600.00",17,NO
2020,Israel Santacruz,"430 E. 138th St., Bronx, NY, 10454",430 E. 138th St.,Bronx,NY,10454,"$21,569.00",8,NO
2024,Gopchang Story BBQ -Manhattan Branch,"312 5th Avenue, New York, NY, 10001",312 5th Avenue,New York,NY,10001,"$21,075.00",,NO
2023,CVS Store No 2445,"540 Amsterdam Avenue, New York, NY, 10024",540 Amsterdam Avenue,New York,NY,10024,"$21,052.00",,NO
2023,Serena Wah Inc dba Jean Claude II,"1343 2nd Avenue, New York, NY, 10021",1343 2nd Avenue,New York,NY,10021,"$21,045.00",,NO
2024,Mechanical Innovative Designs,"109-41 111th Street, South Ozone Park, NY, 11420",109-41 111th Street,South Ozone Park,NY,11420,"$21,016.00",,NO
2023,Wiretech Electric Corp,"1111 44th Drive, Long Island City, NY, 11101",1111 44th Drive,Long Island City,NY,11101,"$21,000.00",1,NO
2023,CVS Store No 144,"219-39 89th Avenue, Queens Village, NY, 11427",219-39 89th Avenue,Queens Village,NY,11427,"$20,979.00",,NO
2020,Reef Restaurant and Bar,"108-02 72nd Avenue, Forest Hills, NY, 11375",108-02 72nd Avenue,Forest Hills,NY,11375,"$20,862.00",,NO
2020,Js on the Bay,"1189 Bay St, Staten Island, NY, 10305",1189 Bay St,Staten Island,NY,10305,"$20,807.00",2,NO
2022,Attentive Home Care Agency,"3131 Coney Island Ave, Brooklyn, NY, 11235",3131 Coney Island Ave,Brooklyn,NY,11235,"$20,744.00",5,NO
2023,CVS Store No 6049,"1361 Hylan Boulevard, Staten Island, NY, 10305",1361 Hylan Boulevard,Staten Island,NY,10305,"$20,728.00",,NO
2020,Pepe Express Corp,"168-68 93rd Avene, Suite 4, Jamaica, NY, 11433",168-68 93rd Avene  Suite 4,Jamaica,NY,11433,"$20,690.00",,NO
2020,Sunshine Day Spa Inc,"120 Elizabeth Street, New York, NY, 10013",120 Elizabeth Street,New York,NY,10013,"$20,640.00",2,NO
2021,Bolivar Builders LLC,"450 West 14th Street, New York, NY, 10014",450 West 14th Street,New York,NY,10014,"$20,625.00",2,NO
2020,NY Brooklyn Bread,"8118 18th Avenue, Brooklyn, NY, 11214",8118 18th Avenue,Brooklyn,NY,11214,"$20,554.00",,NO
2020,Speci America,"801 Second Ave, New York, NY, 10017",801 Second Ave,New York,NY,10017,"$20,454.00",1,NO
2024,CVS Store No 3096,"3775 E. Tremont Ave, Bronx, NY, 10465",3775 E. Tremont Ave,Bronx,NY,10465,"$20,363.00",,NO
2022,Tapestry Management LLC T/A A Rahi,"60 Greenwich Avenue, New York, NY, 10011",60 Greenwich Avenue,New York,NY,10011,"$20,343.00",28,NO
2020,East Coast Envelope and Graphics,"5615 55th Drive, Maspeth, NY, 11378",5615 55th Drive,Maspeth,NY,11378,"$20,324.00",9,NO
2024,Glamspa and Beauty Lounge,"107-12 37th Ave, Corona, NY, 11368",107-12 37th Ave,Corona,NY,11368,"$20,319.00",,NO
2023,Antillana Super Food,"3900 Broadway at 163rd Street, New York, NY, 10032",3900 Broadway at 163rd Street,New York,NY,10032,"$20,312.00",,NO
2022,King C Iron Works,"270 Randolph Street, Brooklyn, NY, 11237",270 Randolph Street,Brooklyn,NY,11237,"$20,298.00",4,NO
2022,Avondale Care Group,"505 8th Avenue, New York, NY, 10018",505 8th Avenue,New York,NY,10018,"$20,280.00",2,NO
2022,Ramanju Properties LLC,"210 Kingsland Avenue, Brooklyn, NY, 11222",210 Kingsland Avenue,Brooklyn,NY,11222,"$20,217.00",1,NO
2023,Galicia Tapas LLC,"575 West 207th Street, New York, NY, 10034",575 West 207th Street,New York,NY,10034,"$20,168.00",,NO
2022,Avalanche Care Inc,"220-05 Jamaica Ave, Queens, NY, 11428",220-05 Jamaica Ave,Queens,NY,11428,"$20,102.00",2,NO
2024,Candy and Smoke Shop,"48 East Kingsbridge Road, Bronx, NY, 10468",48 East Kingsbridge Road,Bronx,NY,10468,"$20,090.00",,NO
2022,CCS & Cargo Inc,"33-28 11th St, Long Island City, NY, 11106",33-28 11th St,Long Island City,NY,11106,"$20,000.00",1,NO
2020,Dawn Elizabeth Mark & Sean Neal Blacher,"275 Union Street, Brooklyn, NY, 11231",275 Union Street,Brooklyn,NY,11231,"$20,000.00",2,NO
2023,Eidla Matusof and Yehuda Reich,"1301 President Street, Brooklyn, NY, 11203",1301 President Street,Brooklyn,NY,11203,"$20,000.00",2,NO
2021,Fountain House Inc,"425 West 47th Street, New York, NY, 10036",425 West 47th Street,New York,NY,10036,"$20,000.00",1,NO
2021,G&G Duct Cleaning,"25 03 Borden Ave, Long Island City, NY, 11101",25 03 Borden Ave,Long Island City,NY,11101,"$20,000.00",1,NO
2021,Good Food for Less,"412 East 83rd St, Brooklyn, NY, 11236",412 East 83rd St,Brooklyn,NY,11236,"$20,000.00",1,NO
2020,Karen Mann,"1365 York Ave, New York, NY, 10021",1365 York Ave,New York,NY,10021,"$20,000.00",1,NO
2021,Kari Posner & Adam Freiman,"255 East 74th St, New York, NY, 10453",255 East 74th St,New York,NY,10453,"$20,000.00",2,NO
2020,New University and GNG Gourmet Deli,"603 West 168 St, New York, NY, 10032",603 West 168 St,New York,NY,10032,"$20,000.00",1,NO
2020,One Stop Dry Clean and Laundry,"318 E 70th St, New York, NY, 10021",318 E 70th St,New York,NY,10021,"$20,000.00",1,NO
2023,Tammy Mosseri and Salomon Mosseri,"20-29 East 3 Street, Brooklyn, NY, 11223",20-29 East 3 Street,Brooklyn,NY,11223,"$20,000.00",1,NO
2021,YYR Repairs Inc,"1711 54th Street, Brooklyn, NY, 11204",1711 54th Street,Brooklyn,NY,11204,"$19,983.00",5,NO
2022,"1st Choice Home Care Service, Inc","8501 New Utrecht Ave, Brooklyn, NY, 11214",8501 New Utrecht Ave,Brooklyn,NY,11214,"$19,845.00",3,NO
2020,Alex G Autzoulatos Law Firm,"37-14 30th Street, Long Island City, NY, 11101",37-14 30th Street,Long Island City,NY,11101,"$19,800.00",1,NO
2020,M K X 99 Cents & Up Inc.,"738 E Tremont Avenue, Bronx, NY, 10457",738 E Tremont Avenue,Bronx,NY,10457,"$19,766.00",1,NO
2022,TA 72nd Realty,"3506 72nd Street, Jackson Heights, NY, 11372",3506 72nd Street,Jackson Heights,NY,11372,"$19,673.00",,NO
2023,Foster Market Food & More,"8802 Foster Avenue, Brooklyn, NY, 11236",8802 Foster Avenue,Brooklyn,NY,11236,"$19,620.00",,NO
2021,"Santa Cruz Serag Caregivers, Inc","40-36 58th Street, Woodside, NY, 11377",40-36 58th Street,Woodside,NY,11377,"$19,593.00",1,NO
2022,Cole NYC LLC,"42 West 33rd Street, New York, NY, 10001",42 West 33rd Street,New York,NY,10001,"$19,567.00",2,NO
2022,"CITY RESTORATION & MAINTENANCE, INC","646 Coney Island Ave, Brooklyn, NY, 11218",646 Coney Island Ave,Brooklyn,NY,11218,"$19,429.00",,NO
2023,C&T Homecare Services LLC,"175-61 Hillside Ave, Jamaica, NY, 11432",175-61 Hillside Ave,Jamaica,NY,11432,"$19,420.00",2,NO
2023,Christine Perez and Silvio Fabian Perez,"39-50 60 Street, Woodside, NY, 11377",39-50 60 Street,Woodside,NY,11377,"$19,389.00",,NO
2023,Peak Fire Protection LLC,"908A Albany Ave, Brooklyn, NY, 11203",908A Albany Ave,Brooklyn,NY,11203,"$19,320.00",,YES
2021,Zen General Construction,"273 Russell Street, Brooklyn, NY, 11222",273 Russell Street,Brooklyn,NY,11222,"$19,296.00",1,NO
2022,ProICT LLC / Sylhet Pharmacy LLC,"1571 42nd Street, Brooklyn, NY, 11219",1571 42nd Street,Brooklyn,NY,11219,"$19,194.00",9,NO
2021,Quality Inn Exclusive Hospitality LLC,"5305 Queen Blvd, Woodside, NY, 11377",5305 Queen Blvd,Woodside,NY,11377,"$19,133.00",1,NO
2023,Tangy Noodle LLC,"98 8th Avenue, New York, NY, 10011",98 8th Avenue,New York,NY,10011,"$19,059.00",,NO
2023,Blooms & Greens Inc.,"99-10 Northern Boulevard, Queens, NY, 11368",99-10 Northern Boulevard,Queens,NY,11368,"$19,043.00",,NO
2021,IHOP Flatlands,"110-00 Flatlands Avenue, Brooklyn, NY, 11207",110-00 Flatlands Avenue,Brooklyn,NY,11207,"$19,041.00",,NO
2023,Diana Zwirn DeMarco,"51 East 78th St, New York, NY, 10075",51 East 78th St,New York,NY,10075,"$19,000.00",,NO
2022,Riverside Market NYC Inc,"7 Bell Slip, Brooklyn, NY, 11222",7 Bell Slip,Brooklyn,NY,11222,"$18,839.00",,NO
2023,SR and AG Corp T/A Kingsway Pharmacy,"250 Kings Highway, Brooklyn, NY, 11223",250 Kings Highway,Brooklyn,NY,11223,"$18,791.00",1,NO
2022,Ambulnz,"35 West 35th St, New York, NY, 10001",35 West 35th St,New York,NY,10001,"$18,750.00",1,NO
2020,Dantom Construction,"6009 16th Avenue, Brooklyn, NY, 11204",6009 16th Avenue,Brooklyn,NY,11204,"$18,596.00",6,NO
2023,St. Anns Creative Learning Center,"1136 Castleton Ave, Staten Island, NY, 10310",1136 Castleton Ave,Staten Island,NY,10310,"$18,587.00",,NO
2020,5th Ave Kings Fruit & Vegetables,"6824 5th Avenue, Brooklyn, NY, 11220",6824 5th Avenue,Brooklyn,NY,11220,"$18,546.00",1,NO
2024,Golding & Associates PLLC,"299 Broadway, New York, NY, 10007",299 Broadway,New York,NY,10007,"$18,400.00",,NO
2022,Floral Home Care LLC,"2218 86th St, Brooklyn, NY, 11214",2218 86th St,Brooklyn,NY,11214,"$18,369.00",3,NO
2021,Fish Republic LLC T/A Savida,"139 Duane Street, New York, NY, 10013",139 Duane Street,New York,NY,10013,"$18,358.00",1,NO
2023,BFC Doors Inc,"Attn: Vitaliy Safronyuk, Brooklyn, NY, 11269",Attn: Vitaliy Safronyuk,Brooklyn,NY,11269,"$18,327.00",6,NO
2023,Primo Tire Shop,"92 St Nicholas Pl, New York, NY, 10032",92 St Nicholas Pl,New York,NY,10032,"$18,293.00",1,NO
2022,Dragon Home Care LLC,"677 56th St, Brooklyn, NY, 11220",677 56th St,Brooklyn,NY,11220,"$18,017.00",3,NO
2020,Voyager,"150 Thompson St, New York, NY, 10012",150 Thompson St,New York,NY,10012,"$18,000.00",1,NO
2022,Fermin P Gonzalez MD PC,"6615 Marathon Parkway, Dougleston, NY, 11382",6615 Marathon Parkway,Douglaston,NY,11382,"$17,900.00",1,NO
2020,PinkLash,"818 6th Ave, New York, NY, 10001",818 6th Ave,New York,NY,10001,"$17,894.00",1,NO
2023,CVS Store No 2975,"7960 Metropolitan Avenue, Middle Village, NY, 11379",7960 Metropolitan Avenue,Middle Village,NY,11379,"$17,827.00",,NO
2023,New Fordham Food Plaza 2 Corp,"2487 Creston Ave, Bronx, NY, 10468",2487 Creston Ave,Bronx,NY,10468,"$17,775.00",,NO
2023,QB Fish Market,"44-15 Queens Blvd, Sunnyside, NY, 11104",44-15 Queens Blvd,Sunnyside,NY,11104,"$17,767.00",,NO
2024,100st Wine and Liquor,"2648 Broadway, New York, NY, 10023",2648 Broadway,New York,NY,10023,"$17,760.00",,NO
2020,Hanny's Group Family Day Care,"1401 Grand Concourse, Bronx, NY, 10452",1401 Grand Concourse,Bronx,NY,10452,"$17,500.00",1,NO
2022,"Riverdale Electrical Services, Inc.","421 Bruckner Blvd, Bronx, NY, 10455",421 Bruckner Blvd,Bronx,NY,10455,"$17,437.00",,NO
2020,Spiff for Men,"750 3rd Avenue, New York, NY, 10017",750 3rd Avenue,New York,NY,10017,"$17,225.00",1,NO
2023,BHNN95 Central,"481 Wythe Avenue, Brooklyn, NY, 11249",481 Wythe Avenue,Brooklyn,NY,11249,"$17,140.00",1,NO
2023,Noi Due Carne Inc,"141 W. 69th Street, New York, NY, 10023",141 W. 69th Street,New York,NY,10023,"$17,070.00",,NO
2023,NY Staff Search,"7337 Austin Street, Forest Hills, NY, 11375",7337 Austin Street,Forest Hills,NY,11375,"$17,000.00",,NO
2021,Isaac Sekula,"1349 56th St, Brooklyn, NY, 11219",1349 56th St,Brooklyn,NY,11219,"$16,999.00",2,NO
2022,Mi Tierra Supermercado,"8102 Northern Boulevard, Jackson Heights, NY, 11372",8102 Northern Boulevard,Jackson Heights,NY,11372,"$16,640.00",,NO
2020,ANDR Services Group Inc,"2043 Ellis Avenue, Bronx, NY, 10462",2043 Ellis Avenue,Bronx,NY,10462,"$16,575.00",2,NO
2023,The Tax Advocate Group LLC,"75-16 Metropolitan Avenue, Middle Village, NY, 11379",75-16 Metropolitan Avenue,Middle Village,NY,11379,"$16,483.00",1,NO
2023,Phantom Construction Corp.,"95-27 116th Street, Queens, NY, 11419",95-27 116th Street,Queens,NY,11419,"$16,405.00",,NO
2021,Atlantic Gates & Iron Works Inc.,"2440 Atlantic Ave, Brooklyn, NY, 11233",2440 Atlantic Ave,Brooklyn,NY,11233,"$16,388.00",2,NO
2022,Bklyn Pizza Bushwick Co.,"Attn: Filippo Gallina AKA, Middle Village, NY, 11379",Attn: Filippo Gallina AKA,Middle Village,NY,11379,"$16,345.00",,NO
2024,CVS Store No 2498,"341 9th Street, Brooklyn, NY, 11215",341 9th Street,Brooklyn,NY,11215,"$16,332.00",,NO
2022,LAMD Medical Group and Multi Speciality,"6315 Roosevelt Ave, Woodside, NY, 11377",6315 Roosevelt Ave,Woodside,NY,11377,"$16,319.00",2,NO
2024,Seal Restoration LLC,"295 Madison Ave, New York, NY, 10017",295 Madison Ave,New York,NY,10017,"$16,240.00",,NO
2023,Electric Fixx Inc,"42 Ralph Avenue, Brooklyn, NY, 11221",42 Ralph Avenue,Brooklyn,NY,11221,"$16,211.00",1,NO
2023,Team Lopez Renovation,"60 Wyckoff Avenue, Brooklyn, NY, 11237",60 Wyckoff Avenue,Brooklyn,NY,11237,"$16,148.00",3,NO
2020,Besim Kelmendi,"3807 Greystone Avenue #1, Bronx, NY, 10463",3807 Greystone Avenue #1,Bronx,NY,10463,"$16,050.00",3,NO
2022,Nextop Apparel Inc.,"752 64th Street, Brooklyn, NY, 11220",752 64th Street,Brooklyn,NY,11220,"$15,984.00",16,NO
2021,Alphalogix Delivery,"1055 Bronx River Ave, Bronx, NY, 10472",1055 Bronx River Ave,Bronx,NY,10472,"$15,968.00",1,NO
2024,La Veserrita Cheese Inc,"1910 McDonald Ave, Brooklyn, NY, 11223",1910 McDonald Ave,Brooklyn,NY,11223,"$15,952.00",,NO
2020,Expedite Interiors Inc,"16015 46th Ave, Queens, NY, 11358",16015 46th Ave,Queens,NY,11358,"$15,885.00",1,NO
2020,Paraiso Mexican Restaurant Inc.,"158 Avenue U, Brooklyn, NY, 11223",158 Avenue U,Brooklyn,NY,11223,"$15,851.00",2,NO
2021,Bangla CD PAP Home Health Care,"72-26 Broadway, Jackson Heights, NY, 11372",72-26 Broadway,Jackson Heights,NY,11372,"$15,820.00",1,NO
2020,211 Iwona Corp,"211 Pinehurst Ave, New York, NY, 10033",211 Pinehurst Ave,New York,NY,10033,"$15,768.00",1,NO
2020,Damiche Storage Services Inc,"14110 Hoover Avenue, Briarwood, NY, 11435",14110 Hoover Avenue,Briarwood,NY,11435,"$15,738.00",3,NO
2024,La Chacra Restaurant,"1928 Bath Avenue, Brooklyn, NY, 11214",1928 Bath Avenue,Brooklyn,NY,11214,"$15,701.00",,NO
2023,A & J Contractors Co Inc,"1635 Weirfield Street, Ridgewood, NY, 11385",1635 Weirfield Street,Ridgewood,NY,11385,"$15,675.00",,NO
2021,Sunny Evergreen NY/ Sunny Evergreen Enterprises ..,"5919 37th Ave, Woodside, NY, 11377",5919 37th Ave,Woodside,NY,11377,"$15,675.00",2,NO
2023,Carlos A. Rodriguez Canela Inc.,"1230 Teller Ave., Bronx, NY, 10456",1230 Teller Ave.,Bronx,NY,10456,"$15,550.00",,YES
2022,Tennis Innovators,"524 West 59th Street, New York, NY, 10021",524 West 59th Street,New York,NY,10021,"$15,531.00",,NO
2022,"Personal Child Care Devolpment, Inc.","1158 45th Street, Brooklyn, NY, 11219",1158 45th Street,Brooklyn,NY,11219,"$15,460.00",1,NO
2023,MK Contracting Group Inc,"58-33 57th Drive, Maspeth, NY, 11378",58-33 57th Drive,Maspeth,NY,11378,"$15,457.00",1,NO
2020,Hot Potato Restaurant,"109 Oriental Blvd, Brooklyn, NY, 11235",109 Oriental Blvd,Brooklyn,NY,11235,"$15,399.00",,NO
2024,CVS Store No 542,"212-20 Northern Boulevard, Bayside, NY, 11361",212-20 Northern Boulevard,Bayside,NY,11361,"$15,266.00",,NO
2021,CITIC INTL USA Travel Inc,"13633 37th Ave, Suite 2A, Flushing, NY, 11354",13633 37th Ave  Suite 2A,Flushing,NY,11354,"$15,163.00",1,NO
2022,Come Prima,"903 Madison Avenue, New York City, NY, 10021",903 Madison Avenue,New York City,NY,10021,"$15,126.00",,NO
2020,Julie Goldberg,"6306 Liebig Ave, Bronx, NY, 10471",6306 Liebig Ave,Bronx,NY,10471,"$15,117.00",2,NO
2020,Emmelle Design Inc.,"265 W 37th Street, Rm # 8E, New York, NY, 10018",265 W 37th Street  Rm # 8E,New York,NY,10018,"$15,094.00",,NO
2022,GM Family Resources Inc,"1057 Olympia Blvd, Staten Island, NY, 10306",1057 Olympia Blvd,Staten Island,NY,10306,"$15,062.00",3,NO
2023,Queens Boulevard Coffee Inc,"4515 Queens Boulevard, Sunnyside, NY, 11104",4515 Queens Boulevard,Sunnyside,NY,11104,"$15,059.00",,NO
2021,MVG Auto Shipping,"2770 W. 33rd Street, Ste 420, Brooklyn, NY, 11224",2770 W. 33rd Street  Ste 420,Brooklyn,NY,11224,"$15,045.00",,NO
2023,419 Manhattan Ave LLC,"164A Driggs Ave, Brooklyn, NY, 11222",164A Driggs Ave,Brooklyn,NY,11222,"$15,000.00",,NO
2022,A to Z Heaven Market Inc.,"784 East 152nd St, Bronx, NY, 10455",784 East 152nd St,Bronx,NY,10455,"$15,000.00",1,NO
2021,Anette Blackman,"10 E 43rd Street, Brooklyn, NY, 11203",10 E 43rd Street,Brooklyn,NY,11203,"$15,000.00",2,NO
2022,Danny Grocery Inc,"601 Myrtle Ave, Brooklyn, NY, 11205",601 Myrtle Ave,Brooklyn,NY,11205,"$15,000.00",1,NO
2023,Joy Gourmet Foods,"48-80 Maspeth, Maspeth, NY, 11378",48-80 Maspeth,Maspeth,NY,11378,"$15,000.00",1,NO
2020,M G H Management LLC,"570 W 126th St, New York, NY, 10032",570 W 126th St,New York,NY,10032,"$15,000.00",2,NO
2021,Reality House Inc Veterans Community Residence,"8-13 Astoria Blvd, Astoria, NY, 11102",8-13 Astoria Blvd,Astoria,NY,11102,"$15,000.00",1,NO
2023,Saps Wholesale Inc,"452 Concord Ave, Bronx, NY, 10455",452 Concord Ave,Bronx,NY,10455,"$15,000.00",1,NO
2023,St. Patrick's Home/ Centers Care,"66 Van Cortland Park South, Bronx, NY, 10463",66 Van Cortland Park South,Bronx,NY,10463,"$15,000.00",,YES
2024,SK Group NYC Corp,"2143 E 15th St, Brooklyn, NY, 11229",2143 E 15th St,Brooklyn,NY,11229,"$14,876.00",,NO
2022,Linden Motor Inn,"714 South Conduit Blvd, Brooklyn, NY, 11208",714 South Conduit Blvd,Brooklyn,NY,11208,"$14,741.00",1,NO
2020,Gods Little Angels Day Care LLC,"194-22 Hollis Avenue, St Albans, NY, 11412",194-22 Hollis Avenue,St Albans,NY,11412,"$14,738.00",,NO
2024,Scorpio Five Star Car Service,"127-19 Rockaway Boluvard, South Ozone Park, NY, 11420",127-19 Rockaway Boluvard,South Ozone Park,NY,11420,"$14,734.00",,NO
2020,S &S Construction NY Corp,"2475 Gunther Ave., Bronx, NY, 10469",2475 Gunther Ave.,Bronx,NY,10469,"$14,712.00",3,NO
2024,Foodtown of Park Slope,"409 5th Ave, Brooklyn, NY, 11215",409 5th Ave,Brooklyn,NY,11215,"$14,653.00",,NO
2020,Kissena Smoke Shop,"70-72 Kissena Boulevard, Flushing, NY, 11367",70-72 Kissena Boulevard,Flushing,NY,11367,"$14,624.00",,NO
2022,Mister Cangrejo,"79-07 Roosevelt Avenue, Jackson Heights, NY, 11372",79-07 Roosevelt Avenue,Jackson Heights,NY,11372,"$14,593.00",,NO
2023,E & D Interiors LLC,"4903 Church Avenue, Brooklyn, NY, 11203",4903 Church Avenue,Brooklyn,NY,11203,"$14,588.00",2,NO
2023,Inspire Summits LLC,"488 Madison Ave, New York, NY, 10022",488 Madison Ave,New York,NY,10022,"$14,581.00",,NO
2021,K2NYC Services Corp,"145-63 Lakewood Avenue, Jamaica, NY, 11435",145-63 Lakewood Avenue,Jamaica,NY,11435,"$14,548.00",4,NO
2022,Manhattan Best Dental Care,"1623 3rd Ave 204, New York, NY, 10128",1623 3rd Ave 204,New York,NY,10128,"$14,490.00",2,NO
2024,CVS Store No 2057,"100-02 Queens Boulevard, Forest Hills, NY, 11375",100-02 Queens Boulevard,Forest Hills,NY,11375,"$14,453.00",,NO
2021,Cheeze Louiez Pizzeria,"791 Flushing Ave, New York, NY, 11206",791 Flushing Ave,New York,NY,11206,"$14,370.00",1,NO
2022,Baya Bar,"429 Court Street, Brooklyn, NY, 11231",429 Court Street,Brooklyn,NY,11231,"$14,345.00",,NO
2023,CVS Store No 2769,"4901 Kings Highway, Brooklyn, NY, 11234",4901 Kings Highway,Brooklyn,NY,11234,"$14,206.00",,NO
2023,CVS Store No 2144,"1396 Second Avenue, New York, NY, 10021",1396 Second Avenue,New York,NY,10021,"$14,088.00",,NO
2021,JZ Capital Group LLC,"3808 Union St, Flushing, NY, 11354",3808 Union St,Flushing,NY,11354,"$14,029.00",2,NO
2022,US Crane & Rigging,"1520 Decatur Street, Ridgewood, NY, 11385",1520 Decatur Street,Ridgewood,NY,11385,"$14,000.00",1,NO
2022,Sylhet Pharmacy,"8001 101st Avenue, Ozone Park, NY, 11416",8001 101st Avenue,Ozone Park,NY,11416,"$13,911.00",6,NO
2021,Health One Physical Therapy,"37-38 90th Street FL 1 or, Jackson Heights, NY, 11372",37-38 90th Street FL 1 or,Jackson Heights,NY,11372,"$13,892.00",,NO
2022,Clivy Mighty Seven Day Cuisine / Soul Cafe,"875 Rutland Road, Brooklyn, NY, 11203",875 Rutland Road,Brooklyn,NY,11203,"$13,780.00",,NO
2020,Bespoke Transportation,"590 Madison Ave, New York, NY, 10022",590 Madison Ave,New York,NY,10022,"$13,680.00",1,NO
2024,CVS Store No 10970,"305 East 86th St., New York, NY, 10028",305 East 86th St.,New York,NY,10028,"$13,640.00",,NO
2022,Astor and Stone SRL,"515 East 14th Street, New York, NY, 10009",515 East 14th Street,New York,NY,10009,"$13,604.00",1,NO
2024,Stush Restaurant NYC,"470 Driggs Avenue, Brooklyn, NY, 11211",470 Driggs Avenue,Brooklyn,NY,11211,"$13,567.00",,NO
2022,Black Ink Tattoo Gallery,"55 Malcolm X Blvd, New York, NY, 10026",55 Malcolm X Blvd,New York,NY,10026,"$13,554.00",1,NO
2024,CVS Store No 1113,"89-11 Northern Blvd., Jackson Heights, NY, 11372",89-11 Northern Blvd.,Jackson Heights,NY,11372,"$13,478.00",,NO
2021,Park East Cleaners,"31 East 30th Street, New York, NY, 10016",31 East 30th Street,New York,NY,10016,"$13,478.00",1,NO
2022,100 East 92 Street LLC,"100 E. 92nd Street, Brooklyn, NY, 11212",100 E. 92nd Street,Brooklyn,NY,11212,"$13,472.00",1,NO
2020,SaintsJoachim & Anne Nursing & Rehabilitation,"2720 Surf Ave, Brooklyn, NY, 11224",2720 Surf Ave,Brooklyn,NY,11224,"$13,442.00",1,NO
2020,Anne Alfonso,"63-22 70th St, Flushing, NY, 11379",63-22 70th St,Flushing,NY,11379,"$13,400.00",2,NO
2020,R & G Spring LLC T/A Piccola Cuccina,"196 Spring Street, 1st Floor, New York, NY, 10012",196 Spring Street  1st Floor,New York,NY,10012,"$13,255.00",,NO
2020,Bayside Landscaping and Design Corp,"42-42 77th St, Elmhurst, NY, 11373",42-42 77th St,Elmhurst,NY,11373,"$13,251.00",2,NO
2023,Embarque Gurabo,"638 Morris Park Ave., Bronx, NY, 10460",638 Morris Park Ave.,Bronx,NY,10460,"$13,212.00",,NO
2022,Lit Mode Electrical Contracting Inc.,"34-18 Northern Blvd., Long Island City, NY, 11101",34-18 Northern Blvd.,Long Island City,NY,11101,"$13,200.00",1,NO
2024,Yency Rodriguez,"56 Fort Washington Ave, New York, NY, 10032",56 Fort Washington Ave,New York,NY,10032,"$13,144.00",,NO
2020,L E Real Estate Development,"874 Hancock Street, Brooklyn, NY, 11233",874 Hancock Street,Brooklyn,NY,11233,"$13,110.00",5,NO
2022,KAAM Trading,"2869 Webster Ave, Bronx, NY, 10458",2869 Webster Ave,Bronx,NY,10458,"$13,103.00",1,NO
2022,Best Super Management Corp,"5014 16th Ave Suite 231, Brooklyn, NY, 11204",5014 16th Ave Suite 231,Brooklyn,NY,11204,"$13,053.00",1,NO
2024,Petal and Company Productions LLC,"909 3rd Avenue, New York, NY, 10150",909 3rd Avenue,New York,NY,10150,"$13,040.00",,NO
2021,Tiger Consulting,"3805 Broadway, Astoria, NY, 11103",3805 Broadway,Astoria,NY,11103,"$13,015.00",1,NO
2020,Jerry Rosenberg,"2523 N Avenue, Brooklyn, NY, 11210",2523 N Avenue,Brooklyn,NY,11210,"$13,000.00",1,NO
2023,Tacos San Jose Mexican Food Truck,"2501 86th Street, Brooklyn, NY, 11214",2501 86th Street,Brooklyn,NY,11214,"$12,995.00",,NO
2022,"TSBA Electric, LLC","3830 Woodside Ave, Long Island City, NY, 11104",3830 Woodside Ave,Long Island City,NY,11104,"$12,915.00",,NO
2021,S&J Construction Services NY LLC,"110-01 101st Avenue, South Richmond Hill, NY, 11419",110-01 101st Avenue,Richmond Hill,NY,11419,"$12,900.00",12,NO
2022,Palo Bar,"38-12 104th Street, Corona, NY, 11368",38-12 104th Street,Corona,NY,11368,"$12,890.00",,NO
2023,Fish With You,"135-25A 40th Road, Flushing, NY, 11354",135-25A 40th Road,Flushing,NY,11354,"$12,810.00",,NO
2022,Bamboo Tropical,"59-13 71st Avenue, Ridgewood, NY, 11385",59-13 71st Avenue,Ridgewood,NY,11385,"$12,804.00",,NO
2021,Cornerstone Cafe,"60-15 Woodside Avenue, Woodside, NY, 11377",60-15 Woodside Avenue,Woodside,NY,11377,"$12,732.00",,NO
2022,Cole NYC LLC,"101 West 23rd Street, New York, NY, 10011",101 West 23rd Street,New York,NY,10011,"$12,713.00",1,NO
2024,Big Wong Restaurant,"135B North 5th Street, Brooklyn, NY, 11249",135B North 5th Street,Brooklyn,NY,11249,"$12,636.00",,NO
2023,Food Universe Supermarket,"3942 White Plains Rd., Bronx, NY, 10466",3942 White Plains Rd.,Bronx,NY,10466,"$12,595.00",,NO
2023,Mathew Services Inc,"2190 79th Street, East Elmhurst, NY, 11370",2190 79th Street,East Elmhurst,NY,11370,"$12,555.00",,NO
2020,City Scrap Metal,"3410 Borden Avenue, Long Island City, NY, 11101",3410 Borden Avenue,Long Island City,NY,11101,"$12,515.00",1,NO
2021,White Glove Nursing Agency,"89 Bartlette Street, Brooklyn, NY, 11206",89 Bartlette Street,Brooklyn,NY,11206,"$12,506.00",2,NO
2021,Holesome Bagel,"333 Kingston Ave, Brooklyn, NY, 11213",333 Kingston Ave,Brooklyn,NY,11213,"$12,500.00",1,NO
2023,Amsterdam Marketplace LLC,"401 Amsterdam Avenue, New York, NY, 10024",401 Amsterdam Avenue,New York,NY,10024,"$12,487.00",,NO
2023,Behind the Walls,"1637 Mahan Avenue, Bronx, NY, 10461",1637 Mahan Avenue,Bronx,NY,10461,"$12,463.00",2,NO
2022,Our Laundry Cleaners Inc,"220 East 82nd St, New York, NY, 10028",220 East 82nd St,New York,NY,10028,"$12,420.00",1,NO
2020,Fulbrook Capital Management,"870 Fifth Avenue, New York, NY, 11514",870 Fifth Avenue,New York,NY,11514,"$12,255.00",1,NO
2022,American Red Cross of Greater New York,"520 W. 49th Street, New York, NY, 10019",520 W. 49th Street,New York,NY,10019,"$12,241.00",1,NO
2023,Queens Sports Lounge LLC,"84-14 Astoria Blvd., East Elmhurst, NY, 11370",84-14 Astoria Blvd.,East Elmhurst,NY,11370,"$12,235.00",,NO
2021,Morgan Division Inc,"105 W 27th St 4FL, New York, NY, 10001",105 W 27th St 4FL,New York,NY,10001,"$12,200.00",1,NO
2021,"Sottile Security International, Inc.","152 Stuyvesant Place Suite 203, Staten Island, NY, 10301",152 Stuyvesant Place Suite 203,Staten Island,NY,10301,"$12,093.00",4,NO
2023,"L2 Construction Inc and Thye Enterprise, Inc.","8906 43rd Ave, East Elmhurst, NY, 11373",8906 43rd Ave,East Elmhurst,NY,11373,"$12,060.00",1,NO
2023,Arriba Arriba Sunnyside,"40-15 Queens Blvd, Sunnyside, NY, 11104",40-15 Queens Blvd,Sunnyside,NY,11104,"$12,000.00",,NO
2021,Michael Delisser,"970 East 103rd Street, Brooklyn, NY, 11236",970 East 103rd Street,Brooklyn,NY,11236,"$12,000.00",1,NO
2023,Sol Sips,"276 Knickerbocker Ave, Brooklyn, NY, 11237",276 Knickerbocker Ave,Brooklyn,NY,11237,"$12,000.00",2,NO
2023,St Rosalia-Regina Pacis RC Church,"1230 65th, Brooklyn, NY, 11219",1230 65th,Brooklyn,NY,11219,"$12,000.00",1,NO
2021,Milton Leonardo Narvaez Gordillo,"10422 Corona Ave, Corona, NY, 11368",10422 Corona Ave,Corona,NY,11368,"$11,960.00",3,NO
2024,CVS Store No 7067,"1916 Williamsbridge Road, Bronx, NY, 10461",1916 Williamsbridge Road,Bronx,NY,10461,"$11,848.00",,NO
2020,"All-Boro Floor Service, Inc.","135E 233rd St, Bronx, NY, 10470",135E 233rd St,Bronx,NY,10470,"$11,815.00",1,NO
2020,Dashing Diva Nail Lounge,"753 Manhattan Avenue, Brooklyn, NY, 11222",753 Manhattan Avenue,Brooklyn,NY,11222,"$11,813.00",,NO
2022,Eva Home Care Agency,"104-70 Queens Blvd, Forest Hills, NY, 11375",104-70 Queens Blvd,Forest Hills,NY,11375,"$11,791.00",6,NO
2022,Rose Davis and Eugene Ribeiro,"25 E 126th St, New York, NY, 10035",25 E 126th St,New York,NY,10035,"$11,731.00",2,NO
2024,La Rubia Resturant Bar and Grill,"3864 Broadway, New York, NY, 10032",3864 Broadway,New York,NY,10032,"$11,625.00",,NO
2024,African Services Committee,"429 West 127th Street, New York, NY, 10027",429 West 127th Street,New York,NY,10027,"$11,619.00",,NO
2023,National Bakery,"767 Allerton Ave., Bronx, NY, 10467",767 Allerton Ave.,Bronx,NY,10467,"$11,610.00",,NO
2023,D&R Auto Repair,"3086 Fulton St, Brooklyn, NY, 11208",3086 Fulton St,Brooklyn,NY,11208,"$11,541.00",1,NO
2022,AM Property Holding Corp LLC,"352 7th Avenue, New York, NY, 10001",352 7th Avenue,New York,NY,10001,"$11,539.00",1,NO
2022,Cavan Electric Coporation,"48-08 70th Street, Woodside, NY, 11377",48-08 70th Street,Woodside,NY,11377,"$11,500.00",2,NO
2020,Tasty Caribbean,"856 Utica Ave, Brooklyn, NY, 11203",856 Utica Ave,Brooklyn,NY,11203,"$11,489.00",5,NO
2022,Pollos Mario,"63-20 woodhaven Boulevard, Middle Village, NY, 11374",63-20 woodhaven Boulevard,Middle Village,NY,11374,"$11,421.00",,NO
2023,VST Exclusive Spa Salon,"1780 Sheepshead Bay, Brooklyn, NY, 11235",1780 Sheepshead Bay,Brooklyn,NY,11235,"$11,412.00",,NO
2022,Ace Medical Equipment Inc,"2377 East 18th Street, Brooklyn, NY, 11229",2377 East 18th Street,Brooklyn,NY,11229,"$11,392.00",,NO
2021,Hot Chix,"110 Dekalb Ave, Brooklyn, NY, 11220",110 Dekalb Ave,Brooklyn,NY,11220,"$11,384.00",1,NO
2023,All Around Trans Inc,"2667 Coney Island Avenue, Brooklyn, NY, 11223",2667 Coney Island Avenue,Brooklyn,NY,11223,"$11,357.00",,NO
2020,S and F Supplies,"93 Emerson Place, Brooklyn, NY, 11205",93 Emerson Place,Brooklyn,NY,11205,"$11,308.00",1,NO
2021,Synergy Construction Inc,"350 7th Aven, New York, NY, 10001",350 7th Aven,New York,NY,10001,"$11,305.00",2,NO
2021,Remco de Rechter and Lindsey Culbertson de Recht..,"356 Burns Street, Kew Gardens, NY, 11375",356 Burns Street,Kew Gardens,NY,11375,"$11,297.00",2,NO
2022,"Christian Nicholas Interiors, Inc","611 Lamont Avenue, Staten Island, NY, 10312",611 Lamont Avenue,Staten Island,NY,10312,"$11,209.00",,NO
2021,New Garden Chinese Kitchen,"1535 Westchester Ave., Bronx, NY, 10472",1535 Westchester Ave.,Bronx,NY,10472,"$11,200.00",2,NO
2024,Itkowitz PLLC,"41 Flatbush Aveune, Brooklyn, NY, 11217",41 Flatbush Aveune,Brooklyn,NY,11217,"$11,105.00",,NO
2022,Stone Tech Industries LLC,"3031 Brighton 14th Street, Brooklyn, NY, 11235",3031 Brighton 14th Street,Brooklyn,NY,11235,"$11,100.00",1,NO
2020,Wetherall Roofing & Contracting,"83-12 Penelope Avenue, Middle Village, NY, 11379",83-12 Penelope Avenue,Middle Village,NY,11379,"$11,050.00",3,NO
2024,Signature Caterings Service,"233-16A Merrick Blvd, Rosendale, NY, 11422",233-16A Merrick Blvd,Rosedale,NY,11422,"$11,049.00",,NO
2021,R & A Deli,"54-05 99th Street, Corona, NY, 11368",54-05 99th Street,Corona,NY,11368,"$11,024.00",1,NO
2023,Probuildero,"1721 Bath Avenue, Brooklyn, NY, 11214",1721 Bath Avenue,Brooklyn,NY,11214,"$11,000.00",4,NO
2023,Care365 Homecare,"198 Foster Avenue, Brooklyn, NY, 11230",198 Foster Avenue,Brooklyn,NY,11230,"$10,912.00",1,NO
2020,Rosecrans,"7 Greenwich Avenue, New York, NY, 10014",7 Greenwich Avenue,New York,NY,10014,"$10,842.00",1,NO
2021,GM Family Resources Inc,"812 60th Street, Brooklyn, NY, 11220",812 60th Street,Brooklyn,NY,11220,"$10,839.00",3,NO
2023,Hotel 21,"41-03 21st Street, Long Island City, NY, 11101",41-03 21st Street,Long Island City,NY,11101,"$10,837.00",,NO
2022,"M Social Hotel / Highgate Hotels, L.P.","226 West 52nd Street, New York, NY, 10019",226 West 52nd Street,New York,NY,10019,"$10,807.00",5,NO
2022,Castleton Corner Deli & Grocery,"1293 Castleton Avenue, Staten Island, NY, 10310",1293 Castleton Avenue,Staten Island,NY,10310,"$10,755.00",,NO
2020,12 Food,"7314 3rd Ave, Brooklyn, NY, 11209",7314 3rd Ave,Brooklyn,NY,11209,"$10,725.00",1,NO
2020,Shanghai Dumplings Inc,"249-11 Northern Blvd, Little Neck, NY, 11363",249-11 Northern Blvd,Little Neck,NY,11363,"$10,695.00",1,NO
2022,Eagle Iron Works,"1652 Atlantic Ave, Brooklyn, NY, 11213",1652 Atlantic Ave,Brooklyn,NY,11213,"$10,687.00",1,NO
2021,Shan Hai Corporation,"58-44 Clearview Expressway, Oakland Gardens, NY, 11364",58-44 Clearview Expressway,Oakland Gardens,NY,11364,"$10,639.00",,NO
2024,Discount Deals 1 Inc.,"168-23 Jamaica Ave, Jamaica, NY, 11432",168-23 Jamaica Ave,Jamaica,NY,11432,"$10,580.00",,NO
2021,Yasmina Jacobs,"285 Lafayette St, New York, NY, 10012",285 Lafayette St,New York,NY,10012,"$10,577.00",2,NO
2021,Bridg-it LLC,"438 E 87th St, New York, NY, 10126",438 E 87th St,New York,NY,10126,"$10,571.00",1,NO
2021,JD Produce Maspeth LLC,"57-45 Rust Street, Maspeth, NY, 11378",57-45 Rust Street,Maspeth,NY,11378,"$10,526.00",,NO
2022,Rothem Construction,"210-04 43rd Avenue, Bayside, NY, 11361",210-04 43rd Avenue,Bayside,NY,11361,"$10,500.00",,NO
2020,Bais Yaakov Onel Sarah,"221 Avenue R, Brooklyn, NY, 11219",221 Avenue R,Brooklyn,NY,11219,"$10,457.00",1,NO
2020,Lroom Corporation T/A Lroom Cafe & Xue Ling,"41 West 14th Street, New York, NY, 10011",41 West 14th Street,New York,NY,10011,"$10,404.00",3,NO
2022,AMPAK,"93 Main Street, Staten Island, NY, 10307",93 Main Street,Staten Island,NY,10307,"$10,400.00",2,NO
2024,AGH Trimsource Inc,"327 West 36th Street, New York, NY, 10018",327 West 36th Street,New York,NY,10018,"$10,369.00",,NO
2023,Stadium Gourmet Deli,"109 E. 161 Street, Bronx, NY, 10452",109 E. 161 Street,Bronx,NY,10452,"$10,349.00",,NO
2023,McDonalds,"1600 Boston Road, Bronx, NY, 10460",1600 Boston Road,Bronx,NY,10460,"$10,340.00",,NO
2023,Dr. Subhash Malhotra MD,"622 Schenectady Ave, Brooklyn, NY, 11203",622 Schenectady Ave,Brooklyn,NY,11203,"$10,322.00",1,NO
2020,Mazzola Bakery,"192 Union Street, Brooklyn, NY, 11218",192 Union Street,Brooklyn,NY,11218,"$10,320.00",,NO
2020,Terry Interior Works,"728 Calhoun Ave., Bronx, NY, 10465",728 Calhoun Ave.,Bronx,NY,10465,"$10,320.00",2,NO
2020,VIP Contracting Corp,"3827 Bell Blvd, Bayside, NY, 11361",3827 Bell Blvd,Bayside,NY,11361,"$10,313.00",2,NO
2022,Plumbing Works Subsurface Corp,"517 Degraw St, Brooklyn, NY, 11217",517 Degraw St,Brooklyn,NY,11217,"$10,268.00",2,NO
2022,Restore Physical Therapy,"800 2nd Ave, New York, NY, 10017",800 2nd Ave,New York,NY,10017,"$10,250.00",1,NO
2022,CH Construction USA Corp,"2127 Muliner Ave., Bronx, NY, 10462",2127 Muliner Ave.,Bronx,NY,10462,"$10,240.00",2,NO
2023,Chipotle Metrotech - 2090,"One Metrotech Center, Brooklyn, NY, 11201",One Metrotech Center,Brooklyn,NY,11201,"$10,240.00",121,NO
2022,Frames for you NY,"201 East 80th St, New York, NY, 10075",201 East 80th St,New York,NY,10075,"$10,238.00",3,NO
2020,Zhonghai International Travel Inc,"36-26 Main Street, Flushing, NY, 11354",36-26 Main Street,Flushing,NY,11354,"$10,222.00",,NO
2021,Jose Vallejo,"6131 166th St, Fresh Meadows, NY, 11365",6131 166th St,Fresh Meadows,NY,11365,"$10,218.00",4,NO
2023,Tipsy Shanghai,"594 3rd Avenue, New York, NY, 10016",594 3rd Avenue,New York,NY,10016,"$10,215.00",1,NO
2020,Laurence Carr Design,"331 Park Avenue S., New York, NY, 10010",331 Park Avenue S.,New York,NY,10010,"$10,205.00",1,NO
2024,Cherry Hill Gourmet,"1901 Emmons Avenue, Brooklyn, NY, 11235",1901 Emmons Avenue,Brooklyn,NY,11235,"$10,175.00",,NO
2020,C and D Mechanical Inc,"5810 13th Ave, Brooklyn, NY, 11219",5810 13th Ave,Brooklyn,NY,11219,"$10,164.00",5,NO
2024,Beause Inc,"580 8th Ave, New York, NY, 10018",580 8th Ave,New York,NY,10018,"$10,153.00",,NO
2020,Kitchen Republic Corp.,"66-00 Qn. Midtown Expy., Maspeth, NY, 11378",66-00 Qn. Midtown Expy.,Maspeth,NY,11378,"$10,100.00",2,NO
2021,Chelsea Wine and Liquors - Hudson Yards Liquors,"557 W. 23rd Street, New York, NY, 10018",557 W. 23rd Street,New York,NY,10018,"$10,085.00",,NO
2021,Interiors 22 Inc.,"13-39 125th Street, College Point, NY, 11356",13-39 125th Street,College Point,NY,11356,"$10,064.00",,NO
2022,Golden Diner,"123 Madison St., New York, NY, 10002",123 Madison St.,New York,NY,10002,"$10,043.00",,NO
2022,Last Stop Gourmet Shop,"222 Beach 116th St, Far Rockaway, NY, 11694",222 Beach 116th St,Far Rockaway,NY,11694,"$10,001.00",1,NO
2022,Red Market Salon,"13 E. 13th Street, New York, NY, 10003",13 E. 13th Street,New York,NY,10003,"$10,001.00",1,NO
2020,4315 Junction Petroleum LLC/TPK Fuel Corp/Merrick..,"4315 Junction Blvd, Corona, NY, 11368",4315 Junction Blvd,Corona,NY,11368,"$10,000.00",1,NO
2023,"Ambient Group, Inc. & Kiem Esposito","470 Seventh Avenue, New York, NY, 10018",470 Seventh Avenue,New York,NY,10018,"$10,000.00",,NO
2021,"Ashnu International, Inc","5809 28th Avenue, Woodside, NY, 11377",5809 28th Avenue,Woodside,NY,11377,"$10,000.00",1,NO
2021,Citywide Painting Corp,"172 East 4th Street, New York, NY, 10009",172 East 4th Street,New York,NY,10009,"$10,000.00",1,NO
2024,Eric Cesnik and Susan Schriver,"111 Worth St, New York, NY, 10013",111 Worth St,New York,NY,10013,"$10,000.00",,NO
2021,Derek Bauer and Jackie Bauer,"95 Horatio St, New York, NY, 10014",95 Horatio St,New York,NY,10014,"$10,000.00",1,NO
2023,First Class Cleaners,"231 W. 231st St, Bronx, NY, 10463",231 W. 231st St,Bronx,NY,10463,"$10,000.00",,NO
2020,J Cleaners IV,"489 Rockaway Ave, Brooklyn, NY, 11212",489 Rockaway Ave,Brooklyn,NY,11212,"$10,000.00",1,NO
2020,Jerome Associates LLC,"2800 Webster Avenue, Bronx, NY, 10458",2800 Webster Avenue,Bronx,NY,10458,"$10,000.00",1,NO
2020,Lina Marcela Galicia & Fernando Galicia,"149-23 8th Ave, Flushing, NY, 11357",149-23 8th Ave,Flushing,NY,11357,"$10,000.00",2,NO
2022,Livolt,"1732 1st Avenue, New York, NY, 10128",1732 1st Avenue,New York,NY,10128,"$10,000.00",1,NO
2020,Lupita Laundromat,"103-12 Astoria Blvd, East Elmhurst, NY, 11369 Lexington Avenue, New York, NY, 10017",103-12 Astoria Blvd,East Elmhurst,NY,11369,"$10,000.00",2,NO
2023,Massie Construction Company Inc,"165 Broadway, New York, NY, 10006",165 Broadway,New York,NY,10006,"$10,000.00",1,NO
2022,Tu Sabor Latino,"3881 Broadway, New York, NY, 10032",3881 Broadway,New York,NY,10032,"$10,000.00",1,NO
2022,Nelson A Portillo Landscaping,"143-48 Poplar Avenue, Flushing, NY, 11355",143-48 Poplar Avenue,Flushing,NY,11355,"$9,975.00",,NO
2023,Chipotle Bushwick - 3233,"774 Broadway, Brooklyn, ny, 11206",774 Broadway,Brooklyn,ny,11206,"$9,948.00",161,NO
2023,Eli Chazan,"2156 East 2nd Street, Brooklyn, NY, 11223",2156 East 2nd Street,Brooklyn,NY,11223,"$9,935.00",,NO
2020,Cecile Nemser and Charles Nemser,"180 Nassau St, Brooklyn, NY, 11201",180 Nassau St,Brooklyn,NY,11201,"$9,908.00",2,NO
2022,NY Marriott East Side,"525 Lexington Avenue, New York, NY, 10017",525 Lexington Avenue,New York,NY,10017,"$9,900.00",1,NO
2020,Lima Restaurant,"782 4th Ave, Brooklyn, NY, 11232",782 4th Ave,Brooklyn,NY,11232,"$9,860.00",1,NO
2022,Franco Bakery,"527 E. 138th St., Bronx, NY, 10454",527 E. 138th St.,Bronx,NY,10454,"$9,804.00",2,NO
2022,Yves Garden Cafe,"466 East 28th Street, Brooklyn, NY, 11226",466 East 28th Street,Brooklyn,NY,11226,"$9,792.00",,NO
2021,Yossi's Fish Market,"5324 13th Avenue, Brooklyn, NY, 11219",5324 13th Avenue,Brooklyn,NY,11219,"$9,732.00",10,NO
2023,Lucinas Gourmet Food Inc,"4700 Northern Blvd, Long Island City, NY, 11101",4700 Northern Blvd,Long Island City,NY,11101,"$9,714.00",2,NO
2022,SECURITAS SECURITY SERVICES,"1412 Broadway 17 FL, New York, NY, 10018",1412 Broadway 17 FL,New York,NY,10018,"$9,622.00",,NO
2022,PNM Stone Works Corp,"137-12 Guy R. Brewer Blvd, Jamaica, NY, 11434",137-12 Guy R. Brewer Blvd,Jamaica,NY,11434,"$9,580.00",4,NO
2021,River Quality Contracting Corp,"29 Gloria Court, Staten Island, NY, 10302",29 Gloria Court,Staten Island,NY,10302,"$9,540.00",3,NO
2020,Mapes Solutions,"7005 67th Street, Glendale, NY, 11385",7005 67th Street,Glendale,NY,11385,"$9,524.00",5,NO
2020,No. 1 Calle 191 Pescaderia Inc.,"1609 St Nicolas Avenue, New York, NY, 10040",1609 St Nicolas Avenue,New York,NY,10040,"$9,486.00",9,NO
2023,One L Professional,"11 West 36th Street, New York, NY, 10018",11 West 36th Street,New York,NY,10018,"$9,425.00",,NO
2023,Half Price Outlet,"37-53 82nd Street, Flushing, NY, 11372",37-53 82nd Street,Flushing,NY,11372,"$9,419.00",,NO
2024,Schnapps,"404 Avenue M, Brooklyn, NY, 11230",404 Avenue M,Brooklyn,NY,11230,"$9,416.00",,NO
2022,Parkash 3873 LLC,"172-14 89th Avenue, Jamaica, NY, 11432",172-14 89th Avenue,Jamaica,NY,11432,"$9,360.00",,NO
2022,Huntington Living Center,"369 Lexington Avenue, New York, NY, 10017 East Main Street, Waterloo, NY, 13165",369 Lexington Avenue,New York,NY,10017,"$9,341.00",,NO
2021,KSK Mechanical Services Corp,"104-04 Astoria Blvd, East Elmhurst, NY, 11369 Lexington Avenue, New York, NY, 10017",104-04 Astoria Blvd,East Elmhurst,NY,11369,"$9,308.00",2,NO
2023,Nelson Management Group Ltd,"118-35 Queens Blvd., Queens, NY, 11375",118-35 Queens Blvd.,Queens,NY,11375,"$9,296.00",1,NO
2022,Madison Avenue Radiology Center,"1820 Madison Ave, New York, NY, 10035",1820 Madison Ave,New York,NY,10035,"$9,284.00",1,NO
2023,St Helens Catholic Academy School,"83-09 157th Avenue, Howard Beach, NY, 11414",83-09 157th Avenue,Howard Beach,NY,11414,"$9,250.00",1,NO
2022,Gataca HVAC Corp / Gataca Mechanical Inc,"89 Glover Street, Staten Island, NY, 10308",89 Glover Street,Staten Island,NY,10308,"$9,243.00",,NO
2021,Mario's Pizza,"79 East Gun Hill Rd, Bronx, NY, 10467",79 East Gun Hill Rd,Bronx,NY,10467,"$9,225.00",2,NO
2023,Chipotle -Penn Plaza - 482,"304 W. 34th St, New York, NY, 10001",304 W. 34th St,New York,NY,10001,"$9,213.00",209,NO
2020,Express Snacks and More,"92-25 Union Hall Street, Jamaica, NY, 11433",92-25 Union Hall Street,Jamaica,NY,11433,"$9,211.00",1,NO
2023,ARC Electrical & Mechanical,"26 Delevan Street, Brooklyn, NY, 11231",26 Delevan Street,Brooklyn,NY,11231,"$9,192.00",1,NO
2023,Country Wide Home Improvement,"131-26 132nd Street, South Ozone Park, NY, 11420",131-26 132nd Street,South Ozone Park,NY,11420,"$9,185.00",,NO
2024,Six Happiness,"711 2nd Avenue, New York, NY, 10016",711 2nd Avenue,New York,NY,10016,"$9,167.00",,NO
2023,Stush Restaurant NYC,"470 Driggs Ave, Brooklyn, NY, 11211",470 Driggs Ave,Brooklyn,NY,11211,"$9,125.00",,NO
2020,J COFFEY CONTRACTING INC.,"77-22 164th St., Flushing, NY, 11365",77-22 164th St.,Flushing,NY,11365,"$9,107.00",1,NO
2021,Addicts Rehabilitation CTR Fund,"2015 Madison Avenue, New York, NY, 10035",2015 Madison Avenue,New York,NY,10035,"$9,040.00",1,NO
2024,Mamasushi,"3569 Broadway, New York, NY, 10031",3569 Broadway,New York,NY,10031,"$9,000.00",,NO
2020,Marcus Communications Inc,"214 E Fordham Rd, Bronx, NY, 10458",214 E Fordham Rd,Bronx,NY,10458,"$9,000.00",1,NO
2024,Quito Construccion Corporation,"88 Hemlock Street, Brooklyn, NY, 11208",88 Hemlock Street,Brooklyn,NY,11208,"$8,988.00",,NO
2022,Kidz Discovery Inc,"1034 E 233rd Street, Bronx, NY, 10466",1034 E 233rd Street,Bronx,NY,10466,"$8,960.00",,NO
2022,Park Avenue Methodist Day School,"106 East 86th Street, New York, NY, 10028",106 East 86th Street,New York,NY,10028,"$8,913.00",2,NO
2023,Tularcito Bakery,"1328 Jerome Avenue, Bronx, NY, 10452",1328 Jerome Avenue,Bronx,NY,10452,"$8,910.00",2,NO
2023,NYU Langone Health,"550 1st Avenue, New York, NY, 10016",550 1st Avenue,New York,NY,10016,"$8,873.00",,NO
2020,Mobil Gunhill Road Gas Station,"688 E Gun Hill Road, Bronx, NY, 10467",688 E Gun Hill Road,Bronx,NY,10467,"$8,868.00",2,NO
2022,Seaqueens Seafood LLC,"114-14C Sutphin Blvd, Queens, NY, 11434",114-14C Sutphin Blvd,Queens,NY,11434,"$8,843.00",2,NO
2021,Exclusive Building Corp.,"294 Combs Ave, Staten Island, NY, 10306",294 Combs Ave,Staten Island,NY,10306,"$8,816.00",3,NO
2020,Fabulous Laundromat Corp.,"316 East 188th Street, Bronx, NY, 10458",316 East 188th Street,Bronx,NY,10458,"$8,810.00",1,NO
2024,China Gourmet,"877 8th Avenue, New York, NY, 10019",877 8th Avenue,New York,NY,10019,"$8,805.00",,NO
2022,45 Garage,"521 West 48th Street, New York, NY, 10036",521 West 48th Street,New York,NY,10036,"$8,800.00",,NO
2023,Alpha Elevator,"61-43 186th Street, Flushing, NY, 11365",61-43 186th Street,Flushing,NY,11365,"$8,800.00",,NO
2023,Modesto Rodriguez Arias,"554 Cresent Street, Brooklyn, NY, 11208",554 Cresent Street,Brooklyn,NY,11208,"$8,800.00",,NO
2023,Donna Kneeter,"142-20 26th Ave, Flushing, NY, 11354",142-20 26th Ave,Flushing,NY,11354,"$8,794.00",,NO
2023,"Roma Construction & Brownstone, LLC","1317 41st Street, Brooklyn, NY, 11218",1317 41st Street,Brooklyn,NY,11218,"$8,775.00",2,NO
2022,Capitol Fire Sprinkler,"51-51 59th Place, Woodside, NY, 11377",51-51 59th Place,Woodside,NY,11377,"$8,762.00",,NO
2020,581 R and V Food Corp,"581 W 207th Street, New York, NY, 10034",581 W 207th Street,New York,NY,10034,"$8,755.00",1,NO
2021,Cooperative Home Care Associates,"400 East Fordham Rd, Bronx, NY, 10458",400 East Fordham Rd,Bronx,NY,10458,"$8,682.00",1,NO
2022,Extra Jumbo Market Place,"1384 Nelson Avenue, Bronx, NY, 10452",1384 Nelson Avenue,Bronx,NY,10452,"$8,663.00",1,NO
2024,Lower Eastside Service Center,"80 Maiden Lane, New York, NY, 10038",80 Maiden Lane,New York,NY,10038,"$8,653.00",,NO
2022,Four Seasons Noodles,"4568 Kissena Boulevard, Flushing, NY, 11355",4568 Kissena Boulevard,Flushing,NY,11355,"$8,640.00",3,NO
2023,Source Construction Inc,"67 West Street, Brooklyn, NY, 11222",67 West Street,Brooklyn,NY,11222,"$8,640.00",1,NO
2023,Don Giovanni Ristorante & Kimi Cohen,"358 West 44th Street, New York, NY, 10036",358 West 44th Street,New York,NY,10036,"$8,566.00",,NO
2021,258-260 Tenant Assoc HDFC,"258 West 117th Street, New York, NY, 10026",258 West 117th Street,New York,NY,10026,"$8,524.00",,NO
2021,Staffing 911 Inc.,"251 E. 110 Street, New York, NY, 10029",251 E. 110 Street,New York,NY,10029,"$8,502.00",4,NO
2021,Cellular Aark Inc,"9081 Sutphin Blvd, Jamaica, NY, 11435",9081 Sutphin Blvd,Jamaica,NY,11435,"$8,500.00",1,NO
2023,Rigid Plumbing and Heating Contractor,"102-11 Glenwood Rd, Brooklyn, NY, 11216",102-11 Glenwood Rd,Brooklyn,NY,11216,"$8,500.00",1,NO
2022,Always Home Care,"3131 Coney Island Ave, Brooklyn, NY, 11235",3131 Coney Island Ave,Brooklyn,NY,11235,"$8,490.00",5,NO
2022,C-Town Supermarkets,"6614 18th Avenue, Brooklyn, NY, 11204",6614 18th Avenue,Brooklyn,NY,11204,"$8,468.00",1,NO
2021,South Bronx Overall Economic Development Corpora..,"555 Bergen Ave, Bronx, NY, 10455",555 Bergen Ave,Bronx,NY,10455,"$8,462.00",1,NO
2023,Columbus Citizens Foundation Inc,"8 East 69th Street, New York, NY, 10021",8 East 69th Street,New York,NY,10021,"$8,400.00",1,NO
2020,Nelson Alba AKA Nelson Alva,"520 Morris Park Ave., New York, NY, 10450",520 Morris Park Ave.,New York,NY,10450,"$8,400.00",1,NO
2021,Il Pallino Bistro Bocce Lounge,"4916 Arthur Kill Road, Staten Island, NY, 10309",4916 Arthur Kill Road,Staten Island,NY,10309,"$8,399.00",2,NO
2020,Zip Aviation & Manhattan Helicopters,"6 East River Piers, New York, NY, 10004",6 East River Piers,New York,NY,10004,"$8,327.00",1,NO
2023,Sapphire Cuisines of India Restaurant,"2014-2016 Broadway, New York, NY, 10023",2014-2016 Broadway,New York,NY,10023,"$8,320.00",,NO
2021,Jack Neugarten,"1454 East 88 St, Brooklyn, NY, 11236",1454 East 88 St,Brooklyn,NY,11236,"$8,300.00",1,NO
2021,Notebrooke,"845 United Nations Plaza, New York, NY, 10017",845 United Nations Plaza,New York,NY,10017,"$8,300.00",1,NO
2021,Andrew & Kristen Reiner,"215 East 68th St, New York, NY, 10065",215 East 68th St,New York,NY,10065,"$8,250.00",1,NO
2022,Regency Health Care Inc,"728 5th Avenue, Brooklyn, NY, 11232",728 5th Avenue,Brooklyn,NY,11232,"$8,250.00",3,NO
2020,National Bakery,"944 Intervale Avenue, Bronx, NY, 10459",944 Intervale Avenue,Bronx,NY,10459,"$8,230.00",1,NO
2023,Chipotle Forest Hills Queens - 1987,"70-30 Austin Street, Forest Hills, ny, 11375",70-30 Austin Street,Forest Hills,ny,11375,"$8,157.00",123,NO
2020,Corte Cafe TPEC Farrington LLC,"35-15 Farrington St, Flushing, NY, 11354",35-15 Farrington St,Flushing,NY,11354,"$8,143.00",1,NO
2020,"Coney Island Hardware, Inc.","814 Coney Island Avenue, Brooklyn, NY, 11218",814 Coney Island Avenue,Brooklyn,NY,11218,"$8,118.00",1,NO
2022,High Quality International LLC,"305 Norway Ave., Staten Island, NY, 10305",305 Norway Ave.,Staten Island,NY,10305,"$8,118.00",4,NO
2022,Decora Design & Construction Inc,"505 Sharrots Rd., Staten Island, NY, 10309",505 Sharrots Rd.,Staten Island,NY,10309,"$8,081.00",1,NO
2023,JPH,"1816 White Plains Road, Bronx, NY, 10462",1816 White Plains Road,Bronx,NY,10462,"$8,075.00",,NO
2024,ABM Industries Inc,"1 Liberty Plaza, New York, NY, 10006",1 Liberty Plaza,New York,NY,10006,"$8,055.00",,NO
2020,"Jacob Dobrofsky & Co, Inc","1145 Webster Ave., Bronx, NY, 10456",1145 Webster Ave.,Bronx,NY,10456,"$8,036.00",3,NO
2021,Boston Market Corporation,"6018 Metropolitan Ave, Ridgewood, NY, 11385",6018 Metropolitan Ave,Ridgewood,NY,11385,"$8,011.00",1,NO
2021,Elate Moving LLC,"193 6th Street, Brooklyn, NY, 11215",193 6th Street,Brooklyn,NY,11215,"$8,000.00",1,NO
2020,Grand View Dry Cleaner II Inc. T/A Green Cleaners,"124 West 72nd Street, New York, NY, 10023",124 West 72nd Street,New York,NY,10023,"$8,000.00",1,NO
2021,JD Meat Market Seafood,"1411 Ogden Ave, Bronx, NY, 10452",1411 Ogden Ave,Bronx,NY,10452,"$8,000.00",1,NO
2020,Ji Sun Rhee and Daniel Han,"301 E 69th St, New York, NY, 10021",301 E 69th St,New York,NY,10021,"$8,000.00",1,NO
2020,Napa Auto Parts,"59-01 Main St, Flushing, NY, 11355",59-01 Main St,Flushing,NY,11355,"$8,000.00",1,NO
2020,National Pharmacy Corp,"40-15 National St, Corona, NY, 11368",40-15 National St,Corona,NY,11368,"$8,000.00",2,NO
2023,Sahara Turkish Grill,"532 Neptune Avenue, Brooklyn, NY, 11224",532 Neptune Avenue,Brooklyn,NY,11224,"$8,000.00",1,NO
2020,Stag and Hen Hair Studio,"73 Malcolm X Blvd, Brooklyn, NY, 11211",73 Malcolm X Blvd,Brooklyn,NY,11211,"$8,000.00",1,NO
2022,The Royal Dogs LLC,"1427 York Ave, New York, NY, 10021",1427 York Ave,New York,NY,10021,"$7,995.00",2,NO
2023,Great American Health Bar,"35 W. 57th Street, New York, NY, 10019",35 W. 57th Street,New York,NY,10019,"$7,980.00",,NO
2024,La Bella Marketplace,"7907 13th Avenue, Brooklyn, NY, 11228",7907 13th Avenue,Brooklyn,NY,11228,"$7,970.00",,NO
2024,Bee's Arts and Crafts,"8000 Cooper Avenue, Glendale, NY, 11385",8000 Cooper Avenue,Glendale,NY,11385,"$7,966.00",,NO
2020,Sukeina CO,"461 Dean St Penthouse 33A, Brooklyn, NY, 11217",461 Dean St Penthouse 33A,Brooklyn,NY,11217,"$7,965.00",3,NO
2021,Harvard Protection Services Inc,"59 Maiden Lane 17th Floor, New York, NY, 10038",59 Maiden Lane 17th Floor,New York,NY,10038,"$7,936.00",5,NO
2020,Rico Chimi,"111 Dyckman Street, New York, NY, 10040",111 Dyckman Street,New York,NY,10040,"$7,918.00",2,NO
2023,Skyscraper Realty Group LLC,"244 5th Avenue, New York, NY, 10001",244 5th Avenue,New York,NY,10001,"$7,915.00",,NO
2020,The Jewel Facing Rockerfeller Center,"11 West 51st Street, New York, NY, 10019",11 West 51st Street,New York,NY,10019,"$7,851.00",,NO
2021,Matt Sarno and Laura Humphrey,"33-17 75th St, Jackson Heights, NY, 11372",33-17 75th St,Jackson Heights,NY,11372,"$7,834.00",2,NO
2022,Queens Brewery,"1539 Covert Street, Queens, NY, 11385",1539 Covert Street,Queens,NY,11385,"$7,834.00",1,NO
2020,Warique Restaurant,"90-04 37th Avenue, Jackson Heights, NY, 11372",90-04 37th Avenue,Jackson Heights,NY,11372,"$7,833.00",,NO
2021,Housing Gallery,"191 Henry St, New York, NY, 10002",191 Henry St,New York,NY,10002,"$7,777.00",1,NO
2023,El Molino Colombian Bread LLC,"8604 Jamaica Avenue, Woodhaven, NY, 11421",8604 Jamaica Avenue,Woodhaven,NY,11421,"$7,760.00",,NO
2021,Wynden Stark LLC,"360 Madison Ave, New York, NY, 10017",360 Madison Ave,New York,NY,10017,"$7,751.00",1,NO
2020,Michael Parrish Dudell,"200 E. 27th Street, New York, NY, 10016",200 E. 27th Street,New York,NY,10016,"$7,750.00",1,NO
2022,Prestige Management,"1776 Eastchester Rd, Bronx, NY, 10461",1776 Eastchester Rd,Bronx,NY,10461,"$7,735.00",1,NO
2023,EIA Inc,"3100 47th Avenue, Long Island City, NY, 11101",3100 47th Avenue,Long Island City,NY,11101,"$7,712.00",1,NO
2023,G & S Plumbing & Heating Corp,"1654 White Plains Rd., Bronx, NY, 10462",1654 White Plains Rd.,Bronx,NY,10462,"$7,711.00",,NO
2024,Edgard R Santana,"1086 Kelly Street, Bronx, NY, 10459",1086 Kelly Street,Bronx,NY,10459,"$7,710.00",,YES
2020,SMZ Impex Inc. T/A 9th Village Farm,"146 2nd Avenue, New York, NY, 10003",146 2nd Avenue,New York,NY,10003,"$7,698.00",2,NO
2023,Chipotle Bowling Green 476,"2 Broadway, Frnt 4, New York, NY, 10004",2 Broadway,New York,NY,10004,"$7,695.00",154,NO
2020,St Raymond Elementary School,"2380 East Tremont Ave, Bronx, NY, 10462",2380 East Tremont Ave,Bronx,NY,10462,"$7,694.00",1,NO
2023,Craig Bueker,"155 West 18th Street, New York, NY, 10011",155 West 18th Street,New York,NY,10011,"$7,650.00",,NO
2020,"Family Care Senior Services, LLC","6109 Broadway, Woodside, NY, 11377",6109 Broadway,Woodside,NY,11377,"$7,602.00",1,NO
2023,Kanaci Painting Inc,"34 Bayard Street, Staten Island, NY, 10312",34 Bayard Street,Staten Island,NY,10312,"$7,580.00",2,NO
2021,Sapito's Sport Cantina,"4160 Broadway, 1st Floor, New York, NY, 10033",4160 Broadway  1st Floor,New York,NY,10033,"$7,569.00",,NO
2023,Key Food Supermarkets,"2044 Boston Road, Bronx, NY, 10460",2044 Boston Road,Bronx,NY,10460,"$7,512.00",24,NO
2020,Alison and Elyse Greenberg,"200 E 15th St, New York, NY, 10003",200 E 15th St,New York,NY,10003,"$7,500.00",1,NO
2021,Brooklyn Handyman & Son Building Corp.,"160 Bay 44th Street, Brooklyn, NY, 11214",160 Bay 44th Street,Brooklyn,NY,11214,"$7,500.00",4,NO
2023,Chael Construction,"1144 White Plains Rd., Bronx, NY, 10472",1144 White Plains Rd.,Bronx,NY,10472,"$7,500.00",1,NO
2022,Inter Connection Electric Inc.,"209 Granite Avenue, Staten Island, NY, 10303",209 Granite Avenue,Staten Island,NY,10303,"$7,500.00",,NO
2021,Cafe Espanol,"172 Bleeker St, New York, NY, 10012",172 Bleeker St,New York,NY,10012,"$7,498.00",1,NO
2022,Tacos del Mart,"608 East 187th Street, Bronx, NY, 10458",608 East 187th Street,Bronx,NY,10458,"$7,492.00",,NO
2021,Meg Ryan,"350 Fifth Avenue, New York, NY, 10118",350 Fifth Avenue,New York,NY,10118,"$7,461.00",2,NO
2021,Moin Uddin,"400 Herkimer Street, Brooklyn, NY, 11213",400 Herkimer Street,Brooklyn,NY,11213,"$7,450.00",1,NO
2023,Chipotle,"864 Broadway, New York, NY, 10003",864 Broadway,New York,NY,10003,"$7,449.00",145,NO
2022,Beauty Strike,"73 Washington Avenue, Brooklyn, NY, 11205",73 Washington Avenue,Brooklyn,NY,11205,"$7,444.00",,NO
2024,BGS Taping & Painting Corp,"5113 9th Avenue, Brooklyn, NY, 11220",5113 9th Avenue,Brooklyn,NY,11220,"$7,410.00",,NO
2022,"WAV Transportation Group, Ltd","336 Kings Hwy., Brooklyn, NY, 11223",336 Kings Hwy.,Brooklyn,NY,11223,"$7,401.00",3,NO
2023,Chipotle Grand Central 436,"150 E 44th St, Frnt 1, New York, NY, 10017",150 E 44th St  Frnt 1,New York,NY,10017,"$7,388.00",145,NO
2020,Hong Kong Food Court of Elmhurst Corp,"8202 45th Ave, Elmhurst, NY, 11373",8202 45th Ave,Elmhurst,NY,11373,"$7,380.00",4,NO
2023,JSC Mechanical Inc,"30-64 Review Avenue, Queens, NY, 11101",30-64 Review Avenue,Queens,NY,11101,"$7,380.00",1,NO
2023,Chipotle - Bryant Park - 632,"9 W 42nd St, Frnt 1, New York, NY, 10036",9 W 42nd St  Frnt 1,New York,NY,10036,"$7,378.00",144,NO
2021,Gregory Callimanopulos,"12 E 77th St, New York, NY, 10075",12 E 77th St,New York,NY,10075,"$7,373.00",2,NO
2020,Ready Trucking Inc.,"12323 Lax Ave, College Point, NY, 11356",12323 Lax Ave,College Point,NY,11356,"$7,370.00",1,NO
2020,Star Light Grill,"80-02 Astoria Blvd., Flushing, NY, 11370",80-02 Astoria Blvd.,Flushing,NY,11370,"$7,366.00",2,NO
2023,MRJ Home Improvement,"4169 Baychester Ave, Bronx, NY, 10466",4169 Baychester Ave,Bronx,NY,10466,"$7,325.00",3,NO
2020,Abbotsford Road Coffee Specialists,"573 Sackett St, Brooklyn, NY, 11217",573 Sackett St,Brooklyn,NY,11217,"$7,310.00",1,NO
2023,Chipotle Hylan Blvd - 2308,"2602 Hylan Blvd, Staten Island, ny, 10309",2602 Hylan Blvd,Staten Island,ny,10309,"$7,309.00",119,NO
2023,Peters Wood Flooring Inc,"1879 Stanhope Street, Ridgewood, NY, 11385",1879 Stanhope Street,Ridgewood,NY,11385,"$7,296.00",1,NO
2020,ARK Accountants and Advisors LLP,"1120 Avenue of the Americas, New York, NY, 10036",1120 Avenue of the Americas,New York,NY,10036,"$7,284.00",1,NO
2024,South 7 Convenience Corp,"152 7th Avenue S, New York, NY, 10014",152 7th Avenue S,New York,NY,10014,"$7,280.00",,NO
2021,Project Renewal Inc,"200 Varick St, New York, NY, 10014",200 Varick St,New York,NY,10014,"$7,277.00",1,NO
2021,DC Taping Corp,"132-54 60th Ave., Flushing, NY, 11355",132-54 60th Ave.,Flushing,NY,11355,"$7,274.00",,NO
2020,Aruvil International Inc.,"185 Madison Ave Suite 1700, New York, NY, 10016",185 Madison Ave Suite 1700,New York,NY,10016,"$7,269.00",1,NO
2022,LIC Natural Bridge Restaurant,"45-12 23rd Street, Long Island City, NY, 11101",45-12 23rd Street,Long Island City,NY,11101,"$7,262.00",,NO
2021,T7T inc,"1322 Gravesend Neck Rd, Brooklyn, NY, 11229",1322 Gravesend Neck Rd,Brooklyn,NY,11229,"$7,228.00",1,NO
2022,Proton Construction Corp.,"1171 61st St, Brooklyn, NY, 11219",1171 61st St,Brooklyn,NY,11219,"$7,218.00",,NO
2020,AC Design & Fabrication,"638 Sharrots Rd, Staten Island, NY, 10309",638 Sharrots Rd,Staten Island,NY,10309,"$7,200.00",1,NO
2024,NY Staff Search,"7337 Austin Street, Forest Hills, NY, 11375",7337 Austin Street,Forest Hills,NY,11375,"$7,200.00",,NO
2024,The Purge,"1609 Westchester Avenue, Bronx, NY, 10462",1609 Westchester Avenue,Bronx,NY,10462,"$7,200.00",,NO
2023,TSA Construction Group Inc,"5919 57th Drive, Maspeth, NY, 11378",5919 57th Drive,Maspeth,NY,11378,"$7,200.00",,NO
2023,IMS General Construction Corp,"625 Wilcox Ave., Bronx, NY, 10465",625 Wilcox Ave.,Bronx,NY,10465,"$7,197.00",,NO
2023,Chipotle Court Street - 1915,"140 Court Street, Brooklyn, NY, 11201",140 Court Street,Brooklyn,NY,11201,"$7,194.00",99,NO
2022,Mapes Solutions Corp,"7005 67th St., Glendale, NY, 11385",7005 67th St.,Glendale,NY,11385,"$7,192.00",1,NO
2022,Housing Works,"81 Willoughby St., Brooklyn, NY, 11201",81 Willoughby St.,Brooklyn,NY,11201,"$7,188.00",1,NO
2023,Atlas NY Construction Corp,"129-31 132nd Street, South Ozone Park, NY, 11420",129-31 132nd Street,South Ozone Park,NY,11420,"$7,175.00",2,NO
2021,The Laundry Room,"441 Castleton Avenue, Staten Island, NY, 10301",441 Castleton Avenue,Staten Island,NY,10301,"$7,153.00",4,NO
2022,True Family Care Services LLC,"125 Church Avenue, Brooklyn, NY, 11218",125 Church Avenue,Brooklyn,NY,11218,"$7,139.00",,NO
2023,AM Expediting Drafting & Design Service LLC,"116-15 Myrtle Avenue, Richmond Hill, NY, 11418",116-15 Myrtle Avenue,Richmond Hill,NY,11418,"$7,135.00",3,NO
2023,Eye Design Fifth Avenue Inc,"5 E. 57th Street, New York, NY, 10022",5 E. 57th Street,New York,NY,10022,"$7,118.00",1,NO
2020,Genieously / Geniously LLC,"43 W. 33rd Street, New York, NY, 10001",43 W. 33rd Street,New York,NY,10001,"$7,101.00",2,NO
2023,Chipotle 7th Ave Park Slope - 2254,"185 7th Avenue, Brooklyn, NY, 11215",185 7th Avenue,Brooklyn,NY,11215,"$7,086.00",105,NO
2023,Chipotle Broadway & 83rd - 1928,"2298 Broadway, New York, NY, 10024",2298 Broadway,New York,NY,10024,"$7,056.00",107,NO
2023,Venture Solar,"67 West Street, Brooklyn, NY, 11222",67 West Street,Brooklyn,NY,11222,"$7,027.00",1,NO
2023,Chipotle Upper East Side - 1486,"1497 3rd Avenue, New York, NY, 10028",1497 3rd Avenue,New York,NY,10028,"$7,012.00",124,NO
2023,Arthur Carter and Linda Carter,"2 67th Street, New York, NY, 10023",2 67th Street,New York,NY,10023,"$7,000.00",1,NO
2020,G O Deli Grocery,"268 Marcus Garvey Blvd, Brooklyn, NY, 11221",268 Marcus Garvey Blvd,Brooklyn,NY,11221,"$7,000.00",2,NO
2020,Janet Marie Cooke Legerton,"1790 E 48 St, Brooklyn, NY, 11234",1790 E 48 St,Brooklyn,NY,11234,"$7,000.00",1,NO
2021,Theodore Galitsa,"432 E 88th Street, New York, NY, 10128",432 E 88th Street,New York,NY,10128,"$7,000.00",2,NO
2022,Tony's Contracting NY,"6405 Madison St., Queens, NY, 11385",6405 Madison St.,Queens,NY,11385,"$7,000.00",1,NO
2020,Washington Square Institute,"41 East 11st Street 4th Floor, New York, NY, 10003",41 East 11st Street 4th Floor,New York,NY,10003,"$7,000.00",1,NO
2021,260 West 35th St LLC,"260 West 35th Street, New York, NY, 10018",260 West 35th Street,New York,NY,10018,"$6,973.00",1,NO
2023,Elite Learners Org,"4517 Ave D, Brooklyn, NY, 11203",4517 Ave D,Brooklyn,NY,11203,"$6,960.00",2,NO
2020,Golden Krust Bakery,"135 E. Gun Hill Road, Bronx, NY, 10467",135 E. Gun Hill Road,Bronx,NY,10467,"$6,930.00",1,NO
2023,Telegraph Cafe,"107 West 18th Street, New York, NY, 10011",107 West 18th Street,New York,NY,10011,"$6,898.00",,NO
2023,Oriental Palm Springs Inc.,"136-20 Booth Memorial Ave., Flushing, NY, 11355",136-20 Booth Memorial Ave.,Flushing,NY,11355,"$6,884.00",,NO
2023,Chipotle 1221 6th Ave -769,"129 W 48th St, New York, NY, 10020",129 W 48th St,New York,NY,10020,"$6,881.00",146,NO
2023,Palace Valet Cleaners Inc,"180 Riverside Blvd, New York, NY, 10069",180 Riverside Blvd,New York,NY,10069,"$6,858.00",2,NO
2021,Christian Perez House Cleaning Service,"1710 Andrews Ave, Bronxq, NY, 10453",1710 Andrews Ave,Bronx,NY,10453,"$6,846.00",8,NO
2023,Allied Universal,"501 7th Avenue, New York, NY, 10018",501 7th Avenue,New York,NY,10018,"$6,829.00",103,NO
2023,Peachwave,"602 E. 187th St., Bronx, NY, 10458",602 E. 187th St.,Bronx,NY,10458,"$6,817.00",,NO
2020,KeyWorthy LLC,"602 39th St, Brooklyn, NY, 11232",602 39th St,Brooklyn,NY,11232,"$6,804.00",1,NO
2023,Nuride Auto Services LLC,"3324 Northern Blvd., Queens, NY, 11101",3324 Northern Blvd.,Queens,NY,11101,"$6,800.00",,NO
2023,Chipotle Upper West Side - 1122,"269 Amsterdam, New York, NY, 10023",269 Amsterdam,New York,NY,10023,"$6,736.00",161,NO
2023,Taco Bell,"249 E. 149th Street, Bronx, NY, 10451",249 E. 149th Street,Bronx,NY,10451,"$6,735.00",,NO
2020,Triton Atlantic Services,"214 Beach 96th St, Rockaway Beach, NY, 11693",214 Beach 96th St,Rockaway Beach,NY,11693,"$6,725.00",4,NO
2020,Patricio Flooring,"31-50 98th Street, East Elmhurst, NY, 11369 Lexington Avenue, New York, NY, 10017",31-50 98th Street,East Elmhurst,NY,11369,"$6,680.00",1,NO
2020,A and J Trucking Group Corporation,"19 East Van Cortland Avenue, Bronx, NY, 10468",19 East Van Cortland Avenue,Bronx,NY,10468,"$6,650.00",1,NO
2023,Sunnyside Medical Arts P.C.,"47-01 Queens Blvd, Sunnyside, NY, 11104",47-01 Queens Blvd,Sunnyside,NY,11104,"$6,614.00",,NO
2022,Sea Wolf,"19 Wyckoff Avenue, Brooklyn, NY, 11237",19 Wyckoff Avenue,Brooklyn,NY,11237,"$6,587.00",,NO
2021,Divine Professional Cleaning Services Inc.,"2253 Cincinnatus Ave., Bronx, NY, 10473",2253 Cincinnatus Ave.,Bronx,NY,10473,"$6,583.00",1,NO
2023,Chipotle -Fulton Street - 1341,"101 Fulton Street, New York, NY, 10038",101 Fulton Street,New York,NY,10038,"$6,574.00",119,NO
2020,"Pioneer Homecare,","801 E 241 Street, Bronx, NY, 10470",801 E 241 Street,Bronx,NY,10470,"$6,571.00",1,NO
2020,Queens Daily Eagle,"8900 Sutphin Blvd, Jamaica, NY, 11435",8900 Sutphin Blvd,Jamaica,NY,11435,"$6,543.00",1,NO
2022,Lash Princess 56 Inc,"162 West 56th Street, New York, NY, 10019",162 West 56th Street,New York,NY,10019,"$6,540.00",1,NO
2023,Chipotle Bay Ridge - 2253,"463 86th Street, Brooklyn, NY, 11209",463 86th Street,Brooklyn,NY,11209,"$6,531.00",104,NO
2024,Precision Solutions LLC,"103 Thayer Street, New York, NY, 10040",103 Thayer Street,New York,NY,10040,"$6,520.00",,NO
2021,"NASEB Foods, Inc. T/A Met Fresh Supermarket","9606 3rd Avenue, Brooklyn, NY, 11209",9606 3rd Avenue,Brooklyn,NY,11209,"$6,518.00",,NO
2022,New York City Support Services,"PMB 20174 1732 1st Ave, New York, NY, 10128",PMB 20174 1732 1st Ave,New York,NY,10128,"$6,509.00",1,NO
2021,Coney Realty,"1499 Coney Island Avenue, Brooklyn, NY, 11230",1499 Coney Island Avenue,Brooklyn,NY,11230,"$6,500.00",1,NO
2020,Jia Zhang and Miao Yuzheng,"24035 66th Ave, Little Neck, NY, 11362",24035 66th Ave,Little Neck,NY,11362,"$6,500.00",1,NO
2021,Prestige Construction and Consulting,"6408 Wetherole Street, Rego Park, NY, 11374",6408 Wetherole Street,Rego Park,NY,11374,"$6,497.00",4,NO
2023,Page Contracting Corp.,"539 Cary Avenue, Staten Island, NY, 10310",539 Cary Avenue,Staten Island,NY,10310,"$6,493.00",,NO
2024,ADA General Contractors Corp,"360 58th Street, Brooklyn, NY, 11220",360 58th Street,Brooklyn,NY,11220,"$6,463.00",,NO
2021,Ampere Electric,"200-06 Linden Blvd, St Albans, NY, 11412",200-06 Linden Blvd,St Albans,NY,11412,"$6,440.00",2,NO
2024,Tribeca Demolition & Co,"6143 186 Street, Fresh Meadows, NY, 11365",6143 186 Street,Fresh Meadows,NY,11365,"$6,366.00",,NO
2020,"Hertling, LLC","132 32nd Street, Brooklyn, NY, 11232",132 32nd Street,Brooklyn,NY,11232,"$6,366.00",1,NO
2022,Lion's Head Tavern,"995 Amsterdam Avenue, New York, NY, 10025",995 Amsterdam Avenue,New York,NY,10025,"$6,331.00",,NO
2022,Jeremiah Funding NY Inc,"1815 Nostrand Avenue, Brooklyn, NY, 11226",1815 Nostrand Avenue,Brooklyn,NY,11226,"$6,325.00",1,NO
2024,C and T Homecare Services LLC,"175-61 Hillside Ave., Jamaica, NY, 11432",175-61 Hillside Ave.,Jamaica,NY,11432,"$6,260.00",,NO
2024,Blitz Property Managment Real Estate and Constructi,"15 W 75th Street, New York, NY, 10023",15 W 75th Street,New York,NY,10023,"$6,257.00",,NO
2020,Broadway Farm,"2341 Broadway, New York, NY, 10024",2341 Broadway,New York,NY,10024,"$6,251.00",1,NO
2024,Valcourt Consulting and Design Inc,"16 East 34th Street, New York, NY, 10016",16 East 34th Street,New York,NY,10016,"$6,237.00",,NO
2020,For Kids Only UPK,"904 Morris Park Ave, Bronx, NY, 10462",904 Morris Park Ave,Bronx,NY,10462,"$6,237.00",3,NO
2023,RB Travel Corp,"1726 86th Street, Brooklyn, NY, 11214",1726 86th Street,Brooklyn,NY,11214,"$6,225.00",,NO
2023,Dana Leifer and Anne Leifer,"60 East End Avenue, New York, NY, 10028",60 East End Avenue,New York,NY,10028,"$6,224.00",2,NO
2020,J Construction Group Inc,"14-25 29tj Ave, Astoria, NY, 11102",14-25 29tj Ave,Astoria,NY,11102,"$6,220.00",2,NO
2022,Emet Group Corp.,"67 Marcus Garvey Blvd, Brooklyn, NY, 11206",67 Marcus Garvey Blvd,Brooklyn,NY,11206,"$6,200.00",2,NO
2021,All Systems Mechanical Corp.,"22-15 70th Street, East Elmhurst, NY, 11370",22-15 70th Street,East Elmhurst,NY,11370,"$6,170.00",1,NO
2023,Enzo Bruni La Pizza Gourmet,"1827 2nd Avenue, New York, NY, 10128",1827 2nd Avenue,New York,NY,10128,"$6,169.00",,NO
2021,Fiberwave,"140 58 Street Building B, Brooklyn, NY, 11220",140 58 Street Building B,Brooklyn,NY,11220,"$6,120.00",1,NO
2021,Manuel Plaza,"98-14 41st Ave, Corona, NY, 11368",98-14 41st Ave,Corona,NY,11368,"$6,111.00",3,NO
2021,MPStar Professionals LLC,"104-20 Queens Blvd, Forest Hills, NY, 11375",104-20 Queens Blvd,Forest Hills,NY,11375,"$6,100.00",6,NO
2022,Three Star Construction Group LLC,"2970 Pitkin Avenue, Brooklyn, NY, 11208",2970 Pitkin Avenue,Brooklyn,NY,11208,"$6,095.00",,NO
2022,Eagle Eye FV Inc,"415 Oceanview Avenue, Brooklyn, NY, 11235",415 Oceanview Avenue,Brooklyn,NY,11235,"$6,057.00",2,NO
2021,Sabghir Podiatry PC,"1 W 85th St, New York, NY, 10024",1 W 85th St,New York,NY,10024,"$6,048.00",1,NO
2021,79th Street Wine and Spirits,"230 W 79th Street, New York, NY, 10024",230 W 79th Street,New York,NY,10024,"$6,026.00",5,NO
2020,AOA Bar and Grill,"6 York Street, New York, NY, 10013",6 York Street,New York,NY,10013,"$6,013.00",1,NO
2020,JZ Capital Group LLC,"3808 Union Street, Flushing, NY, 11354",3808 Union Street,Flushing,NY,11354,"$6,013.00",2,NO
2021,John Wick Carpentry Corp,"10410 51st Ave, Corona, NY, 11368",10410 51st Ave,Corona,NY,11368,"$6,000.00",2,NO
2020,Lisa Rothman and Scott Rothman,"865 West End Ave, New York, NY, 10025",865 West End Ave,New York,NY,10025,"$6,000.00",2,NO
2021,NYC Group,"547 92nd Street, Brooklyn, NY, 11209",547 92nd Street,Brooklyn,NY,11209,"$6,000.00",1,NO
2021,Walter Meyer,"164 10th St, Brooklyn, NY, 11215",164 10th St,Brooklyn,NY,11215,"$6,000.00",1,NO
2020,New Modern French Cleaners,"530 2nd Avenue, New York, NY, 10016",530 2nd Avenue,New York,NY,10016,"$5,979.00",,NO
2022,Zen Restoration Inc,"273 Russel Street, Brooklyn, NY, 11222",273 Russel Street,Brooklyn,NY,11222,"$5,979.00",1,NO
2024,Jasmeen Construction Corp.,"104-71 125th street, South Richman Hill, NY, 11419",104-71 125th street,Richmond Hill,NY,11419,"$5,973.00",,NO
2022,Sunrise Food and Candy Inc,"49 Columbia St, New York, NY, 10002",49 Columbia St,New York,NY,10002,"$5,949.00",1,NO
2020,Big Nicks and Gyro Shop,"70 West 71st Street, New York, NY, 10023",70 West 71st Street,New York,NY,10023,"$5,940.00",1,NO
2021,Juan G Renovations LLC,"92-68 217th Street, Queens Village, NY, 11428",92-68 217th Street,Queens Village,NY,11428,"$5,910.00",3,NO
2021,Peter Kang,"189-29 45th Drive, Flushing, NY, 11358",189-29 45th Drive,Flushing,NY,11358,"$5,871.00",3,NO
2023,L & CHO STUDIO INC,"260 West 36th St, New York, NY, 10018",260 West 36th St,New York,NY,10018,"$5,865.00",,NO
2023,Below The Line Production Supply,"73 Provost Street, Brooklyn, NY, 11222",73 Provost Street,Brooklyn,NY,11222,"$5,861.00",2,NO
2022,Home Max Realty,"6212 5th Avenue, Brooklyn, NY, 11220",6212 5th Avenue,Brooklyn,NY,11220,"$5,828.00",1,NO
2021,Stephanie Kearney and James Kearney,"1165 5th Avenue, New York, NY, 10029",1165 5th Avenue,New York,NY,10029,"$5,817.00",2,NO
2023,Chipotle - Maiden Lane - 950,"100 Maiden Lane, New york, NY, 10005",100 Maiden Lane,New york,ny,10005,"$5,807.00",188,NO
2022,Alpha Elevator Inc.,"61-43 186th, Fresh Meadows, NY, 11365",61-43 186th,Fresh Meadows,NY,11365,"$5,800.00",1,NO
2022,Luis Flores and Jesus Fermin,"920 72nd Street, Brooklyn, NY, 11228",920 72nd Street,Brooklyn,NY,11228,"$5,790.00",3,NO
2024,Acacia Network,"915 Westchester Ave, Bronx, NY, 10459",915 Westchester Ave,Bronx,NY,10459,"$5,777.00",,NO
2024,3 Crowns MFC,"237 Hancock, Brooklyn, NY, 11216",237 Hancock,Brooklyn,NY,11216,"$5,770.00",,NO
2023,Chipotle Clinton -681,"620 9th Avenue, New York, NY, 10036",620 9th Avenue,New York,NY,10036,"$5,707.00",139,NO
2021,Lroom Corporation T/A Lroom Cafe & Xue Ling,"41 West 14th Street, New York, NY, 10011",41 West 14th Street,New York,NY,10011,"$5,695.00",3,NO
2023,Dos Bros / Henry Bisono,"9715 37th Avenue, Corona, NY, 11368",9715 37th Avenue,Corona,NY,11368,"$5,690.00",,NO
2023,Chipotle Fordham - 2190,"4760 3rd Ave, Bronx, ny, 10458",4760 3rd Ave,Bronx,ny,10458,"$5,677.00",151,NO
2022,House of Hemp,"863 Broadway Rm 1, Brooklyn, NY, 11206",863 Broadway Rm 1,Brooklyn,NY,11206,"$5,661.00",2,NO
2023,Church Ave Candy Convenience Inc,"5202 Church Ave, Brooklyn, NY, 11203",5202 Church Ave,Brooklyn,NY,11203,"$5,657.00",,NO
2023,VIR Construction Inc,"30 Broad Street, New York, NY, 10004",30 Broad Street,New York,NY,10004,"$5,650.00",1,NO
2020,C and C Laundromat,"1231 Broadway, Brooklyn, NY, 11221",1231 Broadway,Brooklyn,NY,11221,"$5,597.00",1,NO
2022,Metal & Glass Solutions & Associates,"360 Industrial Loop, Staten Island, NY, 10309",360 Industrial Loop,Staten Island,NY,10309,"$5,550.00",,NO
2020,S & J Industrial Corp,"32-25 Greenpoint Ave, Long Island City, NY, 11101",32-25 Greenpoint Ave,Long Island City,NY,11101,"$5,545.00",1,NO
2021,Golden Terrace Banquet Hall Restaurant & Bar,"120-23 Atlantic Ave, Richmond Hill, NY, 11418",120-23 Atlantic Ave,Richmond Hill,NY,11418,"$5,522.00",2,NO
2021,Libbie Mugrabi,"320 East 82nd St, New York, NY, 10028",320 East 82nd St,New York,NY,10028,"$5,512.00",2,NO
2023,Chipotle Park Avenue South - 949,"470 Park Avenue South, New York, NY, 10016",470 Park Avenue South,New York,NY,10016,"$5,510.00",112,NO
2023,HAP Investment,"2211 Third Avenue, New York, NY, 10035",2211 Third Avenue,New York,NY,10035,"$5,500.00",1,NO
2020,My Brothers Deli and Bagels Inc,"960 Bloomingdale Rd, Staten Island, NY, 10309",960 Bloomingdale Rd,Staten Island,NY,10309,"$5,500.00",2,NO
2022,"Bertin Auto Detailing Shop, Corp","52A Rector Street, Staten Island, NY, 10310",52A Rector Street,Staten Island,NY,10310,"$5,475.00",,NO
2023,M and N Home care Services,"168-29 Hillside Ave, Jamiaca, NY, 11432",168-29 Hillside Ave,Jamaica,NY,11432,"$5,465.00",,NO
2023,Chipotle Columbus Square - 2602,"805 Columbus Ave, New York, NY, 10025",805 Columbus Ave,New York,NY,10025,"$5,462.00",109,NO
2021,Quality Building Services,"801 Second Avenue, New York, NY, 10017",801 Second Avenue,New York,NY,10017,"$5,450.00",1,NO
2024,Brooklyn Developement Group,"147-11 Union Turnpike, Flushing, NY, 11367",147-11 Union Turnpike,Flushing,NY,11367,"$5,440.00",,NO
2023,Get Paid NY,"1206 Ave J, Brooklyn, NY, 11222",1206 Ave J,Brooklyn,NY,11222,"$5,438.00",,NO
2021,Donato Inc Plumbing & Heating,"414 3rd Avenue, Brooklyn, NY, 11215",414 3rd Avenue,Brooklyn,NY,11215,"$5,437.00",1,NO
2024,Warmth 68 Inc,"6102 5TH AVE FL 2, BROOKLYN, NY, 11220",6102 5TH AVE FL 2,BROOKLYN,NY,11220,"$5,425.00",,NO
2021,MJHS Health Systems,"6323 7th Ave, Brooklyn, NY, 11220",6323 7th Ave,Brooklyn,NY,11220,"$5,416.00",1,NO
2020,Brooklyn Bridge Construction,"6924 67th Street, Glendale, NY, 11385",6924 67th Street,Glendale,NY,11385,"$5,400.00",4,NO
2022,ZPM Management LLC,"40 Broad Street, New York, NY, 10004",40 Broad Street,New York,NY,10004,"$5,400.00",,NO
2023,Chipotle Rego Center - 2834,"61-35 Junction Blvd, Rego Park, NY, 11374",61-35 Junction Blvd,Rego Park,NY,11374,"$5,386.00",63,NO
2022,Freshy's Deli and Grocery,"941 Columbus Aveneu, New York, NY, 10025",941 Columbus Aveneu,New York,NY,10025,"$5,383.00",,NO
2022,Nova Octo,"174 Duane Street, New York, NY, 10013",174 Duane Street,New York,NY,10013,"$5,314.00",,NO
2021,FYAH WORKS INC.,"18716 Ridgedale Street, Springfield Gardens, NY, 11413",18716 Ridgedale Street,Springfield Gardens,NY,11413,"$5,312.00",,NO
2022,Resorts World Casino NYC,"110-00 Rockaway Boulevard, Jamaica, NY, 11420",110-00 Rockaway Boulevard,Jamaica,NY,11420,"$5,298.00",1,NO
2023,Dorina,"65-55 Traffic Avenue, Ridgewood, NY, 11385",65-55 Traffic Avenue,Ridgewood,NY,11385,"$5,280.00",,NO
2023,ICE Contractors Corp,"36-10 31st Street, Queens, NY, 11106",36-10 31st Street,Queens,NY,11106,"$5,280.00",,NO
2022,Unique Life Inc.,"2197 New England Thruway, Bronx, NY, 10475",2197 New England Thruway,Bronx,NY,10475,"$5,257.00",,NO
2023,Chipotle Cropsey Avenue - 2570,"2940 Cropsey Avenue, Brooklyn, NY, 11214",2940 Cropsey Avenue,Brooklyn,NY,11214,"$5,251.00",128,NO
2022,Columbia University,"615 West 131 Street, New York, NY, 10027",615 West 131 Street,New York,NY,10027,"$5,251.00",1,NO
2024,Encare Inc,"Attn: Demetrius Bradshaw, New York, NY, 10018",Attn: Demetrius Bradshaw,New York,NY,10018,"$5,250.00",,NO
2021,World Federation of United Nations Associations -WF..,"1 United Nations Plaza, New York, NY, 10017",1 United Nations Plaza,New York,NY,10017,"$5,250.00",1,NO
2020,Famous Pizza Park,"263 Avenue U, Brooklyn, NY, 11223",263 Avenue U,Brooklyn,NY,11223,"$5,244.00",1,NO
2020,Aruvil,"185 Madison Ave., New York, NY, 10016",185 Madison Ave.,New York,NY,10016,"$5,236.00",1,NO
2020,Sabor Latino,"95-35 40th Road, Elmhurst, NY, 11373",95-35 40th Road,Elmhurst,NY,11373,"$5,212.00",,NO
2023,Borchert and Laspina P.C.,"19-02 White Stone Expressway, Whitestone, NY, 11357",19-02 White Stone Expressway,Whitestone,NY,11357,"$5,207.00",,NO
2023,Housing Art Projects LLC,"191 Henry Street, New York, NY, 10002",191 Henry Street,New York,NY,10002,"$5,206.00",,NO
2024,T P N Construction Inc,"23-15 Astoria Blvd., Astoria, NY, 11102",23-15 Astoria Blvd.,Astoria,NY,11102,"$5,200.00",,NO
2021,Astoria Dental Spa,"31-72 31st Street, Astoria, NY, 11106",31-72 31st Street,Astoria,NY,11106,"$5,180.00",1,NO
2020,Finix U.S.A. Construction Inc./Finix USA MR Constru..,"2935 Brighton 1st Street, Brooklyn, NY, 11235",2935 Brighton 1st Street,Brooklyn,NY,11235,"$5,178.00",2,NO
2023,A2K Electric,"9112 98th Street, Woodhaven, NY, 11421",9112 98th Street,Woodhaven,NY,11421,"$5,163.00",1,NO
2023,Rom Piping & Heating Inc,"1088 Utica Avenue, Brooklyn, NY, 11203",1088 Utica Avenue,Brooklyn,NY,11203,"$5,139.00",1,NO
2024,Benedetto Fontana,"2353 56th Drive, Brooklyn, NY, 11234",2353 56th Drive,Brooklyn,NY,11234,"$5,115.00",,NO
2024,Connections Community Actions,"477 Madison Avenue, New York, NY, 10022",477 Madison Avenue,New York,NY,10022,"$5,112.00",,NO
2023,Huntington Learning Center / New Karma Holdings C..,"1556 Third Avenue, New York, NY, 10128",1556 Third Avenue,New York,NY,10128,"$5,112.00",,NO
2021,"Riconda Maintenance, Inc.","1665 Grand Concourse, Bronx, NY, 10452",1665 Grand Concourse,Bronx,NY,10452,"$5,100.00",1,NO
2023,United Talmedic Academic,"82 Lee Ave, Brooklyn, NY, 11211",82 Lee Ave,Brooklyn,NY,11211,"$5,085.00",,NO
2023,Chipotle World Wide Plaza 797,"854 8th Ave, New York, NY, 10019",854 8th Ave,New York,NY,10019,"$5,070.00",119,NO
2023,Chipotle Throggs Neck S.C. - 2540,"815 Hutchinson River Pkwy, Bronx, NY, 10465",815 Hutchinson River Pkwy,Bronx,NY,10465,"$5,069.00",131,NO
2024,Expert Team Apparel Inc,"3301 Queens blvd, Long Island City, NY, 11101",3301 Queens blvd,Long Island City,NY,11101,"$5,056.00",,NO
2024,Dorp Lane Deli Inc,"360 New Dorp Lane, Staten Island, NY, 10306",360 New Dorp Lane,Staten Island,NY,10306,"$5,055.00",,NO
2024,Kings Tapas Bar,"70-04 Roosevelt Ave., Jackson Heights, NY, 11372",70-04 Roosevelt Ave.,Jackson Heights,NY,11372,"$5,052.00",,NO
2021,Lucerne Hotel,"201 West 79th Street, New York, NY, 10024",201 West 79th Street,New York,NY,10024,"$5,043.00",1,NO
2023,Beau Maison Corp,"86 University Place, New York, NY, 10003",86 University Place,New York,NY,10003,"$5,036.00",1,NO
2020,Susan Sez Say It With Cake,"510 West 123rd Street, New York, NY, 10027",510 West 123rd Street,New York,NY,10027,"$5,013.00",2,NO
2021,RCO Restoration,"65 East 190th Street, Bronx, NY, 10468",65 East 190th Street,Bronx,NY,10468,"$5,010.00",21,NO
2022,Aspire Tax & Accounting Services Inc,"94-23 Lefferts Blvd, Richmond Hill, NY, 11419",94-23 Lefferts Blvd,Richmond Hill,NY,11419,"$5,005.00",,NO
2021,The Pac Program Of The Bronx,"15 West 39th, New York, NY, 10018",15 West 39th,New York,NY,10018,"$5,002.00",1,NO
2021,518 W 27 FB LLC T/A Howm Cocina & Cocktails,"518 W 27th Street, New York, NY, 10001",518 W 27th Street,New York,NY,10001,"$5,000.00",1,NO
2020,Amit Javeri,"425 East 58th St, New York, NY, 10022",425 East 58th St,New York,NY,10022,"$5,000.00",1,NO
2020,D'Antigua Restaurant,"84-16 Northern Blvd, Jackson Heights, NY, 11372",84-16 Northern Blvd,Jackson Heights,NY,11372,"$5,000.00",1,NO
2020,Ecosense LLC,"320 82nd Street, Brooklyn, NY, 11209",320 82nd Street,Brooklyn,NY,11209,"$5,000.00",1,NO
2023,Kiwi Express,"535 West 46th Street, New York, NY, 10036",535 West 46th Street,New York,NY,10036,"$5,000.00",,NO
2023,Queens Sign Tech,"45-52 162nd Street, Flushing, NY, 11358",45-52 162nd Street,Flushing,NY,11358,"$5,000.00",,NO
2020,Rescue Spa,"29 E. 19th Street, New York, NY, 10003",29 E. 19th Street,New York,NY,10003,"$5,000.00",1,NO
2020,Wonderland Daycare,"227 E 203rd St, Bronx, NY, 10458",227 E 203rd St,Bronx,NY,10458,"$5,000.00",1,NO
2021,Securitas Security USA,"1412 W. Broadway, New York, NY, 10018",1412 W. Broadway,New York,NY,10018,"$4,999.00",5,NO
2023,Principal Building Services,"630 9th Avenue, New York, NY, 10036",630 9th Avenue,New York,NY,10036,"$4,974.00",,NO
2020,Rubber Stamp Creation,"1105 53rd Street, Brooklyn, NY, 11232",1105 53rd Street,Brooklyn,NY,11232,"$4,956.00",,NO
2023,The Doggie Funhouse,"35 Lafayette Ave, Brooklyn, NY, 11217",35 Lafayette Ave,Brooklyn,NY,11217,"$4,956.00",,NO
2020,Well Life Network Inc,"14202 20th Avenue, Flushing, NY, 11351",14202 20th Avenue,Flushing,NY,11351,"$4,955.00",2,NO
2022,"Overwatch Services, LLC DBA City Safe Partners","2311 Adam Clayton Powell Blvd, New York, NY, 10030",2311 Adam Clayton Powell Blvd,New York,NY,10030,"$4,953.00",,NO
2021,Fortitude Management Inc,"3050 Whitestone Expy, Flusing, NY, 11354",3050 Whitestone Expy,Flushing,NY,11354,"$4,940.00",2,NO
2023,Smile HCA,"86 Brighton 1st St, Brooklyn, NY, 11235",86 Brighton 1st St,Brooklyn,NY,11235,"$4,932.00",1,NO
2020,Alboro National Security,"3602 East Tremont Ave, Bronx, NY, 10465",3602 East Tremont Ave,Bronx,NY,10465,"$4,928.00",1,NO
2023,Jacqueline Stewart,"1720 W. 11th St, Brooklyn, NY, 11223",1720 W. 11th St,Brooklyn,NY,11223,"$4,920.00",,NO
2023,Chipotle,"680 Avenue of the Americas, New York, NY, 10010",680 Avenue of the Americas,New York,NY,10010,"$4,912.00",,NO
2022,Yin Ji Chang Fen Inc T/A Yin Ji Chang Fen,"91 Bayard Street, New York, NY, 10013",91 Bayard Street,New York,NY,10013,"$4,910.00",1,NO
2023,Zoccola LLC dba Tavola,"488 9th Avenue, New York, NY, 10018",488 9th Avenue,New York,NY,10018,"$4,907.00",,NO
2023,La Leyenda Deli,"48-12 104th Street, Corona, NY, 11368",48-12 104th Street,Corona,NY,11368,"$4,903.00",,NO
2022,ADAPT Community Network,"80 Maiden Lane, New York, NY, 10038",80 Maiden Lane,New York,NY,10038,"$4,900.00",1,NO
2020,Exclusive Building Group,"294 Combs Ave., Staten Island, NY, 10306",294 Combs Ave.,Staten Island,NY,10306,"$4,898.00",1,NO
2020,"US Four Productions, LLC / Hot & Sunny Productions..","Attn: W. WIlder Knight II Esq., New York, NY, 10036",Attn: W. WIlder Knight II Esq.,New York,NY,10036,"$4,888.00",1,NO
2023,Chipotle -320 Park Ave - 1126,"320 Park Avenue, New York, NY, 10022",320 Park Avenue,New York,NY,10022,"$4,885.00",110,NO
2023,Peck's Specialtie,"455A Myrtle Avenue, Brooklyn, NY, 11205",455A Myrtle Avenue,Brooklyn,NY,11205,"$4,881.00",1,NO
2023,Mexico 2000 Deli Restaurant,"369 Lexington Avenue, New York, NY, 10017 Broadway, Brooklyn, NY, 11211",369 Lexington Avenue,New York,NY,10017,"$4,879.00",,NO
2022,Effigy Agency LLC,"4203 28th Avenue, Astoria, NY, 11103",4203 28th Avenue,Astoria,NY,11103,"$4,876.00",1,NO
2020,787 San Victor Grocery Corp,"787 Macdonough Street, Brooklyn, NY, 11233",787 Macdonough Street,Brooklyn,NY,11233,"$4,860.00",1,NO
2020,Best A Tee Inc. & Ajaz Masih,"827 6th Avenue, New York, NY, 10001",827 6th Avenue,New York,NY,10001,"$4,860.00",1,NO
2022,Charles A. Walburg Multi-Service Organization/Meals..,"163 West 125th Street, New York, NY, 10027",163 West 125th Street,New York,NY,10027,"$4,819.00",1,NO
2021,BAJX General Renovation LLC,"328 Clove Road, Staten Island, NY, 10310",328 Clove Road,Staten Island,NY,10310,"$4,800.00",2,NO
2020,Roccos Brick Oven Pizzeria,"2416 78th Street, Flushing, NY, 11370",2416 78th Street,Flushing,NY,11370,"$4,800.00",1,NO
2021,Bait and Hook,"231 2nd Avenue, New York, NY, 10003",231 2nd Avenue,New York,NY,10003,"$4,771.00",6,NO
2023,Sauti Yetu Center for African Women and Families,"841 Barretto Street, Bronx, NY, 10474",841 Barretto Street,Bronx,NY,10474,"$4,768.00",,NO
2020,Lincoln Market,"31 Lincoln Road, Brooklyn, NY, 11225",31 Lincoln Road,Brooklyn,NY,11225,"$4,766.00",,NO
2023,Smile Homecare Agency Inc.,"86 Brighton 1st Place 1, Brooklyn, NY, 11235",86 Brighton 1st Place 1,Brooklyn,NY,11235,"$4,766.00",1,NO
2022,Life Quality Homecare Agency Inc.,"3030 Coney Island Avenue, New York, NY, 11235",3030 Coney Island Avenue,New York,NY,11235,"$4,760.00",,NO
2020,G & S Construction,"6510 48th Street, Woodside, NY, 11377",6510 48th Street,Woodside,NY,11377,"$4,750.00",2,NO
2023,Harlem Underground Clothing Company,"2217 Frederick Douglas Blvd, New York, NY, 10026",2217 Frederick Douglas Blvd,New York,NY,10026,"$4,750.00",,NO
2022,"Dry Clean Depot, Inc.","2123 Fredrick Douglas Blvd, New York, NY, 10026",2123 Fredrick Douglas Blvd,New York,NY,10026,"$4,748.00",2,NO
2020,All Capital Services Corp,"1501 Undercliff Avenue, Bronx, NY, 10453",1501 Undercliff Avenue,Bronx,NY,10453,"$4,735.00",4,NO
2021,Taste and Sabor LLC,"318 W. 231st Street, Bronx, NY, 10463",318 W. 231st Street,Bronx,NY,10463,"$4,731.00",1,NO
2020,Gorsha LLC & Hiyaw Gebreyohannes,"75 9th Avenue, New York, NY, 10011",75 9th Avenue,New York,NY,10011,"$4,730.00",1,NO
2021,2407 Beaumont LLC,"36 West 37th Street, New York, NY, 10018",36 West 37th Street,New York,NY,10018,"$4,726.00",3,NO
2021,All American Auto Body,"6005 Flushing Avenue, Maspeth, NY, 11378",6005 Flushing Avenue,Maspeth,NY,11378,"$4,725.00",1,NO
2022,Peter and Tasha Genatt,"200 E 74th St, New York, NY, 10021",200 E 74th St,New York,NY,10021,"$4,720.00",2,NO
2020,AL Construction,"151 Brighton Avenue, Staten Island, NY, 10301",151 Brighton Avenue,Staten Island,NY,10301,"$4,691.00",4,NO
2020,The Laundry Room of Staten Island,"443 Castleton Ave, Staten Island, NY, 10301",443 Castleton Ave,Staten Island,NY,10301,"$4,691.00",1,NO
2020,Wilson Kitchen Bath and Tiles Inc.,"2311C Forest Avenue, Staten Island, NY, 10303",2311C Forest Avenue,Staten Island,NY,10303,"$4,689.00",2,NO
2021,Schear Construction LLC,"150 Bay 17th St, Brooklyn, NY, 11214",150 Bay 17th St,Brooklyn,NY,11214,"$4,680.00",1,NO
2023,City Sites Design Interior Inc,"2570 West 17th Street, Brooklyn, NY, 11214",2570 West 17th Street,Brooklyn,NY,11214,"$4,670.00",1,NO
2023,Chipotle Kings Hwy - 2407,"1325 Kings Highway, Brooklyn, NY, 11229",1325 Kings Highway,Brooklyn,NY,11229,"$4,666.00",97,NO
2020,"Orale Group, Inc. T/A Casa Taqueria","40 Gold Street, New York, NY, 10038",40 Gold Street,New York,NY,10038,"$4,660.00",1,NO
2020,New York Helicopter Charter Inc.,"6 E River Piers, New York, NY, 10004",6 E River Piers,New York,NY,10004,"$4,655.00",1,NO
2020,Osteria Nando New Mediterranean Cuisine,"1589 Second Avenue, New York, NY, 10028",1589 Second Avenue,New York,NY,10028,"$4,652.00",5,NO
2020,ABC Happy Tour Inc,"220-22 73rd Avenue, Oakland Gardens, NY, 11364",220-22 73rd Avenue,Oakland Gardens,NY,11364,"$4,622.00",1,NO
2023,Dolmen JDR Restoration Corp,"6108 3rd Avenue, Brooklyn, NY, 11220",6108 3rd Avenue,Brooklyn,NY,11220,"$4,620.00",1,NO
2022,Elite Williamsburg,"128 Metropolitan Ave, Brooklyn, NY, 11249",128 Metropolitan Ave,Brooklyn,NY,11249,"$4,604.00",2,NO
2023,Liji Zhao,"33-09 148 St., Flushing, NY, 11354",33-09 148 St.,Flushing,NY,11354,"$4,600.00",,NO
2023,Dilbar Fine Indian Cuisine & Bar,"248-08 Union Turnpike, Bellerose, NY, 11426",248-08 Union Turnpike,Bellerose,NY,11426,"$4,597.00",,NO
2023,Chipotle Jamaica Avenue - 3020,"160-02 Jamaica Avenue, Jamaica, NY, 11432",160-02 Jamaica Avenue,Jamaica,NY,11432,"$4,583.00",93,NO
2021,Little Wonders Inc,"88-66 Myrtle Ave, Glendale, NY, 11385",88-66 Myrtle Ave,Glendale,NY,11385,"$4,580.00",1,NO
2021,Hakeem Security Services Inc,"847 Halsey St, Brooklyn, NY, 11233",847 Halsey St,Brooklyn,NY,11233,"$4,574.00",2,NO
2023,Chipotle -274 Madison Avenue - 1255,"274 Madison Avenue, New York, NY, 10016",274 Madison Avenue,New York,NY,10016,"$4,566.00",113,NO
2022,Acquisition Initiatives LLC,"362 Stockton Street, Brooklyn, NY, 11206",362 Stockton Street,Brooklyn,NY,11206,"$4,563.00",1,NO
2023,Bubble Tea Garden,"159-03 Hillside Ave, Jamaica, NY, 11432",159-03 Hillside Ave,Jamaica,NY,11432,"$4,560.00",1,NO
2023,Law Offices of Marjory Cajoux,"406 Atlantic Ave, Brooklyn, NY, 11217",406 Atlantic Ave,Brooklyn,NY,11217,"$4,560.00",1,NO
2021,Caroline OMahony and Martin OMahony,"666 Greenwich Street, New York, NY, 10014",666 Greenwich Street,New York,NY,10014,"$4,553.00",2,NO
2020,Korean American Family Service Center,"147-29 Elm Avenue, Flushing, NY, 11355",147-29 Elm Avenue,Flushing,NY,11355,"$4,526.00",1,NO
2023,Valverde Improvements & Construction Corp,"28-10 Steinway St., Astoria, NY, 11103",28-10 Steinway St.,Astoria,NY,11103,"$4,512.00",,NO
2022,Good Neighbor Laundromat Corp. / Good Neighbor,"10502 37th Avenue, Corona, NY, 11368",10502 37th Avenue,Corona,NY,11368,"$4,500.00",1,NO
2022,La Chula Taqueria,"137 East 116th Street, New York, NY, 10029",137 East 116th Street,New York,NY,10029,"$4,500.00",2,NO
2020,Los Andes Bakery and Restaurant,"106-16 Corona Ave, Corona, NY, 11368",106-16 Corona Ave,Corona,NY,11368,"$4,500.00",2,NO
2021,Lubos & Joshua Ashley Kuzar,"20 E 74th Street, New York, NY, 10021",20 E 74th Street,New York,NY,10021,"$4,500.00",2,NO
2021,Pedro Rojos /Don Pedro Tortilleria,"407 Wilson Ave., Brooklyn, NY, 11221",407 Wilson Ave.,Brooklyn,NY,11221,"$4,500.00",1,NO
2020,White Glove Community Care Agency - CDPAP,"861 Park Ave, Brooklyn, NY, 11206",861 Park Ave,Brooklyn,NY,11206,"$4,488.00",3,NO
2022,Valana Construction Corp,"2437 83rd Street, Jackson Heights, NY, 11370",2437 83rd Street,Jackson Heights,NY,11370,"$4,470.00",,NO
2022,Caspar Zax Design Corp.,"1500 Ocean Pkwy., Brooklyn, NY, 11230",1500 Ocean Pkwy.,Brooklyn,NY,11230,"$4,464.00",1,NO
2022,"ABALON EXTERMINATING COMPANY, INC.","261 5TH AVE RM 1504, New York, NY, 10016",261 5TH AVE RM 1504,New York,NY,10016,"$4,462.00",,NO
2023,Sheltering Arms,"25 Broadway, New York, NY, 10008",25 Broadway,New York,NY,10008,"$4,455.00",1,NO
2023,AFT Custom Marble and Granite Inc,"291 Richardson St, Brooklyn, NY, 11222",291 Richardson St,Brooklyn,NY,11222,"$4,450.00",2,NO
2021,Windsor Park Nursing Home Inc,"212-40 Hillside Avenue, Queens Village, NY, 11427",212-40 Hillside Avenue,Queens Village,NY,11427,"$4,450.00",2,NO
2023,New Hope Family Worship Center,"817 Livonia Avenue, Brooklyn, NY, 11207",817 Livonia Avenue,Brooklyn,NY,11207,"$4,440.00",1,NO
2021,Luis Quinotoa,"1145 Lafayette Avenue, Brooklyn, NY, 11221",1145 Lafayette Avenue,Brooklyn,NY,11221,"$4,439.00",2,NO
2023,Court Street Tavern,"449 Court St, Brooklyn, NY, 11231",449 Court St,Brooklyn,NY,11231,"$4,433.00",1,NO
2022,Hyper Structure Corp.,"74 Pennsylvania Avenue, Brooklyn, NY, 11207",74 Pennsylvania Avenue,Brooklyn,NY,11207,"$4,433.00",3,NO
2022,Park Terrace Rehabiliation & Nursing Center,"59-20 Van Doren Street, Rego Park, NY, 11368",59-20 Van Doren Street,Rego Park,NY,11368,"$4,431.00",1,NO
2021,AM Expediting Drafting & Design Service LLC,"116-15 Myrtle Avenue, Richmond Hill, NY, 11418",116-15 Myrtle Avenue,Richmond Hill,NY,11418,"$4,426.00",2,NO
2021,Island Fusion Caribbean Restaurant,"139-20 243rd Street, Rosedale, NY, 11422",139-20 243rd Street,Rosedale,NY,11422,"$4,424.00",,NO
2023,Phoenix HVAC Refrigeration Service Corp,"1167 Arden Avenue, Staten Island, NY, 10312",1167 Arden Avenue,Staten Island,NY,10312,"$4,420.00",3,NO
2021,Guadalupe Vera,"53-42 70th Street, Flushing, NY, 11378",53-42 70th Street,Flushing,NY,11378,"$4,381.00",2,NO
2020,Pedro Hurtado-Ronquillo,"1879 Stanhope St, Ridgewood, NY, 11385",1879 Stanhope St,Ridgewood,NY,11385,"$4,373.00",3,NO
2023,Hui Shen Zhang,"69-01 174th St, Fresh Meadows, NY, 11365",69-01 174th St,Fresh Meadows,NY,11365,"$4,370.00",,NO
2024,Manna House Bakery,"16 Bowery, New York, NY, 10013",16 Bowery,New York,NY,10013,"$4,365.00",,NO
2023,BCS Data Center Operations,"75 Broad Street, New York, NY, 10004",75 Broad Street,New York,NY,10004,"$4,364.00",,YES
2023,Chipotle - Columbia Univ - 921,"2841 Broadway, New york, NY, 10025",2841 Broadway,New york,NY,10025,"$4,358.00",104,NO
2021,Ultimate Care,"1000 Gates Ave, Brooklyn, NY, 11221",1000 Gates Ave,Brooklyn,NY,11221,"$4,351.00",6,NO
2020,Gertie Restaurant LLC,"58 Marcy Ave, Brooklyn, NY, 11211",58 Marcy Ave,Brooklyn,NY,11211,"$4,342.00",1,NO
2021,Complete Construction Management,"41 Gardner St, Brooklyn, NY, 11237",41 Gardner St,Brooklyn,NY,11237,"$4,339.00",1,NO
2022,Sabor Argentino NYC,"57 7th Avenue S 1st Flr, New York, NY, 10014",57 7th Avenue S 1st Flr,New York,NY,10014,"$4,338.00",,NO
2023,Chipotle Soho East - 1597,"71 Spring Street, NEw York, NY, 10012",71 Spring Street,NEw York,NY,10012,"$4,332.00",78,NO
2023,Chipotle Ralph Avenue - 3265,"2179 Ralph Avenue, Brooklyn, ny, 11234",2179 Ralph Avenue,Brooklyn,ny,11234,"$4,330.00",162,NO
2023,Exclusive Management Solution Group Inc,"1492 5th Avenue, New York, NY, 10035",1492 5th Avenue,New York,NY,10035,"$4,328.00",,NO
2021,Metropolitan Builders and Contractors LLC,"385 5th Avenue, New York, NY, 10016",385 5th Avenue,New York,NY,10016,"$4,313.00",1,NO
2022,Ago & Alaudin General Contracting,"1070 2nd Avenue, New York, NY, 10022",1070 2nd Avenue,New York,NY,10022,"$4,310.00",4,NO
2022,Maximum Medical Management LLC,"1982 Belmont Ave, Bronx, NY, 10457",1982 Belmont Ave,Bronx,NY,10457,"$4,302.00",2,NO
2023,Silver Lining Homecare Agency,"1115 Avenue U, Brooklyn, NY, 11223",1115 Avenue U,Brooklyn,NY,11223,"$4,297.00",,NO
2023,Hawk AA LLC General Contractors,"64a Driggs Avenue, Brooklyn, NY, 11222",64a Driggs Avenue,Brooklyn,NY,11222,"$4,295.00",,NO
2020,Park Avenue Liquor Shop,"270 Madison Ave, New York, NY, 10016",270 Madison Ave,New York,NY,10016,"$4,278.00",1,NO
2022,AEF Delivery Inc.,"57-47 47th Street, New York, NY, 11378",57-47 47th Street,New York,NY,11378,"$4,267.00",2,YES
2022,AEF Delivery Inc.,"57-47 47th Street, New York, NY, 11378",57-47 47th Street,New York,NY,11378,"$4,267.00",2,NO
2021,Personal Child Care Inc.,"1158 45th St, Brooklyn, NY, 11219",1158 45th St,Brooklyn,NY,11219,"$4,260.00",1,NO
2023,Handyman Specialists Inc,"1641 Bayview Avenue, Bronx, NY, 10461",1641 Bayview Avenue,Bronx,NY,10461,"$4,250.00",,NO
2021,Jaclyn Michele Gindi,"310 E 53rd St, New York, NY, 10022",310 E 53rd St,New York,NY,10022,"$4,230.00",2,NO
2022,Arenas Masonry Corp,"33-38 109th Street, Corona, NY, 11368",33-38 109th Street,Corona,NY,11368,"$4,228.00",,NO
2023,Love and Dough,"71 Jay Street, Brooklyn, NY, 11201",71 Jay Street,Brooklyn,NY,11201,"$4,212.00",,NO
2023,Chipotle Jackson Heights - 2418,"8710 Northern Blvd, Jackson Heights, NY, 11372",8710 Northern Blvd,Jackson Heights,NY,11372,"$4,211.00",84,NO
2024,ARA Emotional Wellness & Mental Hygiene,"495 Flatbush Ave, Brooklyn, NY, 11225",495 Flatbush Ave,Brooklyn,NY,11225,"$4,208.00",,NO
2020,Franklin Square Diner,"39-14 Queens Boulevard, Sunnyside, NY, 11104",39-14 Queens Boulevard,Sunnyside,NY,11104,"$4,205.00",1,NO
2022,JSC Mechanical Inc,"30-64 Review Avenue, Long Island City, NY, 11101",30-64 Review Avenue,Long Island City,NY,11101,"$4,200.00",1,NO
2022,Juan Gilberto Maria Tirado,"4014 Bronx Blvd, Bronx, NY, 10466",4014 Bronx Blvd,Bronx,NY,10466,"$4,200.00",2,NO
2022,American International Security,"101 Tyrellan Avenue, Staten Island, NY, 10309",101 Tyrellan Avenue,Staten Island,NY,10309,"$4,188.00",3,YES
2024,MDM Transportation Corp,"3175 East Tremont, Bronx, NY, 10461",3175 East Tremont,Bronx,NY,10461,"$4,187.00",,NO
2020,Allied Partners,"770 Lexington Ave, New York, NY, 10021",770 Lexington Ave,New York,NY,10021,"$4,174.00",1,NO
2022,Pensions & Forecasting LLC,"4201 Avenue M, Brooklyn, NY, 11234",4201 Avenue M,Brooklyn,NY,11234,"$4,167.00",1,NO
2023,Alex AVC Corp,"25-25 23rd Street, Astoria, NY, 11102",25-25 23rd Street,Astoria,NY,11102,"$4,163.00",,NO
2022,Tim's Remodeling Contractor,"2690 Morris Ave 3J, Bronx, NY, 10468",2690 Morris Ave 3J,Bronx,NY,10468,"$4,163.00",1,NO
2023,Mac Industries,"21540 28th Avenue, Bayside, NY, 11360",21540 28th Avenue,Bayside,NY,11360,"$4,162.00",,NO
2022,Floridian Plaza Diner,"2301 Flatbush Aveue, Brooklyn, NY, 11234",2301 Flatbush Aveue,Brooklyn,NY,11234,"$4,158.00",,NO
2023,Chipotle Montague Street 561,"185 Montague St, Brooklyn, NY, 11201",185 Montague St,Brooklyn,NY,11201,"$4,151.00",101,NO
2021,C.L. Renovations Corp,"10454 113th Street. FL 1, South Richmond Hill, NY, 11419",10454 113th Street. FL 1,Richmond Hill,NY,11419,"$4,140.00",,NO
2023,Lasorsa Management Corp New Rochelle Chevrolet,"3510 Webster Ave, Bronx, NY, 10467",3510 Webster Ave,Bronx,NY,10467,"$4,140.00",,NO
2022,Pinnacle Security Patrol Inc,"224-17 Merrick Blvd, Springfield, NY, 11413",224-17 Merrick Blvd,Springfield,NY,11413,"$4,112.00",1,NO
2023,Chipotle 161st Street - 2838,"260 East 161st Street, Bronx, NY, 10451",260 East 161st Street,Bronx,NY,10451,"$4,106.00",96,NO
2024,3 Times,"90 Clinton Street, New York, NY, 10002",90 Clinton Street,New York,NY,10002,"$4,101.00",,NO
2021,Joseph and Natalya Cestra,"149-42 82nd St, Howard Beach, NY, 11414",149-42 82nd St,Howard Beach,NY,11414,"$4,100.00",2,NO
2021,Hampshire House Operating Corporation,"245 Park Ave Suite 3913, New York, NY, 10167",245 Park Ave Suite 3913,New York,NY,10167,"$4,092.00",1,NO
2021,Epay World LLC,"132 32nd Street, Brooklyn, NY, 11232",132 32nd Street,Brooklyn,NY,11232,"$4,083.00",1,NO
2020,Martin Electrical Contractors Inc.,"385 Wild Ave, Staten Island, NY, 10314",385 Wild Ave,Staten Island,NY,10314,"$4,077.00",2,NO
2020,Om Namaste Bookshop LLC T/A AUM Shanti Books..,"230 East 14th Street, New York, NY, 10003",230 East 14th Street,New York,NY,10003,"$4,077.00",,NO
2020,Spoonfed NYC,"331 West 51st, New York, NY, 10019",331 West 51st,New York,NY,10019,"$4,074.00",1,NO
2021,Dr. Madhu Malhotra MD,"5801 5th Ave, Brooklyn, NY, 11220",5801 5th Ave,Brooklyn,NY,11220,"$4,063.00",1,NO
2024,Amin Home Improvements Inc,"8832 Spritz Road, Ozone Park, NY, 11417",8832 Spritz Road,Ozone Park,NY,11417,"$4,050.00",,NO
2024,IAG Construction Inc,"World Trade Center, New York, NY, 10119",World Trade Center,New York,NY,10119,"$4,048.00",,NO
2021,New York Plumbing Supply,"595 Bruckner Blvd, Bronx, NY, 10455",595 Bruckner Blvd,Bronx,NY,10455,"$4,038.00",1,NO
2023,United Staffing Solutions Agency at Life Pire,"2430 Bath Ave, Brooklyn, NY, 11214",2430 Bath Ave,Brooklyn,NY,11214,"$4,035.00",1,NO
2022,Taste Spot,"1911 Avenue U, Brooklyn, NY, 11229",1911 Avenue U,Brooklyn,NY,11229,"$4,032.00",,NO
2020,All Care Home Health Services LLC,"6812 New Utrecht Avenue, Brooklyn, NY, 11219",6812 New Utrecht Avenue,Brooklyn,NY,11219,"$4,029.00",3,NO
2023,Bodyworks For Your Health,"1115 Broadway, New York, NY, 10010",1115 Broadway,New York,NY,10010,"$4,020.00",1,NO
2023,Theresa Home Care Agency,"10114 Liberty Avenue, Ozone Park, NY, 11417",10114 Liberty Avenue,Ozone Park,NY,11417,"$4,017.00",,NO
2022,Bloomberg Construction Inc,"37-11C 74th Street, Jackson Heights, NY, 11377",37-11C 74th Street,Jackson Heights,NY,11377,"$4,000.00",3,NO
2022,ELH Management,"16 Court Street #800, Brooklyn, NY, 11241",16 Court Street #800,Brooklyn,NY,11241,"$4,000.00",,NO
2022,Gag Construction,"70-17 45th Avenue, Woodside, NY, 11377",70-17 45th Avenue,Woodside,NY,11377,"$4,000.00",,NO
2023,Luxura Skincare Store / Luxura Spa,"673 Madison Ave, New York, NY, 10065",673 Madison Ave,New York,NY,10065,"$4,000.00",,NO
2020,Makeursati Building,"1280 85th Street, Brooklyn, NY, 11228",1280 85th Street,Brooklyn,NY,11228,"$4,000.00",1,NO
2020,Natasha Ferguson,"3951 Wilder Ave, Bronx, NY, 10466",3951 Wilder Ave,Bronx,NY,10466,"$4,000.00",2,NO
2020,Vermont Louise Fabrics LLC,"307 W 36th Street, New York, NY, 10018",307 W 36th Street,New York,NY,10018,"$4,000.00",1,NO
2023,Chipotle Stuyvesant Town - 2476,"286 First Avenue, New York, NY, 10009",286 First Avenue,New York,NY,10009,"$3,998.00",82,NO
2023,Gotham Drywall Inc,"244-250 Green Street, Brooklyn, NY, 11222",244-250 Green Street,Brooklyn,NY,11222,"$3,995.00",,NO
2022,Naviguard Technology Solutions LLC,"3806A 15th Avenue, Brooklyn, NY, 11218",3806A 15th Avenue,Brooklyn,NY,11218,"$3,993.00",1,NO
2023,Chipotle Staten Island Mall - 2918,"2655 Richmond Avenue, Unit P05, Staten Island, NY, 10314",2655 Richmond Avenue  Unit P05,Staten Island,NY,10314,"$3,985.00",91,NO
2020,Germano Studios Inc,"676 Broadway, New York, NY, 10012",676 Broadway,New York,NY,10012,"$3,978.00",1,NO
2021,Donato Inc,"414 3rd Ave, Brooklyn, NY, 11215",414 3rd Ave,Brooklyn,NY,11215,"$3,976.00",1,NO
2022,Foster Renovation Corp.,"2212 Brigham, Brooklyn, NY, 11229",2212 Brigham,Brooklyn,NY,11229,"$3,960.00",2,NO
2020,Food Universe,"127-16 111th Ave, South Ozone Park, NY, 11420",127-16 111th Ave,South Ozone Park,NY,11420,"$3,950.00",1,NO
2020,Ala Turk Inc,"1417 Second Avenue, New York, NY, 10021",1417 Second Avenue,New York,NY,10021,"$3,946.00",22,NO
2021,James Shih and Sherry Lee,"520 West 28th Street, New York, NY, 10001",520 West 28th Street,New York,NY,10001,"$3,931.00",2,NO
2024,Construction Interior Cityway Corp,"1230 College Ave, Bronx, NY, 10456",1230 College Ave,Bronx,NY,10456,"$3,920.00",,NO
2024,Liuba Management,"6120 18th Avenue, Brooklyn, NY, 11204",6120 18th Avenue,Brooklyn,NY,11204,"$3,909.00",,NO
2023,Regional Management and Consulting,"79 Bridgewater St., Brooklyn, NY, 11222",79 Bridgewater St.,Brooklyn,NY,11222,"$3,908.00",,NO
2022,Veritas Property Management,"1995 Broadway, New York, NY, 10023",1995 Broadway,New York,NY,10023,"$3,908.00",1,NO
2022,Terra Glamping,"342 East 7th Street, Brooklyn, NY, 11218",342 East 7th Street,Brooklyn,NY,11218,"$3,899.00",1,NO
2021,United Sikhs,"101-05 Lefferts Blvd, S. Richmond HIll, NY, 11419",101-05 Lefferts Blvd,Richmond HIll,NY,11419,"$3,897.00",1,YES
2022,Jadwiga Kolompar,"1117 William Court, Brooklyn, NY, 11235",1117 William Court,Brooklyn,NY,11235,"$3,863.00",,NO
2021,Westech Security and Investigation Inc,"3040 East Tremont, Bronx, NY, 10461",3040 East Tremont,Bronx,NY,10461,"$3,860.00",1,NO
2023,Ricco Pollo Restaurant,"4523 5th Avenue, Brooklyn, NY, 11220",4523 5th Avenue,Brooklyn,NY,11220,"$3,857.00",,YES
2023,Fairview Rehab and Nursing Home,"69-70 Grand Central Parkway, Queens, NY, 11375",69-70 Grand Central Parkway,Queens,NY,11375,"$3,842.00",,NO
2023,CVP Constructions Corp,"7515 Broadway, Elmhurst, NY, 11373",7515 Broadway,Elmhurst,NY,11373,"$3,834.00",,NO
2021,Famous Deli,"807 Astoria Blvd, Astoria, NY, 11102",807 Astoria Blvd,Astoria,NY,11102,"$3,831.00",,NO
2021,Acacia Network Housing Inc.,"1064 Franklin Avenue, Bronx, NY, 10456",1064 Franklin Avenue,Bronx,NY,10456,"$3,821.00",1,NO
2022,Total Transportation Corp.,"400 Stanley Avenue, Brooklyn, NY, 11207",400 Stanley Avenue,Brooklyn,NY,11207,"$3,812.00",,NO
2020,Moms Kitchen & Bar,"701 9th Avenue, New York, NY, 10019",701 9th Avenue,New York,NY,10019,"$3,808.00",1,NO
2023,All American Homecare,"391 East 149th Street, Bronx, NY, 10455",391 East 149th Street,Bronx,NY,10455,"$3,806.00",1,NO
2020,Super Steel,"220 Junius St, Brooklyn, NY, 11212",220 Junius St,Brooklyn,NY,11212,"$3,805.00",1,NO
2020,Ramen & Sushi House Charm Asia Cuisine,"7911 Jamaica Ave, Woodhaven, NY, 11421",7911 Jamaica Ave,Woodhaven,NY,11421,"$3,803.00",1,NO
2023,Arrow Security,"247 W 35th Street, New York, NY, 10001",247 W 35th Street,New York,NY,10001,"$3,785.00",,NO
2021,Skyline Restoration Inc. / New Limits Restoration Cor..,"49-28 31st Place, Long Island City, NY, 11101",49-28 31st Place,Long Island City,NY,11101,"$3,783.00",2,NO
2021,La Fonda Boricua,"169 East 106th Street, New York, NY, 10029",169 East 106th Street,New York,NY,10029,"$3,750.00",2,NO
2023,Healthfirst,"100 Church Street, New York, NY, 10007",100 Church Street,New York,NY,10007,"$3,738.00",,NO
2020,Miguel Alejandro Yanza,"4159 Denman St., Flushing, NY, 11373",4159 Denman St.,Flushing,NY,11373,"$3,717.00",3,NO
2020,Avalanche Cooling Corp,"140 58th Street, Bldg. A, Brooklyn, NY, 11220",140 58th Street  Bldg. A,Brooklyn,NY,11220,"$3,712.00",,NO
2020,Allborough Personal Care Inc,"300 Codman West Plaza, Brooklyn, NY, 11201",300 Codman West Plaza,Brooklyn,NY,11201,"$3,705.00",1,NO
2020,All My Children Day Care and Nursery School,"317 Rogers Avenue, Brooklyn, NY, 11225",317 Rogers Avenue,Brooklyn,NY,11225,"$3,693.00",2,NO
2023,Island Family Dental,"4032 Richmond Avenue, Staten Island, NY, 10312",4032 Richmond Avenue,Staten Island,NY,10312,"$3,693.00",,NO
2023,13th Avenue Pharmacy,"5211 13th Avenue, Brooklyn, NY, 11219",5211 13th Avenue,Brooklyn,NY,11219,"$3,674.00",,NO
2023,Brooklyn Waffle House,"742 Nostrand Avenue, Brooklyn, NY, 11216",742 Nostrand Avenue,Brooklyn,NY,11216,"$3,674.00",,NO
2022,Mount Sinai West Hospital,"1000 Tenth Avenue, New York, NY, 10019",1000 Tenth Avenue,New York,NY,10019,"$3,673.00",1,NO
2020,Custom Millwork Installation LLC,"60-67 60th Ave, Maspeth, NY, 11378",60-67 60th Ave,Maspeth,NY,11378,"$3,672.00",2,NO
2021,IWCL USA Inc,"500 Fashion Ave., New York, NY, 10018",500 Fashion Ave.,New York,NY,10018,"$3,664.00",1,NO
2023,Chipotle - Chelsea West - 1277,"149 8th Avenue, New York, NY, 10011",149 8th Avenue,New York,NY,10011,"$3,659.00",102,NO
2023,What's Up Dog,"175 Knickerbocker Avenue, Brooklyn, NY, 11237",175 Knickerbocker Avenue,Brooklyn,NY,11237,"$3,650.00",1,NO
2021,R and C Transit Inc,"96-01 Springfield Blvd, Queens Village, NY, 11429",96-01 Springfield Blvd,Queens Village,NY,11429,"$3,640.00",1,NO
2023,Chipotle - Gramercy Park - 1237,"125 East 23rd Street, New York, NY, 10010",125 East 23rd Street,New York,NY,10010,"$3,636.00",90,NO
2022,Puerto Rican Family Institute Inc,"145 W 15th St, New York, NY, 10011",145 W 15th St,New York,NY,10011,"$3,635.00",1,YES
2023,Camp Binyan David,"134 Rutledge St, Brooklyn, NY, 11211",134 Rutledge St,Brooklyn,NY,11211,"$3,630.00",6,NO
2022,"PJ Mechanical Service & Maintenance, LLC","55 Broad Street, New York, NY, 10004",55 Broad Street,New York,NY,10004,"$3,614.00",,NO
2022,Dr.Brendan Mac Repair,"8 St Marks Place, New York, NY, 10003",8 St Marks Place,New York,NY,10003,"$3,610.00",1,NO
2022,IJZ Associates Inc,"428 Johnson Ave, Brooklyn, NY, 11237",428 Johnson Ave,Brooklyn,NY,11237,"$3,602.00",,NO
2022,LA Masseria Dei Vnin,"887 9th Avenue, New York, NY, 10019",887 9th Avenue,New York,NY,10019,"$3,602.00",,NO
2020,AES Renovation Corp.,"128-11 23rd Ave, College Point, NY, 11356",128-11 23rd Ave,College Point,NY,11356,"$3,600.00",1,NO
2023,Avant Services Corp,"60 East 42nd St, New York, NY, 10165",60 East 42nd St,New York,NY,10165,"$3,600.00",,NO
2022,Dynamite Youth Center,"1830 Coney Island Avenue, Brooklyn, NY, 11230",1830 Coney Island Avenue,Brooklyn,NY,11230,"$3,600.00",1,NO
2022,Hamaspik Care Inc,"1105 McDonald Ave, Brooklyn, NY, 11280",1105 McDonald Ave,Brooklyn,NY,11280,"$3,600.00",1,NO
2021,India Cafe,"246-04 Jericho Tpke, Floral Park, NY, 11001",246-04 Jericho Tpke,Floral Park,NY,11001,"$3,600.00",1,NO
2021,Martin Electrical Contractors Inc.,"385 Wild Ave., Staten Island, NY, 10314",385 Wild Ave.,Staten Island,NY,10314,"$3,600.00",1,NO
2022,Phil and Lauren Tamplin,"150 Charles St., New York, NY, 10014",150 Charles St.,New York,NY,10014,"$3,600.00",2,NO
2021,New Life Drywall Finish Corp.,"1146 44th Drive, Long Island City, NY, 11101",1146 44th Drive,Long Island City,NY,11101,"$3,580.00",2,NO
2023,Chipotle Williamsburg NY - 2895,"130 North 4th Street, Brooklyn, NY, 11249",130 North 4th Street,Brooklyn,NY,11249,"$3,573.00",79,NO
2023,Lutheran Social Services of NY,"475 Riverside Drive, New York, NY, 10115",475 Riverside Drive,New York,NY,10115,"$3,570.00",1,NO
2023,El Nuevo Cibao,"172 Smith Street, Brooklyn, NY, 11201",172 Smith Street,Brooklyn,NY,11201,"$3,564.00",,NO
2022,Arader Galleries,"1016 Madisin Ave, New York, NY, 10075",1016 Madisin Ave,New York,NY,10075,"$3,553.00",1,NO
2022,Heithem Anoun and Layal Alfayed,"235 Kinghorn St, Staten Island, NY, 10312",235 Kinghorn St,Staten Island,NY,10312,"$3,544.00",1,NO
2022,LIJ Medical Center,"270-05 76th Avenue, New Hyde Park, NY, 11040",270-05 76th Avenue,New Hyde Park,NY,11040,"$3,537.00",1,NO
2020,American International Group,"101 Tyrellan Ave, Staten Island, NY, 10309",101 Tyrellan Ave,Staten Island,NY,10309,"$3,534.00",1,NO
2023,Chipotle Union Square South - 1359,"117 East 14th Street, New York, NY, 10003",117 East 14th Street,New York,NY,10003,"$3,522.00",124,NO
2023,"City Sites Design Interior, Inc.","2570 West 17th Street, Brooklyn, NY, 11214",2570 West 17th Street,Brooklyn,NY,11214,"$3,520.00",1,NO
2022,Forensic Psychological Services of NY PLLC,"347 Fifth Ave., New York, NY, 10016",347 Fifth Ave.,New York,NY,10016,"$3,520.00",,NO
2023,Chipotle Columbus Circle - 1435,"235 West 56th Street, New York, NY, 10019",235 West 56th Street,New York,NY,10019,"$3,516.00",116,NO
2022,EPL Diamond / Diatrade LLC,"9015 Queens Blvd., Queens, NY, 11373",9015 Queens Blvd.,Queens,NY,11373,"$3,513.00",1,NO
2021,Allied Universal,"229 W. 36th Street, New York, NY, 10018",229 W. 36th Street,New York,NY,10018,"$3,512.00",9,NO
2021,The Nature Company,"PO BOX 234, Far Rockaway, NY, 11691",PO BOX 234,Far Rockaway,NY,11691,"$3,508.00",,NO
2021,Food Fair,"2467 Jerome Ave, Bronx, NY, 10468",2467 Jerome Ave,Bronx,NY,10468,"$3,500.00",1,NO
2020,Magdalene,"524 Lorimer Street, Brooklyn, NY, 11211",524 Lorimer Street,Brooklyn,NY,11211,"$3,500.00",1,NO
2023,Martino Homes & Construction Inc,"162 Buffalo Avenue, Medford, NY, 11463",162 Buffalo Avenue,Medford,NY,11463,"$3,500.00",,NO
2021,Mirror Technology Inc,"575 Madison Avenue, New York, NY, 10022",575 Madison Avenue,New York,NY,11224,"$3,500.00",1,NO
2021,Bradbury Lewis,"4 Woods Rd, New York, NY, 10013",4 Woods Rd,New York,NY,10013,"$3,473.00",1,NO
2022,The Kixby Hotel,"45W 35th Street, New York, NY, 10001",45W 35th Street,New York,NY,10001,"$3,470.00",1,NO
2020,Playscripts Inc,"7 Penn Plaza, New York, NY, 10001",7 Penn Plaza,New York,NY,10001,"$3,465.00",1,NO
2021,New York Presbyterian Hospital,"Attn: Human Resources, New York, NY, 10032",Attn: Human Resources,New York,NY,10032,"$3,460.00",136,NO
2022,"The Pace Companies New York, LLC","41 Box Street, Brooklyn, NY, 11222",41 Box Street,Brooklyn,NY,11222,"$3,454.00",,NO
2020,AM Expediting Drafting and Design LLC,"116-15 Myrtle Avenue, Richmond Hill, NY, 11418",116-15 Myrtle Avenue,Richmond Hill,NY,11418,"$3,450.00",2,NO
2020,Custom Protective Services,"355 Lexington Avenue, New York, NY, 10017",355 Lexington Avenue,New York,NY,10017,"$3,448.00",,NO
2021,"The Perfect Child, LLC","1255 E 31st Street, Brooklyn, NY, 11210",1255 E 31st Street,Brooklyn,NY,11210,"$3,445.00",1,NO
2022,All City Restoration Inc.,"35-51 Crescent Street, Astoria, NY, 11106",35-51 Crescent Street,Astoria,NY,11106,"$3,420.00",2,NO
2023,Chubbby's Restaurant,"429 Central Avenue, Brooklyn, NY, 11221",429 Central Avenue,Brooklyn,NY,11221,"$3,412.00",,NO
2023,La Milagrosa,"4609 5th Avenue, Brooklyn, NY, 11220",4609 5th Avenue,Brooklyn,NY,11220,"$3,411.00",2,NO
2022,Ideal Optical Choice,"7602 5th Ave., Brooklyn, NY, 11204",7602 5th Ave.,Brooklyn,NY,11204,"$3,410.00",2,NO
2021,Alta SB Manager LLC,"622 Third Avenue, New York, NY, 10017",622 Third Avenue,New York,NY,10017,"$3,408.00",1,NO
2023,JMP Construction NY Inc,"9419 Roosevelt Ave, Queens, NY, 11369 Lexington Avenue, New York, NY, 10017",9419 Roosevelt Ave,Queens,NY,11369,"$3,404.00",,NO
2022,"IL Lighting, Inc","1942 75th Street, East Elmhurst, NY, 11370",1942 75th Street,East Elmhurst,NY,11370,"$3,400.00",1,NO
2023,Jam Installations Corp,"3728 75th St, Jackson Heights, NY, 11372",3728 75th St,Jackson Heights,NY,11372,"$3,400.00",1,NO
2023,"Peter Sandel Design, LLC","1 Union Square West, New York, NY, 10003",1 Union Square West,New York,NY,10003,"$3,400.00",,NO
2023,Reiki Construction Corp LLC,"20 Saint Pauls Court, Brooklyn, NY, 11226",20 Saint Pauls Court,Brooklyn,NY,11226,"$3,400.00",,NO
2023,Chipotle 283 Seventh Ave - 643,"283 Seventh Ave, New York, NY, 10001",283 Seventh Ave,New York,NY,10001,"$3,395.00",106,NO
2020,Tiger Consulting,"3805 Broadway, Astoria, NY, 11103",3805 Broadway,Astoria,NY,11103,"$3,390.00",1,NO
2022,Btween LLC,"1412 Broadway, New York, NY, 11355",1412 Broadway,New York,NY,11355,"$3,384.00",1,NO
2022,Btween LLC,"1412 Broadway, New York, NY, 11355",1412 Broadway,New York,NY,11355,"$3,384.00",1,NO
2023,Francisco Sosa,"240 Kent Avenue, Brooklyn, NY, 11249",240 Kent Avenue,Brooklyn,NY,11249,"$3,375.00",,NO
2023,Chipotle -Garment Center - 1321,"501 7th Avenue, New York, NY, 10018",501 7th Avenue,New York,NY,10018,"$3,372.00",103,NO
2020,Lil Genies Child Care Center,"762 41st Street, Brooklyn, NY, 11232",762 41st Street,Brooklyn,NY,11232,"$3,371.00",6,NO
2021,Madison Surgical Associates PC,"515 Madison Ave, New York, NY, 10022",515 Madison Ave,New York,NY,10022,"$3,361.00",1,NO
2022,Leon Dana AKA Dana Leon,"5520 Glenwood Road, Brooklyn, NY, 11234",5520 Glenwood Road,Brooklyn,NY,11234,"$3,360.00",1,NO
2020,China Pavillion,"302 Troy Ave, Brooklyn, NY, 11213",302 Troy Ave,Brooklyn,NY,11213,"$3,350.00",1,NO
2020,Nai Brother Inc,"135-03 Roosevelt Avenue, Flushing, NY, 11354",135-03 Roosevelt Avenue,Flushing,NY,11354,"$3,350.00",,NO
2020,Harvard Protection Services,"59 Maiden Lane, New York, NY, 10038",59 Maiden Lane,New York,NY,10038,"$3,339.00",1,NO
2023,Chipotle Civic Center - 1630,"281 Broadway, New York, NY, 10007",281 Broadway,New York,NY,10007,"$3,335.00",110,NO
2022,Wineberry America LLC,"107 East 31st Street, New York, NY, 10016",107 East 31st Street,New York,NY,10016,"$3,334.00",1,NO
2023,L.I.F.E. CAMPS INC.,"111-12 Sutphin Boulevard, Queens, NY, 11435",111-12 Sutphin Boulevard,Queens,NY,11435,"$3,330.00",,NO
2023,Toni Sunshine Day Care,"2235 5th Avenue, New York, NY, 10037",2235 5th Avenue,New York,NY,10037,"$3,325.00",2,NO
2021,"Excell Home Fashions, Inc.","1333 Broadway, New York, NY, 10018",1333 Broadway,New York,NY,10018,"$3,324.00",1,NO
2021,Jumbo Hamburger,"274 West 145th Street, New York, NY, 10039",274 West 145th Street,New York,NY,10039,"$3,320.00",,NO
2021,"Moni K, LLC","118-35 Queens Blvd, Queens, NY, 11375",118-35 Queens Blvd,Queens,NY,11375,"$3,320.00",1,NO
2022,Splicex,"2940 Ocean Parkway, Brooklyn, NY, 11235",2940 Ocean Parkway,Brooklyn,NY,11235,"$3,301.00",1,NO
2023,A B Iron Work,"1638 Centre Street, Ridgewood, NY, 11385",1638 Centre Street,Ridgewood,NY,11385,"$3,300.00",1,NO
2020,Alejandro Furniture of NY Inc,"9512 37th Avenue, Jackson Heights, NY, 11372",9512 37th Avenue,Jackson Heights,NY,11372,"$3,300.00",2,NO
2021,Top Notch Building Construction,"142 19 120th Ave, Jamaica, NY, 11436",142 19 120th Ave,Jamaica,NY,11436,"$3,300.00",1,NO
2023,Loews Regency Hotel,"Attn: Human Resources, New York, NY, 10065",Attn: Human Resources,New York,NY,10065,"$3,296.00",1,NO
2020,Remi,"145 W 53rd St, New York, NY, 10019",145 W 53rd St,New York,NY,10019,"$3,290.00",1,NO
2020,Yakamoz on the Hudson Corporation T/A Takunya N..,"235 East 81st Street, New York, NY, 10028",235 East 81st Street,New York,NY,10028,"$3,281.00",,NO
2023,Baau Design ID Inc,"5623 226th Street, Oakland Gardens, NY, 11369 Lexington Avenue, New York, NY, 10017",5623 226th Street,Oakland Gardens,NY,11369,"$3,280.00",,NO
2023,"Roma Construction and Brownstone, LLC","1317 41st Street, Brooklyn, NY, 11218",1317 41st Street,Brooklyn,NY,11218,"$3,275.00",2,NO
2023,Soneros Restaurante,"92-02 Corona Avenue, Queens, NY, 11373",92-02 Corona Avenue,Queens,NY,11373,"$3,275.00",,NO
2023,Chipotle 601 8th Avenue - 2964,"601 8th Avenue, New York, ny, 10018",601 8th Avenue,New York,ny,10018,"$3,274.00",64,YES
2020,"Dr Lana Rozenberg, DDS","8 E. 63rd Street, New York, NY, 10021",8 E. 63rd Street,New York,NY,10021,"$3,272.00",1,NO
2020,Execu Search Group,"675 Third Avenue, New York, NY, 10017",675 Third Avenue,New York,NY,10017,"$3,257.00",4,NO
2020,Law Office of Thomas J Goodman,"291 Broadway, New York, NY, 10002",291 Broadway,New York,NY,10002,"$3,255.00",1,NO
2021,CAD Consulting Design Inc,"100 N. Village Ave., Rockville Center, NY, 11157",100 N. Village Ave.,Rockville Center,NY,11157,"$3,253.00",2,NO
2022,The Brooklyn Hospital Center,"121 Dekalb Avenue, Brooklyn, NY, 11201",121 Dekalb Avenue,Brooklyn,NY,11201,"$3,253.00",1,NO
2020,Footsteps Childcare Inc.,"1125 Broadway, Brooklyn, NY, 11212",1125 Broadway,Brooklyn,NY,11212,"$3,252.00",1,NO
2021,7th Avenue Stationers,"224 West 35th St, New York, NY, 10001",224 West 35th St,New York,NY,10001,"$3,250.00",1,NO
2022,Parveen Kumar,"104-29 92nd Street, Richmond Hill, NY, 11418",104-29 92nd Street,Richmond Hill,NY,11418,"$3,250.00",2,NO
2022,Le Palais Des Thes LLC,"107 Spring Street, New York, NY, 10012",107 Spring Street,New York,NY,10012,"$3,240.00",1,NO
2020,Leons Ambulette Inc,"114-22 170th Street, Jamaica, NY, 11434",114-22 170th Street,Jamaica,NY,11434,"$3,237.00",1,NO
2020,Council of People Organization Prek,"1083 Coney Island Avenue, Brooklyn, NY, 11230",1083 Coney Island Avenue,Brooklyn,NY,11230,"$3,231.00",,NO
2021,Wallstreet Networks LLC,"635 E. 6th Street, New York, NY, 10009",635 E. 6th Street,New York,NY,10009,"$3,231.00",1,NO
2020,Seigel Complex Inc,"147-11 Union Turnpike, Flushing, NY, 11367",147-11 Union Turnpike,Flushing,NY,11367,"$3,230.00",1,NO
2022,Systems 2000 Plumbing Services,"424 East 81st Street, New York, NY, 10026",424 East 81st Street,New York,NY,10026,"$3,230.00",1,YES
2023,Thomas Tailor Richer,"5631 Post Road, Bronx, NY, 10471",5631 Post Road,Bronx,NY,10471,"$3,220.00",,NO
2024,West Side Federation for Senior Supportive Housing,"2345 Broadway, New York, NY, 10024",2345 Broadway,New York,NY,10024,"$3,203.00",,NO
2024,DeRosa Paving Inc.,"137-09 Eastgate Plaza, Springfield Gardens,, NY, 11413",137-09 Eastgate Plaza,Springfield Gardens,NY,11413,"$3,201.00",,NO
2020,JLM Decorating NYC Inc,"199 Lee Avenue, Brooklyn, NY, 11211",199 Lee Avenue,Brooklyn,NY,11211,"$3,200.00",1,NO
2021,Yaso ll LLC,"253 36th St, Brooklyn, NY, 11232",253 36th St,Brooklyn,NY,11232,"$3,200.00",1,NO
2023,Chipotle Bay Plaza - 2659,"2122 Bartow Avenue, Bronx, NY, 10475",2122 Bartow Avenue,Bronx,NY,10475,"$3,180.00",98,NO
2023,Mac Shack,"901 Fulton Street, Brooklyn, NY, 11238",901 Fulton Street,Brooklyn,NY,11238,"$3,180.00",,NO
2023,Chipotle Columbia Presbyterian - 1968,"4009 Broadway, New York, NY, 10032",4009 Broadway,New York,NY,10032,"$3,169.00",129,NO
2022,Common Threads Project,"25 Plaza Street West, Brooklyn, NY, 11217",25 Plaza Street West,Brooklyn,NY,11217,"$3,166.00",1,NO
2022,Acacia Network/ United Bronx Parents,"300 East 175th Street, Bronx, NY, 10457",300 East 175th Street,Bronx,NY,10457,"$3,148.00",1,NO
2023,Andre's Hungarian Strudels and Pastries Inc.,"1049 First Avenue, New York, NY, 10022",1049 First Avenue,New York,NY,10022,"$3,146.00",,NO
2020,Pizzadilla and Wings,"1845 Nostrand Ave., Brooklyn, NY, 11225",1845 Nostrand Ave.,Brooklyn,NY,11225,"$3,135.00",1,NO
2020,Piccinini Brothers Inc,"633 9th Ave, New York, NY, 10036",633 9th Ave,New York,NY,10036,"$3,125.00",1,NO
2020,Happiness Pediatrics,"762 59th Street, Brooklyn, NY, 11220",762 59th Street,Brooklyn,NY,11220,"$3,104.00",1,NO
2020,AIR,"842 Astoria Blvd 1L, Astoria, NY, 11102",842 Astoria Blvd 1L,Astoria,NY,11102,"$3,093.00",1,YES
2021,Fruits A Plenty Inc. / New York Fruit King Inc.,"1507 Kings Highway, Brooklyn, NY, 11229",1507 Kings Highway,Brooklyn,NY,11229,"$3,087.00",1,NO
2022,B Hospitality Corp,"1250 Broadway, New York, NY, 10001",1250 Broadway,New York,NY,10001,"$3,082.00",1,NO
2022,EJ Electric,"4641 Vernon Boulevard, Long Island City, NY, 11101",4641 Vernon Boulevard,Long Island City,NY,11101,"$3,080.00",1,NO
2020,GSI Flushing Inc,"151-11 11th Ave, Whitestone, NY, 11357",151-11 11th Ave,Whitestone,NY,11357,"$3,080.00",3,NO
2022,Western Beef Retail Inc,"47-05 Metropolitan Avenue, Ridgewood, NY, 11385",47-05 Metropolitan Avenue,Ridgewood,NY,11385,"$3,065.00",,NO
2021,"Alpha Kappa Alpha Sorority, EPOC DCC Inc.","144-06 Rockaway Blvd., Jamaica, NY, 11436",144-06 Rockaway Blvd.,Jamaica,NY,11436,"$3,058.00",1,NO
2022,Sweetwater Labs LLC,"777 6th Avenue, New York, NY, 10001",777 6th Avenue,New York,NY,10001,"$3,050.00",1,NO
2022,Richmond Center and Rehabilitation,"91 Tompkins Ave, Staten Island, NY, 10304",91 Tompkins Ave,Staten Island,NY,10304,"$3,047.00",,NO
2022,Buon Gelato,"74-02 Eliot Avenue, Flushing, NY, 11379",74-02 Eliot Avenue,Flushing,NY,11379,"$3,040.00",,YES
2022,Pay Less 4 Braces,"34-49 Junction Blvd., Jackson Heights, NY, 11372",34-49 Junction Blvd.,Jackson Heights,NY,11372,"$3,027.00",1,NO
2022,916 Linden Corp,"916 Linden Blvd, Brooklyn, NY, 11203",916 Linden Blvd,Brooklyn,NY,11203,"$3,000.00",1,NO
2020,Cimagine Media Group LLC,"150 East 52nd St. #8002, New York, NY, 10022",150 East 52nd St. #8002,New York,NY,10022,"$3,000.00",1,NO
2021,Cross Bay Diner,"160-31 Cross Bay Blvd, Howard Beach, NY, 11414",160-31 Cross Bay Blvd,Howard Beach,NY,11414,"$3,000.00",1,NO
2022,Earl Scheib Paint & Body,"787 Bruckner Boulevard, Bronx, NY, 10455",787 Bruckner Boulevard,Bronx,NY,10455,"$3,000.00",1,NO
2023,Fresh Meadows Pizzeria & Restaurant,"195-09 69th Avenue, Fresh Meadows, NY, 11365",195-09 69th Avenue,Fresh Meadows,NY,11365,"$3,000.00",,NO
2024,I&S Brothers Construction Corp,"112 Memphis Ave, Staten Island, NY, 10312",112 Memphis Ave,Staten Island,NY,10312,"$3,000.00",,NO
2022,Made 21 Restaurant & Lounge,"231 S 4th Street, Brooklyn, NY, 11211",231 S 4th Street,Brooklyn,NY,11211,"$3,000.00",1,NO
2022,Marcus Patrick,"257E 92nd St, Brooklyn, NY, 11212",257E 92nd St,Brooklyn,NY,11212,"$3,000.00",3,NO
2023,Mr. G,"1954 Nostrand Avenue, Brooklyn, NY, 11210",1954 Nostrand Avenue,Brooklyn,NY,11210,"$3,000.00",,NO
2021,MTA Trading Inc,"154 Walworth Street, Brooklyn, NY, 11205",154 Walworth Street,Brooklyn,NY,11205,"$3,000.00",1,NO
2021,NY Medical Health Care Diagnostic PC,"2327 83rd Street, Brooklyn, NY, 11214",2327 83rd Street,Brooklyn,NY,11214,"$3,000.00",1,NO
2023,Venture Advisory Group Inc,"8 West 36th Street, New York, NY, 10018",8 West 36th Street,New York,NY,10018,"$3,000.00",,NO
2023,Whos Who of Professionals NY Inc,"3001 Northern Blvd, Long Island City, NY, 11101",3001 Northern Blvd,Long Island City,NY,11101,"$3,000.00",,YES
2021,Young Men's & Women's Hebrew Association of Willi..,"64 Division Avenue, Brooklyn, NY, 11249",64 Division Avenue,Brooklyn,NY,11249,"$3,000.00",1,NO
2023,FAB LLC Homecare Service,"215 West 125th Street, New York, NY, 10027",215 West 125th Street,New York,NY,10027,"$2,996.00",1,NO
2020,OLI Vine Restaurant,"36-03 Ditmars Blvd, Astoria, NY, 11105",36-03 Ditmars Blvd,Astoria,NY,11105,"$2,995.00",1,NO
2023,Home At Last Home Care Agency,"51-27 Queens Blvd., Woodside, NY, 11377",51-27 Queens Blvd.,Woodside,NY,11377,"$2,993.00",3,NO
2023,Chipotle 125th Street - 3216,"72 W 125th Street, New York, NY, 10027",72 W 125th Street,New York,NY,10027,"$2,984.00",79,NO
2020,Bionova Inc,"43-15 11th St, Long Island City, NY, 11101",43-15 11th St,Long Island City,NY,11101,"$2,977.00",1,NO
2022,Services for the Underserved,"463 7th Avenue, New York, NY, 10018",463 7th Avenue,New York,NY,10018,"$2,971.00",2,NO
2021,Arrow Inc,"750 Manhattan Avenue, Brooklyn, NY, 11222",750 Manhattan Avenue,Brooklyn,NY,11222,"$2,967.00",1,NO
2023,City MD / Summit Health,"1345 Sixth Avenue, New York, NY, 10105",1345 Sixth Avenue,New York,NY,10105,"$2,964.00",,NO
2021,"JS Management Solutions, Inc.","4545 Center Blvd., Long Island City, NY, 11109",4545 Center Blvd.,Long Island City,NY,11109,"$2,943.00",1,NO
2020,"Freedman & Co., CPA P.C.","61 Broadway #1602, New York, NY, 10006",61 Broadway #1602,New York,NY,10006,"$2,941.00",2,NO
2020,"Linden Towers Cooperative # 1, Inc.","3150 140 street, Flushing, NY, 11354",3150 140 street,Flushing,NY,11354,"$2,937.00",,NO
2023,Chipotle 56th & 6th - 1531,"1379 Sixth Avenue, New York, NY, 10019",1379 Sixth Avenue,New York,NY,10019,"$2,930.00",101,NO
2023,TRH Hospitality,"525 Fashion Avenue, New York, NY, 10018",525 Fashion Avenue,New York,NY,10018,"$2,928.00",1,NO
2023,Midtown Center Auto Repair,"537 West 38th Street, New York, NY, 10018",537 West 38th Street,New York,NY,10018,"$2,923.00",,NO
2023,Crunch Sushi on Plate Inc.,"5006 12th Ave, Brooklyn, NY, 11219",5006 12th Ave,Brooklyn,NY,11219,"$2,922.00",1,NO
2023,Galaxy Active LLC,"1411 Broadway, New York, NY, 10018",1411 Broadway,New York,NY,10018,"$2,917.00",1,NO
2020,Scholl Maintenance Corp,"72-24 243rd Street, Douglaston, NY, 11362",72-24 243rd Street,Douglaston,NY,11362,"$2,915.00",,NO
2021,North Coast Shark and Bake,"873 Schenectady Ave, Brooklyn, NY, 11203",873 Schenectady Ave,Brooklyn,NY,11203,"$2,910.00",1,NO
2022,Xu Li Chen,"5417 152nd Street, Flushing, NY, 11355",5417 152nd Street,Flushing,NY,11355,"$2,903.00",3,NO
2021,Goodwill NYNJ Store and Donation Center,"7 West 14th Street, New York, NY, 10011",7 West 14th Street,New York,NY,10011,"$2,896.00",1,NO
2023,Chipotle Fulton Street Mall - 3309,"474 Fulton Street, Brooklyn, ny, 11201",474 Fulton Street,Brooklyn,ny,11201,"$2,895.00",111,NO
2023,Chipotle - Kips Bay - 1829,"604 2nd Avenue, NEw York, NY, 10016",604 2nd Avenue,NEw York,NY,10016,"$2,881.00",94,NO
2020,Happy World Laundromat,"1148 W. Farms Rd., Bronx, NY, 10459",1148 W. Farms Rd.,Bronx,NY,10459,"$2,881.00",6,NO
2021,Romero Electric LLC,"700 W. 192nd Street, New York, NY, 10040",700 W. 192nd Street,New York,NY,10040,"$2,880.00",1,NO
2021,Trifecta Welding Inc.,"324 Poultney St, Staten Island, NY, 10308",324 Poultney St,Staten Island,NY,10308,"$2,880.00",1,NO
2022,Zappi & Buccheri Zappi Dermatology,"21 East 87th Street, New York, NY, 10128",21 East 87th Street,New York,NY,10128,"$2,880.00",1,NO
2020,Andrews Classic Brooklyn Bagels,"1017 Cortelyou RD, Brooklyn, NY, 11218",1017 Cortelyou RD,Brooklyn,NY,11218,"$2,870.00",1,YES
2023,L. Bacuku Construction Corp,"28-28 120th Street, Flushing, NY, 11354",28-28 120th Street,Flushing,NY,11354,"$2,870.00",2,NO
2023,Chipotle -69th and 1st - 1766,"1st Avenue, New York, NY, 10021",1st Avenue,New York,NY,10021,"$2,856.00",83,NO
2022,Lee Muma Organic Food,"3415 Neptune Avenue, Brooklyn, NY, 11226",3415 Neptune Avenue,Brooklyn,NY,11226,"$2,856.00",1,NO
2023,Chipotle - Tribeca - 1879,"275 Greenwich Street, New York, NY, 10007",275 Greenwich Street,New York,NY,10007,"$2,851.00",96,NO
2022,Omi,"251 Wallaboud, Brooklyn, NY, 11206",251 Wallaboud,Brooklyn,NY,11206,"$2,850.00",1,NO
2023,Basil Pizza & Wine Bar,"1277 President St., Brooklyn, NY, 11213",1277 President St.,Brooklyn,NY,11213,"$2,840.00",1,NO
2023,Chipotle Steinway Street - 3312,"31-73 Steinway Street, Astoria, ny, 11103",31-73 Steinway Street,Astoria,ny,11103,"$2,833.00",91,NO
2023,IRaise Girls & Boys International,"3650 White Plains Road, Bronx, NY, 10467",3650 White Plains Road,Bronx,NY,10467,"$2,827.00",,NO
2023,Attentive Home Care Agency Inc,"3131 Coney Island Ave, Brooklyn, NY, 11235",3131 Coney Island Ave,Brooklyn,NY,11235,"$2,820.00",1,NO
2022,Majestic Touch,"5019 Avenue North, Brooklyn, NY, 11234",5019 Avenue North,Brooklyn,NY,11234,"$2,820.00",1,NO
2020,Hometown Dumplings,"11619 85th St, New York, NY, 10028",11619 85th St,New York,NY,10028,"$2,810.00",1,NO
2020,WW & J Construction Inc,"3446 107th St., Corona, NY, 11368",3446 107th St.,Corona,NY,11368,"$2,809.00",1,NO
2023,Chipotle Nostrand Avenue - 2766,"2166 Nostrand Avenue, Brooklyn, NY, 11210",2166 Nostrand Avenue,Brooklyn,NY,11210,"$2,808.00",176,NO
2022,Drammeh Logistics LLC,"109 Bruckner Blvd, Bronx, NY, 10454",109 Bruckner Blvd,Bronx,NY,10454,"$2,800.00",,NO
2020,NY Medical Health Care / Blue Medical,"127 Lenox St, New York, NY, 10027",127 Lenox St,New York,NY,10027,"$2,800.00",1,NO
2020,Parrilla Latina,"2501 Webster Avenue, Bronx, NY, 10458",2501 Webster Avenue,Bronx,NY,10458,"$2,800.00",1,NO
2020,AA Contracting II Corp.,"64-14 Asquith Cres, Rego Park, NY, 11374",64-14 Asquith Cres,Rego Park,NY,11374,"$2,790.00",2,NO
2020,O'Malley Daycare,"372 Bainbridge St, Brooklyn, NY, 11233",372 Bainbridge St,Brooklyn,NY,11233,"$2,788.00",1,NO
2020,Cotter Barber,"503-34 Manhattan Avenue, Brooklyn, NY, 11211",503-34 Manhattan Avenue,Brooklyn,NY,11211,"$2,778.00",,NO
2022,Pinnacle Security,"224-17 Merrick Blvd., Laurelton, NY, 11413",224-17 Merrick Blvd.,Laurelton,NY,11413,"$2,775.00",1,NO
2022,The Council Cafe,"279 Nostrand Avenue, Brooklyn, NY, 11216",279 Nostrand Avenue,Brooklyn,NY,11216,"$2,775.00",,NO
2021,Advanced Medical Group PC,"1958 Ocean Ave, Brooklyn, NY, 11230",1958 Ocean Ave,Brooklyn,NY,11230,"$2,772.00",1,NO
2021,Lisa Marie Fernandez LLC,"455 Hudson Street, New York, NY, 10014",455 Hudson Street,New York,NY,10014,"$2,770.00",1,NO
2023,BlueRidge Home Care Agency,"1059 Fulton Street, Brooklyn, NY, 11238",1059 Fulton Street,Brooklyn,NY,11238,"$2,769.00",,NO
2020,310 E. 55th Street Tenants Corporation,"P.O. Box 040313, New York, NY, 11204",P.O. Box 040313,New York,NY,11204,"$2,760.00",1,NO
2022,Macy's Retail Holdings LLC T/A Macy's,"151 West 34th Street, New York, NY, 10001",151 West 34th Street,New York,NY,10001,"$2,758.00",1,NO
2020,Gamo Hidalgo Corp,"1717 Troutman Street, Ridgewood, NY, 11385",1717 Troutman Street,Ridgewood,NY,11385,"$2,750.00",1,NO
2021,Murray Hill Management Inc,"38-15 149 Street, Flushing, NY, 11354",38-15 149 Street,Flushing,NY,11354,"$2,750.00",1,NO
2020,Antony Chen MD,"134-42 Maple Ave., Flushing, NY, 11355",134-42 Maple Ave.,Flushing,NY,11355,"$2,742.00",1,NO
2024,Harlem Seafood Soul,"445 Albee Square, Brooklyn, NY, 11201",445 Albee Square,Brooklyn,NY,11201,"$2,741.00",,NO
2023,Blue Skin Laser Spa Inc,"314 West 231st Street, Bronx, NY, 10463",314 West 231st Street,Bronx,NY,10463,"$2,712.00",,NO
2023,Kleenslate Creative LLC,"2693 Bedford Avenue, Brooklyn, NY, 11210",2693 Bedford Avenue,Brooklyn,NY,11210,"$2,710.00",,NO
2021,Life Coach and Counselor,"40 Copley St, Staten Island, NY, 10314",40 Copley St,Staten Island,NY,10314,"$2,710.00",1,NO
2023,Mr. Maid NY,"545 Neptune Avenue, Brooklyn, NY, 11224",545 Neptune Avenue,Brooklyn,NY,11224,"$2,705.00",,NO
2020,Tanjina Sharmin,"3724 74th Street, Jackson Heights, NY, 11372",3724 74th Street,Jackson Heights,NY,11372,"$2,705.00",,NO
2020,GP Power,"3915 5th Ave, Brooklyn, NY, 11232",3915 5th Ave,Brooklyn,NY,11232,"$2,704.00",1,NO
2020,Active Contractors USA Inc T/A Cristian Macias,"55-35 Metropolitan Avenue, Brooklyn, NY, 11385",55-35 Metropolitan Avenue,Brooklyn,NY,11385,"$2,700.00",7,NO
2020,Active Contractors USA Inc T/A Cristian Macias,"55-35 Metropolitan Avenue, Brooklyn, NY, 11385",55-35 Metropolitan Avenue,Brooklyn,NY,11385,"$2,700.00",7,NO
2024,GY Restoration Inc.,"1240 Walton Avenue, Bronx, NY, 10452",1240 Walton Avenue,Bronx,NY,10452,"$2,700.00",,NO
2024,Preserve,"1052 Walton Avenue, Bronx, NY, 10452",1052 Walton Avenue,Bronx,NY,10452,"$2,700.00",,NO
2020,LEG Promo,"644 E. 34th Street, Brooklyn, NY, 11203",644 E. 34th Street,Brooklyn,NY,11203,"$2,700.00",1,NO
2020,Mara Contractors & Environmental Services Inc.,"3122 Fulton Street, Brooklyn, NY, 11208",3122 Fulton Street,Brooklyn,NY,11208,"$2,700.00",1,NO
2021,Silvercup Scaffolding,"29 Lorimer St, Brooklyn, NY, 11206",29 Lorimer St,Brooklyn,NY,11206,"$2,700.00",1,NO
2021,Minko Law Office PC,"1766 Cropsey Ave., Brooklyn, NY, 11214",1766 Cropsey Ave.,Brooklyn,NY,10121,"$2,694.00",1,NO
2021,Promesa Housing - Acacia Network,"300 E. 175th Street, Bronx, NY, 10457",300 E. 175th Street,Bronx,NY,10457,"$2,677.00",1,NO
2022,La Nicosia Bakery Corp,"765 E. 182nd St., Bronx, NY, 10460",765 E. 182nd St.,Bronx,NY,10460,"$2,673.00",,NO
2022,"African American Planning Commission, Inc.","630 Flushing Avenue, Brooklyn, NY, 11206",630 Flushing Avenue,Brooklyn,NY,11206,"$2,670.00",1,NO
2023,Healthy & Long Life Care,"136-08 38th Ave, Flushing, NY, 11354",136-08 38th Ave,Flushing,NY,11354,"$2,670.00",3,NO
2022,Rainbow Tots LLC,"704 Avenue X, Brooklyn, NY, 11235",704 Avenue X,Brooklyn,NY,11235,"$2,670.00",1,NO
2023,Goldstar Camp Avant Gardner / Brooklyn Mirage,"140 Stewart Avenue, Brooklyn, NY, 11237",140 Stewart Avenue,Brooklyn,NY,11237,"$2,664.00",,NO
2023,Chipotle Howard Beach - 3044,"160-10 Cross Bay Boulevard, Howard Beach, NY, 11693",160-10 Cross Bay Boulevard,Howard Beach,NY,11693,"$2,656.00",101,NO
2022,Lenotto Corp,"702 Banner Avenue, Brooklyn, NY, 11235",702 Banner Avenue,Brooklyn,NY,11235,"$2,655.00",,YES
2022,Crestview Clinical Laboratory,"116 Hendricks Ave, Staten Island, NY, 10301",116 Hendricks Ave,Staten Island,NY,10301,"$2,648.00",1,NO
2021,Concept of Independence Inc.,"120 Wall Street, New York, NY, 10025",120 Wall Street,New York,NY,10025,"$2,641.00",1,NO
2022,KA Investigations Security LLC,"534 Van Duzer St., Staten Island, NY, 10304",534 Van Duzer St.,Staten Island,NY,10304,"$2,640.00",1,NO
2021,Figmire LLC,"840 Grand Concourse, Bronx, NY, 10451",840 Grand Concourse,Bronx,NY,10451,"$2,633.00",2,NO
2021,Fuji Hana Restaurant Inc.,"512 Ave U, Brooklyn, NY, 11223",512 Ave U,Brooklyn,NY,11223,"$2,612.00",2,NO
2023,W Painting and Renovations LLC T/A William Wong,"31-33 105th Street, Queens, NY, 11369 Lexington Avenue, New York, NY, 10017",31-33 105th Street,Queens,NY,11369,"$2,610.00",,NO
2020,Mbros Construction Inc.,"5714 59 Street, Maspeth, NY, 11378",5714 59 Street,Maspeth,NY,11378,"$2,600.00",1,NO
2020,Red Bank Construction Associates LLC,"122 East 57th Street, New York, NY, 11002",122 East 57th Street,New York,NY,11002,"$2,600.00",1,NO
2023,Chipotle - E 52nd St 491,"150 E 52nd St, New York, NY, 10022",150 E 52nd St,New York,NY,10022,"$2,594.00",57,NO
2021,Arvut Home Care,"433 Kings Highway 1st Floor, Brooklyn, NY, 11223",433 Kings Highway 1st Floor,Brooklyn,NY,11223,"$2,590.00",1,NO
2020,Parker Jewish Institute for Healthcare,"271-11 76th Avenue, New Hyde Park, NY, 11040",271-11 76th Avenue,New Hyde Park,NY,11040,"$2,589.00",1,NO
2022,City & Central Construction Corp.,"79-25 150th Street, Flushing, NY, 11367",79-25 150th Street,Flushing,NY,11367,"$2,588.00",1,NO
2022,E J Electric Corp,"4641 Vernon Boulevard, Long Island City, NY, 11101",4641 Vernon Boulevard,Long Island City,NY,11101,"$2,585.00",1,NO
2022,St Johns Residence for Boys,"150 Beach 110th Street, Rockaway Park, NY, 11694",150 Beach 110th Street,Rockaway Park,NY,11694,"$2,585.00",,NO
2021,Excell Home Fashions,"1333 Broadway, New York, NY, 10018",1333 Broadway,New York,NY,10018,"$2,576.00",1,NO
2023,Jumieka NYC,"601 Lexington Avenue, New York, NY, 10022",601 Lexington Avenue,New York,NY,10022,"$2,562.00",,NO
2020,Standard D and C Inc,"247 W. 30th Street, New York, NY, 10001",247 W. 30th Street,New York,NY,10001,"$2,560.00",1,NO
2024,Supreme Cleaning,"3516 87th Street, Jackson Heights, NY, 11372",3516 87th Street,Jackson Heights,NY,11372,"$2,552.00",,NO
2023,RQM Tutorial,"172-13 Hillside Avenue, Queens, NY, 11432",172-13 Hillside Avenue,Queens,NY,11432,"$2,552.00",,NO
2024,Mobile Properties LLC,"PO Box 297094, Brooklyn, NY, 11229",PO Box 297094,Brooklyn,NY,11229,"$2,550.00",,NO
2021,White Glove Community Care Inc,"630 Flushing Ave, Brooklyn, NY, 11206",630 Flushing Ave,Brooklyn,NY,11206,"$2,548.00",3,NO
2023,Chipotle 13th & 6th - 2168,"504 6th Avenue, New york, NY, 10011",504 6th Avenue,New york,NY,10011,"$2,547.00",43,NO
2021,Star One Homecare & Medical Staffing / Phoenix Ho..,"540 E 180th Street, Bronx, NY, 10457",540 E 180th Street,Bronx,NY,10457,"$2,545.00",1,NO
2020,M Degree LLC T/A Marble Dessert Bar,"27 Bedford Street, New York, NY, 10014",27 Bedford Street,New York,NY,10014,"$2,531.00",5,NO
2020,Designs by Robert Scott,"810 Humboldt St, Brooklyn, NY, 11222",810 Humboldt St,Brooklyn,NY,11222,"$2,520.00",1,NO
2023,8-Bit Bites,"113 Court Street, Brooklyn, NY, 11201",113 Court Street,Brooklyn,NY,11201,"$2,519.00",,NO
2020,Sonya R Nair and Vivek Lakhiani,"135 East 29th St, New York, NY, 10016",135 East 29th St,New York,NY,10016,"$2,518.00",2,NO
2022,San Marzano Pasta Fresco,"117 Second Ave, New York, NY, 10003",117 Second Ave,New York,NY,10003,"$2,516.00",1,NO
2023,Bronx Jewish Community Council,"2930 Wallace Avenue, Bronx, NY, 10467",2930 Wallace Avenue,Bronx,NY,10467,"$2,507.00",1,NO
2020,Oli 99 Cent Fresh Pizza,"2 E Burnside Ave, Bronx, NY, 10453",2 E Burnside Ave,Bronx,NY,10453,"$2,506.00",1,NO
2020,Pearl Dental NYC,"67 Wall Street, New York, NY, 10005",67 Wall Street,New York,NY,10005,"$2,506.00",1,NO
2022,Alba Services,"240 West 52nd St, New York, NY, 10019",240 West 52nd St,New York,NY,10019,"$2,500.00",1,NO
2022,Health Family Liason,"224 Osgood Avenue, Staten Island, NY, 10304",224 Osgood Avenue,Staten Island,NY,10304,"$2,500.00",1,NO
2024,"Abitino Foods, Inc. T/A Abitino's Pizza","5 W 51st Street, New York, NY, 10112",5 W 51st Street,New York,NY,10112,"$2,500.00",,NO
2021,Lambert and Co.,"20 Warren Street, New York, NY, 10007",20 Warren Street,New York,NY,10007,"$2,500.00",1,NO
2023,Pearl Shine Cleaners,"420 West 26th Street, New York, NY, 10001",420 West 26th Street,New York,NY,10001,"$2,500.00",1,NO
2020,Rifky Goldberger,"1638 58th St, Brooklyn, NY, 11204",1638 58th St,Brooklyn,NY,11204,"$2,500.00",1,NO
2022,"Tri-State Holding, LLC","36-51 Bell Blvd., Bayside, NY, 11361",36-51 Bell Blvd.,Bayside,NY,11361,"$2,500.00",1,NO
2023,Chipotle,"885 10th Avenue, New York, NY, 10019",885 10th Avenue,New York,NY,10019,"$2,498.00",70,NO
2023,Juicebar Nutrition,"133-40 79th Street, Howard Beach, NY, 11414",133-40 79th Street,Howard Beach,NY,11414,"$2,498.00",,NO
2023,Chipotle Queens Center - 1961,"90-15 Queens Blvd., Elmhurst, ny, 11373",90-15 Queens Blvd.,Elmhurst,ny,11373,"$2,495.00",53,NO
2023,Chipotle Long Island City - 2760,"26-16 Jackson Avenue, Long Island City, NY, 11101",26-16 Jackson Avenue,Long Island City,NY,11101,"$2,486.00",86,NO
2023,Aasha Home Care,"37-47 73rd St, Jackson Heights, NY, 11372",37-47 73rd St,Jackson Heights,NY,11372,"$2,484.00",1,NO
2021,Barbie Beauty Supply Store,"1076 Rutland Rd, Brooklyn, NY, 11212",1076 Rutland Rd,Brooklyn,NY,11212,"$2,477.00",1,NO
2020,Home Family Care,"37-03 92nd Street, Jackson Heights, NY, 11372",37-03 92nd Street,Jackson Heights,NY,11372,"$2,475.00",,NO
2020,Miracle Curtains I Inc,"13306 King Road, Flushing, NY, 11354",13306 King Road,Flushing,NY,11354,"$2,475.00",,NO
2020,Papa Johns,"49-19 30th Avenue, Woodside, NY, 11377",49-19 30th Avenue,Woodside,NY,11377,"$2,475.00",,NO
2023,AR Freight Trucking Inc,"6565 Booth Street, Rego Park, NY, 11374",6565 Booth Street,Rego Park,NY,11374,"$2,471.00",1,NO
2023,The Royal Care Fl LLC,"6323 14th Avenue, Brooklyn, NY, 11219",6323 14th Avenue,Brooklyn,NY,11219,"$2,464.00",1,NO
2020,Beauty Strike LLC,"73 Washington Avenue, Brooklyn, NY, 11205",73 Washington Avenue,Brooklyn,NY,11205,"$2,456.00",4,NO
2021,Riconda Maintenancec Inc.,"42-22 Crescent St, Long Island City, NY, 11101",42-22 Crescent St,Long Island City,NY,11101,"$2,450.00",1,NO
2021,645 Owner's Corp,"645 E 26th St, Brooklyn, NY, 11210",645 E 26th St,Brooklyn,NY,11210,"$2,436.00",1,NO
2022,Allstate Fire Sprinkler Corp.,"1869 White Plains Rd, Bronx, NY, 10462",1869 White Plains Rd,Bronx,NY,10462,"$2,432.00",,NO
2023,Misiu Designs LLC,"1549 Kimball Street, Brooklyn, NY, 11234",1549 Kimball Street,Brooklyn,NY,11234,"$2,432.00",,NO
2023,"Live Juice Enterprises, Inc. T/A Juicy Lucy Juice Bar","85 Avenue A, New York, NY, 10009",85 Avenue A,New York,NY,10009,"$2,429.00",,NO
2023,"Amethyst House, Inc.","220 Heberton Avenue, Staten Island, NY, 10302",220 Heberton Avenue,Staten Island,NY,10302,"$2,425.00",1,NO
2024,Famous NY Contracting,"1606 E 55th St, Brooklyn, NY, 11234",1606 E 55th St,Brooklyn,NY,11234,"$2,420.00",,NO
2021,Heavenly Market,"1692 York Avenue, New York, NY, 10128",1692 York Avenue,New York,NY,10128,"$2,419.00",,NO
2021,Sandra Gelbard,"440 East 79th St, New York, NY, 10075",440 East 79th St,New York,NY,10075,"$2,418.00",2,NO
2023,Airtek Environmental Corp,"39-37 29th Street, Logn Island City, NY, 11101",39-37 29th Street,Long Island City,NY,11101,"$2,416.00",1,NO
2021,1199 SEIU National Benefit Fund,"498 7th Ave, New York, NY, 10018",498 7th Ave,New York,NY,10018,"$2,407.00",1,NO
2020,Franclin Sandoval,"8621 77th St, Woodhaven, NY, 11421",8621 77th St,Woodhaven,NY,11421,"$2,400.00",2,NO
2022,Hache,"300 East 52nd Street, New York, NY, 10022",300 East 52nd Street,New York,NY,10022,"$2,400.00",1,NO
2023,Ironworks,"1203 Broadway, Brooklyn, NY, 11221",1203 Broadway,Brooklyn,NY,11221,"$2,400.00",,NO
2021,Northern Spy Records,"122 Washington Avenue, Brooklyn, NY, 11205",122 Washington Avenue,Brooklyn,NY,11205,"$2,400.00",1,NO
2021,Parkash 2255 LLC,"172-14 89th Ave, Jamaica, NY, 11432",172-14 89th Ave,Jamaica,NY,11432,"$2,400.00",1,NO
2021,The Chefs Table,"268 Beach 116th St, Queens, NY, 11694",268 Beach 116th St,Queens,NY,11694,"$2,400.00",1,NO
2023,The Common,"9406 3rd Avenue, Brooklyn, NY, 11209",9406 3rd Avenue,Brooklyn,NY,11209,"$2,394.00",1,NO
2021,"Firequench, Inc. / Firetronics Inc","39 W. 37th Street, New York, NY, 10018",39 W. 37th Street,New York,NY,10018,"$2,392.00",1,NO
2023,Lincoln Deli Grocery,"522 Morris Ave., Bronx, NY, 10451",522 Morris Ave.,Bronx,NY,10451,"$2,386.00",,NO
2022,Majestic Medical Imaging PC,"409 Rockaway Ave., Brooklyn, NY, 11212",409 Rockaway Ave.,Brooklyn,NY,11212,"$2,386.00",1,NO
2021,All Care Home Health Services LLC,"6812 New Utrecht, Brooklyn, NY, 11219",6812 New Utrecht,Brooklyn,NY,11219,"$2,380.00",1,NO
2020,Pita Hot - Tel Aviv Kebab House,"75-43 Main Street, Flushing, NY, 11367",75-43 Main Street,Flushing,NY,11367,"$2,380.00",1,NO
2022,LLABB Co.,"330 West 38th Street, New York, NY, 10018",330 West 38th Street,New York,NY,10018,"$2,369.00",1,NO
2020,Burke & Willis/Manhattan Cricket Club,"226 W 79th St, New York, NY, 10024",226 W 79th St,New York,NY,10024,"$2,365.00",1,NO
2022,Leap Rides,"3100 47th Avenue, New York, NY, 11101",3100 47th Avenue,New York,NY,11101,"$2,358.00",1,NO
2022,Leap Rides,"3100 47th Avenue, New York, NY, 11101",3100 47th Avenue,New York,NY,11101,"$2,358.00",1,NO
2023,Altitude Brooklyn Coffee,"250 Wyckoff Ave, Brooklyn, NY, 11237",250 Wyckoff Ave,Brooklyn,NY,11237,"$2,355.00",,NO
2021,Busa Builders LLC,"637 Court Street, Brooklyn, NY, 11231",637 Court Street,Brooklyn,NY,11231,"$2,354.00",2,NO
2021,La Rivista/Broadway Joe Steak,"313 46th St, New York, NY, 10036",313 46th St,New York,NY,10036,"$2,352.00",1,NO
2022,Operation Adulting,"117 W 141 Street Unit 46, New York, NY, 10030",117 W 141 Street Unit 46,New York,NY,10030,"$2,352.00",1,NO
2022,Jue Lan Club,"49 W 20th Street, New York, NY, 10011",49 W 20th Street,New York,NY,10011,"$2,347.00",,NO
2022,"Jay Suites II, LLC T/A Jay Suites & Jack Srour","31 West 34th Street, New York, NY, 10001",31 West 34th Street,New York,NY,10001,"$2,346.00",,NO
2023,Urban Cups Inc,"185 Wythe Avenue, Brooklyn, NY, 11249",185 Wythe Avenue,Brooklyn,NY,11249,"$2,346.00",,NO
2023,La Familia Home Care,"325 A Audubon Avenue, New York, NY, 10033",325 A Audubon Avenue,New York,NY,10033,"$2,340.00",1,NO
2021,Cesar Ortiz,"34-41 107th Street, Corona, NY, 11368",34-41 107th Street,Corona,NY,11368,"$2,325.00",2,NO
2022,The Miskin Group,"109 Bedford Ave., Brooklyn, NY, 11249",109 Bedford Ave.,Brooklyn,NY,11249,"$2,325.00",1,NO
2021,FACC Construction Inc - Tacos El Chilango Corp,"105-19 34th Avenue, Corona, NY, 11368",105-19 34th Avenue,Corona,NY,11368,"$2,317.00",2,NO
2023,Chipotle Riverdale - 2309,"193 W 237th St, Bronx, NY, 10463",193 W 237th St,Bronx,NY,10463,"$2,313.00",93,NO
2023,Chipotle 347 Flatbush - 2879,"347 Flatbush Avenue, Brooklyn, NY, 11238",347 Flatbush Avenue,Brooklyn,NY,11238,"$2,312.00",91,NO
2021,CORE Services Group,"45 Main St, Brooklyn, NY, 11201",45 Main St,Brooklyn,NY,11201,"$2,307.00",1,NO
2020,"CGE Group/BNM Production Services, Inc./Mythic Br..","676 Broadway, Brooklyn, NY, 11206",676 Broadway,Brooklyn,NY,11206,"$2,300.00",1,NO
2023,"Professional Mortgage Solutions, Inc.","62-79 Woodhaven Blvd, Rego Park, NY, 11374",62-79 Woodhaven Blvd,Rego Park,NY,11374,"$2,300.00",1,NO
2020,Red Oak Custom Carpentry Inc.,"62-09 43rd Avenue, Woodside, NY, 11377",62-09 43rd Avenue,Woodside,NY,11377,"$2,299.00",2,NO
2020,Good Shepherd Services,"305 7th Avenue, New York, NY, 10001",305 7th Avenue,New York,NY,10001,"$2,298.00",1,NO
2022,Utility Programs and Metering II Inc / Utilivisor,"135 West 36th Street, New York, NY, 10018",135 West 36th Street,New York,NY,10018,"$2,297.00",1,NO
2023,Chipotle 82nd Street Queens - 3056,"40-37 82nd St, Elmhurst, NY, 11373",40-37 82nd St,Elmhurst,NY,11373,"$2,288.00",54,NO
2021,Shashi Inc,"790 Madison Ave, New York, NY, 10065",790 Madison Ave,New York,NY,10065,"$2,288.00",1,NO
2020,Sinergia Inc,"2082 Lexington Avenue, New York, NY, 10035",2082 Lexington Avenue,New York,NY,10035,"$2,285.00",,NO
2023,Chipotle Hunter College - 1394,"1153 Third Avenue, New York, NY, 10065",1153 Third Avenue,New York,NY,10065,"$2,279.00",62,NO
2023,Second Development Services Inc,"132 Remsen Street, Brooklyn, NY, 11201",132 Remsen Street,Brooklyn,NY,11201,"$2,265.00",,NO
2021,"Windsor AR, Inc.","58-88 56th St, Maspeth, NY, 11378",58-88 56th St,Maspeth,NY,11378,"$2,263.00",1,NO
2023,Shiso,"214 E. 9th St, New York, NY, 10003",214 E. 9th St,New York,NY,10003,"$2,256.00",,NO
2021,Jeana and Brian Cho,"325 West 93rd Street, New York, NY, 10025",325 West 93rd Street,New York,NY,10025,"$2,250.00",2,NO
2020,Karrouna Mezze,"241 Bowery, New York, NY, 10002",241 Bowery,New York,NY,10002,"$2,250.00",1,NO
2021,"New Glen Oaks Nursing Home, Inc.","260-01 79th Avenue, Glen Oaks, NY, 11004",260-01 79th Avenue,Glen Oaks,NY,11004,"$2,250.00",1,NO
2020,Reunited Construction,"38-15 209th Street, Bayside, NY, 11361",38-15 209th Street,Bayside,NY,11361,"$2,250.00",1,NO
2021,Top Gun Contracting,"130-01 101st Avenue, Queens, NY, 11409",130-01 101st Avenue,Queens,NY,11409,"$2,250.00",5,NO
2023,Elate Moving LLC,"193 6th Street, Brooklyn, NY, 11215",193 6th Street,Brooklyn,NY,11215,"$2,245.00",1,NO
2022,Avenue M Management Corp,"1500 McDonald Avenue, Brooklyn, NY, 11230",1500 McDonald Avenue,Brooklyn,NY,11230,"$2,240.00",1,NO
2023,F&C Valet Services Inc.,"196 Willoughby Street, Brooklyn, NY, 11201",196 Willoughby Street,Brooklyn,NY,11201,"$2,240.00",,NO
2024,GDS Group,"225 Liberty St, New York, NY, 10280",225 Liberty St,New York,NY,10280,"$2,239.00",,NO
2020,All Heart Homecare Angency,"1664 East 14th Street, Brooklyn, NY, 11229",1664 East 14th Street,Brooklyn,NY,11229,"$2,235.00",1,NO
2023,Always Home Care,"3131 Coney Island Avenue, Brooklyn, NY, 11235",3131 Coney Island Avenue,Brooklyn,NY,11235,"$2,234.00",1,NO
2020,Hyper Structure Corp and Madison New York Services,"138-28 Queens Blvd, Jamaica, NY, 11435",138-28 Queens Blvd,Jamaica,NY,11435,"$2,233.00",1,NO
2021,F.A.L.C. Corp.,"107-32 Union Hall St., Jamaica, NY, 11433",107-32 Union Hall St.,Jamaica,NY,11433,"$2,227.00",,NO
2020,BY and H Fashion Corp,"327 W 36th Street, New York, NY, 10018",327 W 36th Street,New York,NY,10018,"$2,225.00",1,NO
2024,American Express Travel Related Services,"374 Park Ave, New York, NY, 10022",374 Park Ave,New York,NY,10022,"$2,224.00",,NO
2022,Securitas Security Services USA,"1412 Broadway, New York, NY, 10018",1412 Broadway,New York,NY,10018,"$2,222.00",1,NO
2020,PS Handyman,"25 Dierauf St, Staten Island, NY, 10312",25 Dierauf St,Staten Island,NY,10312,"$2,221.00",1,NO
2020,Mamma Luciana,"15-11 College Point Blvd, College Point, NY, 11356",15-11 College Point Blvd,College Point,NY,11356,"$2,215.00",1,NO
2020,Legacy Builders & Maintenance,"393 Rockaway Ave, Brooklyn, NY, 11212",393 Rockaway Ave,Brooklyn,NY,11212,"$2,210.00",1,NO
2022,B Tween LLC,"1411 Broadway, New York, NY, 10018",1411 Broadway,New York,NY,10018,"$2,207.00",1,NO
2022,Amsterdam Nursing Home,"1060 Amsterdam Ave, New York, NY, 10025",1060 Amsterdam Ave,New York,NY,10025,"$2,204.00",1,NO
2023,Blue Sky Adult Day Care Inc,"13440 Cherry Avenue, Flushing, NY, 11355",13440 Cherry Avenue,Flushing,NY,11355,"$2,200.00",1,NO
2020,Interior Builders Pro Inc,"626 Morris Park Ave, Bronx, NY, 10460",626 Morris Park Ave,Bronx,NY,10460,"$2,200.00",1,NO
2024,Easy Living By Decora,"189 Kensington Ave, Staten Island, NY, 10305",189 Kensington Ave,Staten Island,NY,10305,"$2,200.00",,NO
2020,Treehaus MiMa,"470 W 42nd Street, New York, NY, 10036",470 W 42nd Street,New York,NY,10036,"$2,200.00",4,NO
2022,Cindy Farkas Glanzrock,"201 East 66th Street, New York, NY, 10065",201 East 66th Street,New York,NY,10065,"$2,198.00",1,NO
2023,C & C Management,"1735 Park Avenue, New York, NY, 10035",1735 Park Avenue,New York,NY,10035,"$2,197.00",1,NO
2022,White Glove,"89 Bartlett Street, Brooklyn, NY, 11206",89 Bartlett Street,Brooklyn,NY,11206,"$2,190.00",2,NO
2023,TaylorMade Home Improvement Corp,"122-08 Irwin Place, Jamaica, NY, 11434",122-08 Irwin Place,Jamaica,NY,11434,"$2,185.00",2,NO
2020,Decora Design and Construction,"189 Livingston Avenue, Staten Island, NY, 10305",189 Livingston Avenue,Staten Island,NY,10305,"$2,176.00",2,NO
2023,Other Half Brewing Company Inc,"195 Centre Street, Brooklyn, NY, 11231",195 Centre Street,Brooklyn,NY,11231,"$2,171.00",,NO
2020,Woodrow Lobster & Fish Market,"655 Rossville Ave, Staten Island, NY, 10309",655 Rossville Ave,Staten Island,NY,10309,"$2,171.00",1,NO
2023,An-Noor Pharmacy Inc,"35-101st Ave, Brooklyn, NY, 11208",35-101st Ave,Brooklyn,NY,11208,"$2,169.00",,NO
2023,Pilates BKLYN,"1067 Manhattan Ave, Brooklyn, NY, 11222",1067 Manhattan Ave,Brooklyn,NY,11222,"$2,165.00",,NO
2020,NRI National Recovery Institute,"455 W 50th Street, New York, NY, 10019",455 W 50th Street,New York,NY,10019,"$2,160.00",1,NO
2022,"Volume Industries, LLC","539 46th Ave., Queens, NY, 11101",539 46th Ave.,Queens,NY,11101,"$2,154.00",1,NO
2024,Kang Hua Adult Daycare Center,"42-35 Main St, Flushing, NY, 11355",42-35 Main St,Flushing,NY,11355,"$2,153.00",,NO
2022,Accurate Die Corp,"63 Flushing Avenue, Brooklyn, NY, 11205",63 Flushing Avenue,Brooklyn,NY,11205,"$2,150.00",1,NO
2022,United Building Maintenance Association,"237 West 35th Street, New York, NY, 10001",237 West 35th Street,New York,NY,10001,"$2,142.00",1,NO
2024,Lumen Window and Door Systems Corp.,"Attn: Yakov Bangiyev, Forest Hills, NY, 11375",Attn: Yakov Bangiyev,Forest Hills,NY,11375,"$2,138.00",,NO
2020,Gala Woodworking Inc,"114 12th Street, Brooklyn, NY, 11215",114 12th Street,Brooklyn,NY,11215,"$2,130.00",1,NO
2021,NY Super Deli,"14410 Northern Blvd., Flushing, NY, 11354",14410 Northern Blvd.,Flushing,NY,11354,"$2,130.00",1,NO
2023,Stop N Shop Supermarket,"961 East 174th Street, Bronx, NY, 10460",961 East 174th Street,Bronx,NY,10460,"$2,128.00",,NO
2022,1 Global Design Construction,"3870 White Plains Rd, Bronx, NY, 10467",3870 White Plains Rd,Bronx,NY,10467,"$2,125.00",1,NO
2023,All Luxury Contracting,"263 West 126th Street, New York, NY, 10027",263 West 126th Street,New York,NY,10027,"$2,125.00",1,NO
2022,Jamaica Hospital Medical Center,"89-00 Van Wyck Express Way, Jamaica, NY, 11418",89-00 Van Wyck Express Way,Jamaica,NY,11418,"$2,125.00",1,NO
2023,Poise Hair,"850 3rd Ave, Brooklyn, NY, 11232",850 3rd Ave,Brooklyn,NY,11232,"$2,125.00",1,NO
2023,Chipotle Myrtle Avenue - 2484,"394 Myrtle Avenue, Brooklyn, NY, 11205",394 Myrtle Avenue,Brooklyn,NY,11205,"$2,120.00",111,NO
2021,KNP Gallery New York Inc,"547 W 27th St #518, New York, NY, 10001",547 W 27th St #518,New York,NY,10001,"$2,120.00",1,NO
2020,Zara Plumbing,"230 Park Ave, New York, NY, 10169",230 Park Ave,New York,NY,10169,"$2,120.00",2,NO
2020,Intergen Health LLC Field,"1601 Bronxdale Avenue, Bronx, NY, 10462",1601 Bronxdale Avenue,Bronx,NY,10462,"$2,119.00",1,NO
2020,AIE VEE LLC,"1214 Hancock Street, Brooklyn, NY, 11221",1214 Hancock Street,Brooklyn,NY,11221,"$2,116.00",4,NO
2022,Penelope,"159 Lexington Avenue, New York, NY, 10016",159 Lexington Avenue,New York,NY,10016,"$2,110.00",1,NO
2021,ABM Parking Services,"1633 Broadway, New York, NY, 10019",1633 Broadway,New York,NY,10019,"$2,108.00",1,NO
2023,Delta Air Lines,"250 North Boundry Road, Jamaica, NY, 11430",250 North Boundry Road,Jamaica,NY,11430,"$2,103.00",,NO
2022,Parkchester South Condominium,"2000 East Tremont Ave, Bronx, NY, 10467",2000 East Tremont Ave,Bronx,NY,10467,"$2,103.00",1,NO
2021,Gene Burshtein,"2127 Flatbush Ave, Brooklyn, NY, 11234",2127 Flatbush Ave,Brooklyn,NY,11234,"$2,100.00",1,NO
2022,Mathew Services Inc,"21-30 79th Street, East Elmhurst, NY, 11370",21-30 79th Street,East Elmhurst,NY,11370,"$2,100.00",,NO
2020,Northern United Prospect Park United Lexington Unit..,"165 Madison Ave, New York, NY, 10016",165 Madison Ave,New York,NY,10016,"$2,100.00",1,NO
2023,YiJing Wu,"400 West 61st Street, New York, NY, 10019",400 West 61st Street,New York,NY,10019,"$2,100.00",1,NO
2020,Zen Yai Pho Noodle Ban,"208 Grand St, Brooklyn, NY, 11211",208 Grand St,Brooklyn,NY,11211,"$2,084.00",1,NO
2022,Trihop 14th Street LLC,"235 East 14th Street, New York, NY, 10003",235 East 14th Street,New York,NY,10003,"$2,082.00",,NO
2020,Bill Gordon,"1837 Prospect Ave, Brooklyn, NY, 11218",1837 Prospect Ave,Brooklyn,NY,11218,"$2,080.00",1,NO
2020,E.N. Modern Style Inc,"1214 Olmstead Avenue, Bronx, NY, 10462",1214 Olmstead Avenue,Bronx,NY,10462,"$2,080.00",3,NO
2021,Magnetic Construction Management Corp,"2526 50th Street, Woodside, NY, 11377",2526 50th Street,Woodside,NY,11377,"$2,080.00",2,NO
2023,"TAWCS, LLC","52 Bridge Street, Brooklyn, NY, 11201",52 Bridge Street,Brooklyn,NY,11201,"$2,077.00",1,NO
2023,House of Sinclair,"Attn: Arianna Sinclair, New York, NY, 10031",Attn: Arianna Sinclair,New York,NY,10031,"$2,075.00",,NO
2022,Hylan Construction,"2878 Golf Ave, Staten Island, NY, 10303",2878 Golf Ave,Staten Island,NY,10303,"$2,075.00",,NO
2021,Francisco Sosa,"9902 216th Street, Queens Village, NY, 11429",9902 216th Street,Queens Village,NY,11429,"$2,067.00",2,NO
2021,Bootyco LLC T/A Big Booty Bread Co & Jose Rojas,"261 West 23rd Street, New York, NY, 10011",261 West 23rd Street,New York,NY,10011,"$2,063.00",7,NO
2022,All American Homecare Agency Inc.,"1 West 34th Street, New York, NY, 10001",1 West 34th Street,New York,NY,10001,"$2,060.00",1,NO
2023,Beauty Strike,"73 Washington Avenue, Brooklyn, NY, 11205",73 Washington Avenue,Brooklyn,NY,11205,"$2,056.00",,NO
2022,Perfection Carpet Care & Maintenance Inc.,"3441 Richmond Ave., Staten Island, NY, 10312",3441 Richmond Ave.,Staten Island,NY,10312,"$2,052.00",1,NO
2021,Onigiri And The Pot NYC,"789 9th Avenue, New York, NY, 10019",789 9th Avenue,New York,NY,10019,"$2,048.00",1,NO
2021,Nacmias and Sons Auto Service,"2489 Coney Island Avenue, Brooklyn, NY, 11223",2489 Coney Island Avenue,Brooklyn,NY,11223,"$2,047.00",1,NO
2020,Luminous Early Childcare Learning Center,"655 Morris Ave, Bronx, NY, 10451",655 Morris Ave,Bronx,NY,10451,"$2,042.00",2,NO
2021,Hyco Restaurant Supply,"15-24 132nd Street, College Point, NY, 11356",15-24 132nd Street,College Point,NY,11356,"$2,040.00",1,NO
2024,Romona Keveza Collection,"1 Rockefeller Plaza, New York, NY, 10020",1 Rockefeller Plaza,New York,NY,10020,"$2,040.00",,NO
2021,Solimar Grill,"1800 Archer Street, Bronx, NY, 10460",1800 Archer Street,Bronx,NY,10460,"$2,040.00",1,NO
2021,ATFY Inc,"4120 Ocean Ave, Brooklyn, NY, 11223",4120 Ocean Ave,Brooklyn,NY,11223,"$2,038.00",1,NO
2021,ANDR Services Group,"36-27 31st Street, Long Island City, NY, 11106",36-27 31st Street,Long Island City,NY,11106,"$2,032.00",,NO
2023,Chipotle 404 Broadway - 2704,"404 Broadway, New York, NY, 10013",404 Broadway,New York,NY,10013,"$2,027.00",79,NO
2023,Unique People Services,"4377 Bronx Blvd., Bronx, NY, 10466",4377 Bronx Blvd.,Bronx,NY,10466,"$2,027.00",,NO
2021,Kids First Early Intervention,"6214 Riverdale Ave, Bronx, NY, 10471",6214 Riverdale Ave,Bronx,NY,10471,"$2,025.00",2,NO
2023,Signitel,"100A Broadway, Brooklyn, NY, 11249",100A Broadway,Brooklyn,NY,11249,"$2,016.00",1,NO
2023,Associated Fresh Marketplace,"70-63 Parsons Blvd, Flushing, NY, 11365",70-63 Parsons Blvd,Flushing,NY,11365,"$2,014.00",,NO
2023,RAIN Home Attendant Services Inc,"811 Morris Park Avenue, Bronx, NY, 10462",811 Morris Park Avenue,Bronx,NY,10462,"$2,011.00",,NO
2023,Vincent's Limousine Service of New York,"4206 Broadway, Queens, NY, 11103",4206 Broadway,Queens,NY,11103,"$2,010.00",,NO
2020,Ultimate Care Inc,"1000 Gates Avenue, Brooklyn, NY, 11221",1000 Gates Avenue,Brooklyn,NY,11221,"$2,007.00",3,NO
2020,NY HVCA Services,"14-38 31st Drive, Long Island City, NY, 11106",14-38 31st Drive,Long Island City,NY,11106,"$2,006.00",1,NO
2021,The IM Group,"48 Wall Street, New York, NY, 10005",48 Wall Street,New York,NY,10005,"$2,002.00",1,NO
2021,Bronx Community Cable Program / Bronxnet Televisi..,"250 Bedford Pk. Blvd. W., New York, NY, 10468",250 Bedford Pk. Blvd. W.,New York,NY,10468,"$2,001.00",1,NO
2020,Bluewater Plumbing & Heating Inc,"63-17 Metropolitan Ave, Middle Village, NY, 11379",63-17 Metropolitan Ave,Middle Village,NY,11379,"$2,000.00",1,NO
2023,Delores Arnold,"634 East 236th Street, Bronx, NY, 10466",634 East 236th Street,Bronx,NY,10466,"$2,000.00",1,NO
2020,Island Auto Group,"1239 Hylan Boulevard, Staten Island, NY, 10305",1239 Hylan Boulevard,Staten Island,NY,10305,"$2,000.00",1,NO
2024,Halal Chef,"263-14 Hillside Ave, Floral Park, NY, 11001",263-14 Hillside Ave,Floral Park,NY,11001,"$2,000.00",,NO
2024,Shhh Omakase,"113 Division St, New York, NY, 10002",113 Division St,New York,NY,10002,"$2,000.00",,NO
2022,Ligero Handyman Services Corp,"1731 Radcliff Avenue, Bronx, NY, 10462",1731 Radcliff Avenue,Bronx,NY,10462,"$2,000.00",1,NO
2020,NYC Strand / Strand Creative Group,"545 W 45th Street, New York, NY, 10036",545 W 45th Street,New York,NY,10036,"$2,000.00",1,NO
2021,Pacific Tower Condominium,"4222 Union Street, Flushing, NY, 11355",4222 Union Street,Flushing,NY,11355,"$2,000.00",1,NO
2021,Target Mechanical Inc,"PO Box 20834, Staten Island, NY, 10302",PO Box 20834,Staten Island,NY,10302,"$2,000.00",1,NO
2022,Telio Greek Italian Restaurant,"2479-2481 Boadway, New York, NY, 10024",2479-2481 Boadway,New York,NY,10024,"$2,000.00",1,NO
2024,Care Pro,"60-19 Roosevelt Avenue, Wooside, NY, 11377",60-19 Roosevelt Avenue,Woodside,NY,11377,"$1,998.00",,NO
2023,Chipotle White Plains Road - 3706,"2190 White Plains Rd, Bronx, NY, 10462",2190 White Plains Rd,Bronx,NY,10462,"$1,995.00",38,NO
2023,Chipotle Bloomingdales - 2135,"1020 3rd Ave, New York, NY, 10065",1020 3rd Ave,New York,NY,10065,"$1,994.00",61,NO
2020,Tech Conveyor System Corp.,"7205 67th St., Glendale, NY, 11385",7205 67th St.,Glendale,NY,11385,"$1,992.00",1,NO
2022,Golden Krust Caribbean Bakery Inc,"3958 Park Avenue, Bronx, NY, 10457",3958 Park Avenue,Bronx,NY,10457,"$1,990.00",,NO
2020,Etihad Airways,"40 Exchange Place Suite 701, New York, NY, 10005",40 Exchange Place Suite 701,New York,NY,10005,"$1,989.00",2,NO
2021,Manhattan Parking Group,"545 5th Avenue, New York, NY, 10017",545 5th Avenue,New York,NY,10017,"$1,988.00",1,NO
2023,Prime Piping and Heating Inc.,"160 Ross St, Brooklyn, NY, 11211",160 Ross St,Brooklyn,NY,11211,"$1,984.00",,NO
2020,ATN Check Cashing,"12211 Guy R Brewer Boulevard, Jamaica, NY, 11434",12211 Guy R Brewer Boulevard,Jamaica,NY,11434,"$1,983.00",1,NO
2020,Maimonides Medical Center,"4802 10th Ave, Brooklyn, NY, 11219",4802 10th Ave,Brooklyn,NY,11219,"$1,979.00",2,NO
2023,Beanstalk Academy,"2800 Bruckner Blvd, Bronx, NY, 10465",2800 Bruckner Blvd,Bronx,NY,10465,"$1,974.00",1,NO
2022,Tightlynx LLC,"374 Utica Avenue, Brooklyn, NY, 11213",374 Utica Avenue,Brooklyn,NY,11213,"$1,972.00",1,NO
2024,Towneplace Suites by Marriott,"324 West 44th Street, New York, NY, 10036",324 West 44th Street,New York,NY,10036,"$1,971.00",,NO
2021,Philly Pretzel Factory,"408 Jay Street, Brooklyn, NY, 11201",408 Jay Street,Brooklyn,NY,11201,"$1,966.00",1,NO
2022,Surf Air,"68-59 112th Street, Queens, NY, 11375",68-59 112th Street,Queens,NY,11375,"$1,963.00",1,NO
2020,Knight Security Services,"117-16 203rd Street, New York, NY, 11412",117-16 203rd Street,New York,NY,11412,"$1,962.00",1,NO
2020,Knight Security Services,"117-16 203rd Street, New York, NY, 11412",117-16 203rd Street,New York,NY,11412,"$1,962.00",1,NO
2020,The Dumpling Wagon LLC,"93 Hicks St, Brooklyn, NY, 11201",93 Hicks St,Brooklyn,NY,11201,"$1,961.00",1,NO
2023,Chipotle NOHO - 1549,"625 Broadway, New York, NY, 10012",625 Broadway,New York,NY,10012,"$1,959.00",83,NO
2023,The Metro Group Inc.,"5023 Twenty Third St., Long Island City, NY, 11101",5023 Twenty Third St.,Long Island City,NY,11101,"$1,959.00",,NO
2024,Always Home Care Inc,"3131 Coney Island Avenue, Brooklyn, NY, 11235",3131 Coney Island Avenue,Brooklyn,NY,11235,"$1,958.00",,NO
2023,Panda Aps Group Inc,"132-22 Pople Avenue, Flushing, NY, 11355",132-22 Pople Avenue,Flushing,NY,11355,"$1,950.00",1,NO
2022,LC Apparel Consulting LLC,"505 Johnson Ave, Brooklyn, NY, 11237",505 Johnson Ave,Brooklyn,NY,11237,"$1,944.00",1,NO
2021,Knekt Inc,"97-11 98th Street, Queens, NY, 11416",97-11 98th Street,Queens,NY,11416,"$1,943.00",1,NO
2023,The Beer Garage / Wild Restaurant,"148 5th Avenue, Brooklyn, NY, 11217",148 5th Avenue,Brooklyn,NY,11217,"$1,935.00",1,NO
2020,13106 Grand Evergreen Inc.,"13106 Rockaway Blvd, South Ozone Park, NY, 11420",13106 Rockaway Blvd,South Ozone Park,NY,11420,"$1,932.00",1,NO
2022,Riverside Rehab,"150 Riverside Drive, New York, NY, 10024",150 Riverside Drive,New York,NY,10024,"$1,925.00",1,NO
2021,Arby's Store #08694,"2059 Bartow Avenue, Bronx, NY, 10475",2059 Bartow Avenue,Bronx,NY,10475,"$1,920.00",1,NO
2023,Cohens Fashion Optional,"117 Orchard Street, New York, NY, 10002",117 Orchard Street,New York,NY,10002,"$1,913.00",,NO
2021,"Vishara Video, Inc.","781 8th Avenue, New York, NY, 10036",781 8th Avenue,New York,NY,10036,"$1,908.00",,NO
2022,Taurus Construction Group Inc,"53-56 72nd Place, Maspeth, NY, 11378",53-56 72nd Place,Maspeth,NY,11378,"$1,907.00",1,NO
2022,Reflections Nail Bar Inc,"915 Columbus Avenue, New York, NY, 10025",915 Columbus Avenue,New York,NY,10025,"$1,906.00",,NO
2022,"Ling Qin Tax & Associates, LLC","136-31 41st Avenue, Flushing, NY, 11355",136-31 41st Avenue,Flushing,NY,11355,"$1,905.00",1,NO
2020,Peter Marcus Group,"50 W. 57th Street, New York, NY, 10019",50 W. 57th Street,New York,NY,10019,"$1,904.00",1,NO
2023,Chipotle 55th and 3rd - 2375,"906 Third Avenue, New York, NY, 10022",906 Third Avenue,New York,NY,10022,"$1,901.00",80,NO
2022,"N.Y. Metropolitan Plumbing & Heating, Inc","72-33 Central Avenue, Glendale, NY, 11385",72-33 Central Avenue,Glendale,NY,11385,"$1,901.00",,NO
2023,C Chuqui Construction Inc,"12-45 Stratford Avenue, Bronx, NY, 10472",12-45 Stratford Avenue,Bronx,NY,10472,"$1,900.00",1,NO
2023,Schildr Inc,"104 West 40th Street Suites, New York, NY, 10018",104 West 40th Street Suites,New York,NY,10018,"$1,899.00",,NO
2021,Smiles Around Us / Southfield Academy,"351 Sand Lane, Staten Island, NY, 10305",351 Sand Lane,Staten Island,NY,10305,"$1,896.00",1,NO
2023,Spigro Mannagement LLC,"820 Boynton Ave., Bronx, NY, 10473",820 Boynton Ave.,Bronx,NY,10473,"$1,896.00",,NO
2023,The Loft Brooklyn Restaurant & Lounge,"1712 Nostrand Avenue, Brooklyn, NY, 11226",1712 Nostrand Avenue,Brooklyn,NY,11226,"$1,892.00",1,NO
2022,7 & 7 Deli,"111-28 Springfeild Blvd., Queens Village, NY, 11429",111-28 Springfeild Blvd.,Queens Village,NY,11429,"$1,891.00",1,NO
2023,Avoid Suspension.com,"94 9th Street, Brooklyn, NY, 11215",94 9th Street,Brooklyn,NY,11215,"$1,891.00",,NO
2023,CEC Steel LLC,"776 6th Avenue, New York, NY, 10001",776 6th Avenue,New York,NY,10001,"$1,890.00",,NO
2023,EAPG Corp,"872 Broadway, New York, NY, 10003",872 Broadway,New York,NY,10003,"$1,890.00",,NO
2020,Michigan Truck,"1013 Close Ave, Bronx, NY, 10472",1013 Close Ave,Bronx,NY,10472,"$1,890.00",1,NO
2020,Golden Krust Restaurant,"1381 E Gunhill Road, Bronx, NY, 10469",1381 E Gunhill Road,Bronx,NY,10469,"$1,886.00",2,NO
2020,Mega Protective Service Inc,"269 Barbey Street, Brooklyn, NY, 11207",269 Barbey Street,Brooklyn,NY,11207,"$1,886.00",3,NO
2022,Iris Nova,"104 Lexington Avenue, Brooklyn, NY, 11238",104 Lexington Avenue,Brooklyn,NY,11238,"$1,885.00",1,NO
2021,Mid Bronx Housing Development,"900 Grand Concourse, Bronx, NY, 10451",900 Grand Concourse,Bronx,NY,10451,"$1,883.00",1,NO
2022,Interiors 22 Inc.,"1339 125th Street, College Point, NY, 11356",1339 125th Street,College Point,NY,11356,"$1,875.00",,NO
2020,Marraflo Maintenance Contracting,"1087 Jackson Ave, Long Island City, NY, 11101",1087 Jackson Ave,Long Island City,NY,11101,"$1,875.00",1,NO
2022,Gentle Hands Home Care LLC,"172-02 Jamaica Avenue, Queens, NY, 11433",172-02 Jamaica Avenue,Queens,NY,11433,"$1,874.00",1,NO
2022,BBQ Sport Wear Inc,"728 E 136th Street, Bronx, NY, 10454",728 E 136th Street,Bronx,NY,10454,"$1,872.00",1,NO
2024,CVS Store No 6030,"157-05 Cross Bay Blvd, Howard Beach,, NY, 11414",157-05 Cross Bay Blvd,Howard Beach,NY,11414,"$1,871.00",,NO
2023,A & B Iron Work,"1638 Centre Street, Ridgewood, NY, 11385",1638 Centre Street,Ridgewood,NY,11385,"$1,856.00",1,NO
2022,P & V Group Inc,"2081 28th Street, Queens, NY, 11105",2081 28th Street,Queens,NY,11105,"$1,850.00",1,NO
2021,Sandra Winick,"32 West 47 St, New York, NY, 10036",32 West 47 St,New York,NY,10036,"$1,850.00",2,NO
2022,"Ocean Park Apartments, Inc","1660 49th Street, Brooklyn, NY, 11204",1660 49th Street,Brooklyn,NY,11204,"$1,846.00",,NO
2020,Dyckman Bakery,"176 Dickman Street, New York, NY, 10034",176 Dickman Street,New York,NY,10034,"$1,841.00",,NO
2022,Warren Panzer,"228 East 45th Street, New York City, NY, 10017",228 East 45th Street,New York City,NY,10017,"$1,840.00",1,NO
2020,Ben's Garden,"42 Grand Street, New York, NY, 10013",42 Grand Street,New York,NY,10013,"$1,836.00",1,NO
2022,Senior Care EMS,"700 Havemeyer Ave., Bronx, NY, 10473",700 Havemeyer Ave.,Bronx,NY,10473,"$1,836.00",1,NO
2021,Dunkin,"1375 Rockaway Parkway, Brooklyn, NY, 11236",1375 Rockaway Parkway,Brooklyn,NY,11236,"$1,835.00",,NO
2023,Chipotle,"35 Westchester Square, Bronx, ny, 10461",35 Westchester Square,Bronx,ny,10461,"$1,834.00",61,NO
2020,Head Start,"64 Division Avenue, Brooklyn, NY, 11249",64 Division Avenue,Brooklyn,NY,11249,"$1,832.00",1,NO
2022,Eprine,"1650 Eastern Parkway, Brooklyn, NY, 11233",1650 Eastern Parkway,Brooklyn,NY,11233,"$1,830.00",1,NO
2023,BK79 Delivery & Courier Co,"109 S. 5th Street, Brooklyn, NY, 11249",109 S. 5th Street,Brooklyn,NY,11249,"$1,826.00",,NO
2023,NYC Professional Millwork Inc,"149 29th Street, Brooklyn, NY, 11232",149 29th Street,Brooklyn,NY,11232,"$1,825.00",1,NO
2021,Sutton Park Center for Nursing and Rehabilitation,"144 -61 38th Ave, Flushing, NY, 11354",144 -61 38th Ave,Flushing,NY,11354,"$1,820.00",1,NO
2020,Structural Synergy PT PC,"PO Box 230188, New York, NY, 10023",PO Box 230188,New York,NY,10023,"$1,812.00",1,NO
2020,Pioneer Produce & Grocery,"1345 Castle Hill Ave, Bronx, NY, 10462",1345 Castle Hill Ave,Bronx,NY,10462,"$1,803.00",1,NO
2022,"C and T Homecare Services, LLC","74-11 37th Avenue, Jackson Heights, NY, 11345",74-11 37th Avenue,Jackson Heights,NY,11345,"$1,801.00",1,NO
2021,Community Resource Center for the Developmentally..,"1776 Eastchester RD, Bronx, NY, 10461",1776 Eastchester RD,Bronx,NY,10461,"$1,801.00",1,NO
2021,Luxury Vacation Homes,"505 Fifth Ave, New York, NY, 10017",505 Fifth Ave,New York,NY,10017,"$1,801.00",1,NO
2020,Brooklyn Chrysler Jeep,"2286 Flatbush Avenue, Brooklyn, NY, 11234",2286 Flatbush Avenue,Brooklyn,NY,11234,"$1,800.00",1,NO
2022,Cogent Waste Solutions LLC,"5835 47th St., Maspeth, NY, 11378",5835 47th St.,Maspeth,NY,11378,"$1,800.00",1,NO
2021,JP JP Construction Corp,"100-18 40th Road, Queens, NY, 11368",100-18 40th Road,Queens,NY,11368,"$1,800.00",1,NO
2024,Alphamore LLC,"2571 E. 17th St, Brooklyn, NY, 11235",2571 E. 17th St,Brooklyn,NY,11235,"$1,800.00",,NO
2022,Mamma Rosa's Cucina,"1007 Allerton Avenue, Bronx, NY, 10469",1007 Allerton Avenue,Bronx,NY,10469,"$1,800.00",1,NO
2023,MLSH HVAC LLC,"7827 68th Road, Long Island City, NY, 11379",7827 68th Road,Long Island City,NY,11379,"$1,800.00",1,NO
2021,Optimum Dental Care,"3370 Baychester Ave, Bronx, NY, 10475",3370 Baychester Ave,Bronx,NY,10475,"$1,800.00",1,NO
2022,Top View- Go New York Tours Inc.,"2 East 42nd Street, New York City, NY, 10017",2 East 42nd Street,New York City,NY,10017,"$1,800.00",1,NO
2023,Water Street Tavern,"71 Jay Street, Brooklyn, NY, 11201",71 Jay Street,Brooklyn,NY,11201,"$1,800.00",,NO
2023,American International Security Inc,"101 Tyrellan Ave, Staten Island, NY, 10309",101 Tyrellan Ave,Staten Island,NY,10309,"$1,796.00",1,NO
2020,Clare MacGoey and Rob MacGoey,"56 Warren St, New York, NY, 10007",56 Warren St,New York,NY,10007,"$1,789.00",2,NO
2022,"Samaritan Daytop Village, Inc.","138-02 Queens Blvd., Briarwood, NY, 11435",138-02 Queens Blvd.,Briarwood,NY,11435,"$1,789.00",2,NO
2023,The Burger House,"1556 Fulton Street, Brooklyn, NY, 11216",1556 Fulton Street,Brooklyn,NY,11216,"$1,789.00",1,NO
2023,Brink's Incorporated,"652 Kent Avenue, Brooklyn, NY, 11249",652 Kent Avenue,Brooklyn,NY,11249,"$1,786.00",,NO
2023,Something Sweet,"1976 86th Street, Brookyn, NY, 11214",1976 86th Street,Brooklyn,NY,11214,"$1,778.00",5,NO
2023,North Eastern Network Wellness Center,"375 Carlton Avenue, Brooklyn, NY, 11238",375 Carlton Avenue,Brooklyn,NY,11238,"$1,776.00",,NO
2022,Dredsurfer Grill,"16-27 Seagirt Blvd, Far Rockaway, NY, 11691",16-27 Seagirt Blvd,Far Rockaway,NY,11691,"$1,775.00",,NO
2020,Yuri Krainov DDS,"203 Ditmas Avenue, Brooklyn, NY, 11230",203 Ditmas Avenue,Brooklyn,NY,11230,"$1,775.00",1,NO
2023,Original Bruce's Patties,"9509 Church Avenue, Brooklyn, NY, 11212",9509 Church Avenue,Brooklyn,NY,11212,"$1,772.00",,NO
2022,Benjamin Zaremski MD,"510 E. 80th Street, New York, NY, 10075",510 E. 80th Street,New York,NY,10075,"$1,769.00",1,NO
2022,NYC Future Group Inc,"15 Bayview Lane, Staten Island, NY, 10309",15 Bayview Lane,Staten Island,NY,10309,"$1,762.00",1,NO
2022,PQRS Mutiservices,"2535 65th Street, Brooklyn, NY, 11204",2535 65th Street,Brooklyn,NY,11204,"$1,761.00",1,NO
2022,Starbucks-Empire Outlets,"55B Richmond Terrace, Staten Island, NY, 10301",55B Richmond Terrace,Staten Island,NY,10301,"$1,761.00",1,NO
2021,Cast Capital Lending Corp.,"265 W 37th St, New York, NY, 10018",265 W 37th St,New York,NY,10018,"$1,760.00",1,NO
2023,GMHC Inc,"307 West 38th Street, New York, NY, 11101",307 West 38th Street,New York,NY,11101,"$1,760.00",1,NO
2023,GMHC Inc,"307 West 38th Street, New York, NY, 11101",307 West 38th Street,New York,NY,11101,"$1,760.00",1,NO
2024,Starlite Building Services Inc. and Shaun Hudson,"270 Rider Avenue, Bronx, NY, 10451",270 Rider Avenue,Bronx,NY,10451,"$1,760.00",,NO
2020,Cigate Group Corp,"1263 Saint Nicholas Ave, New York, NY, 10033",1263 Saint Nicholas Ave,New York,NY,10033,"$1,750.00",2,NO
2024,Tennis Innovators,"500 8th Ave, New York, NY, 10018",500 8th Ave,New York,NY,10018,"$1,750.00",,NO
2022,Sterling Electric Inc,"8802 Glenwood Road, Brooklyn, NY, 11236",8802 Glenwood Road,Brooklyn,NY,11236,"$1,750.00",1,NO
2021,Barzelim Corp,"68-01 Main Street, Flushing, NY, 11367",68-01 Main Street,Flushing,NY,11367,"$1,747.00",1,NO
2022,"Ambush Alarm and Electronics, Inc.","2012 Avenue T, Brooklyn, NY, 11229",2012 Avenue T,Brooklyn,NY,11229,"$1,746.00",,NO
2021,Claudia Faris,"570 Park Ave, New York, NY, 10065",570 Park Ave,New York,NY,10065,"$1,745.00",2,NO
2022,Crab Du Jour,"925 Hunts Point, Bronx, NY, 10459",925 Hunts Point,Bronx,NY,10459,"$1,738.00",1,NO
2020,LKCC Carriers Corp.,"125 Mount Hope Place, Bronx, NY, 10453",125 Mount Hope Place,Bronx,NY,10453,"$1,735.00",1,NO
2023,Ridge Family Smiles / Angela Zavulunova DDS,"8301 Ridge Blvd., Brooklyn, NY, 11209",8301 Ridge Blvd.,Brooklyn,NY,11209,"$1,731.00",2,NO
2020,HP Plaza LLC,"P.O. Box 1198, New York, NY, 10039",P.O. Box 1198,New York,NY,10039,"$1,730.00",1,NO
2024,Nuyorican Poets Cafe,"PO BOX 20794, New York, NY, 10009",PO BOX 20794,New York,NY,10009,"$1,730.00",,NO
2021,Michael Mortley,"87-91 94th Street, Woodhaven, NY, 11421",87-91 94th Street,Woodhaven,NY,11421,"$1,730.00",1,NO
2021,Safety Environmental Co of NY Inc,"33 Clinton Avenue, Staten Island, NY, 10301",33 Clinton Avenue,Staten Island,NY,10301,"$1,730.00",1,NO
2023,Metro One Loss Prevention Services Group,"900 South Avenue, Staten Island, NY, 10314",900 South Avenue,Staten Island,NY,10314,"$1,729.00",2,NO
2024,Madison4805,"4805 13th Ave, Brooklyn, NY, 11219",4805 13th Ave,Brooklyn,NY,11219,"$1,724.00",,NO
2023,Silk Restaurant & Lounge,"222 Avenue U, Brooklyn, NY, 11223",222 Avenue U,Brooklyn,NY,11223,"$1,724.00",,NO
2021,Brooklyn Chrysler Jeep Dodge Ram,"2286 Flatbush Ave, Brooklyn, NY, 11234",2286 Flatbush Ave,Brooklyn,NY,11234,"$1,717.00",1,NO
2023,Buona Notte,"120 Mulberry St, New York, NY, 10013",120 Mulberry St,New York,NY,10013,"$1,715.00",1,NO
2023,Narcisse Restaurant,"344 59th Street, New York, NY, 10022",344 59th Street,New York,NY,10022,"$1,712.00",1,NO
2020,Chixin Fang Medical PC,"730 58th Street, Brooklyn, NY, 11220",730 58th Street,Brooklyn,NY,11220,"$1,710.00",1,NO
2023,NYGC,"37 Bronxville Glen, New York, NY, 10708",37 Bronxville Glen,New York,NY,10708,"$1,710.00",1,NO
2021,Prestige Fine Dry Cleaners,"4020 Ditmars Blvd, Astoria, NY, 11105",4020 Ditmars Blvd,Astoria,NY,11105,"$1,709.00",2,NO
2021,Mimi Lashes NY Inc.,"Roosevelt 8107 Avenue, 2nd Fl, Jackson Heights, NY, 11372",Roosevelt 8107 Avenue  2nd Fl,Jackson Heights,NY,11372,"$1,705.00",,NO
2023,Roka Modern Mediterranean,"349 Bedford Avenue, Brooklyn, NY, 11211",349 Bedford Avenue,Brooklyn,NY,11211,"$1,703.00",,NO
2022,India at Times Square aka Curry India,"332 West 44th Street, New York, NY, 10036",332 West 44th Street,New York,NY,10036,"$1,702.00",2,NO
2021,Al Roker Entertaiment,"1357 Broadway, New York, NY, 10018",1357 Broadway,New York,NY,10018,"$1,700.00",2,NO
2020,"iFlooded Services, Inc. / iFlooded Restoration, LLC","15253 10th Avenue, Whitestone, NY, 11357",15253 10th Avenue,Whitestone,NY,11357,"$1,694.00",1,NO
2023,Sylhet Pharmacy LLC,"80-01 101st Ave, Ozone Park, NY, 11416",80-01 101st Ave,Ozone Park,NY,11416,"$1,694.00",2,NO
2022,Bronx Independent Living Services,"4419 3rd Avenue, Bronx, NY, 10457",4419 3rd Avenue,Bronx,NY,10457,"$1,692.00",1,NO
2023,Chipotle,"88-01 Queens Blvd, Elmhurst, NY, 11373",88-01 Queens Blvd,Elmhurst,NY,11373,"$1,691.00",36,NO
2020,CL Supermarket Inc.,"40-33 Main Street, Flushing, NY, 11355",40-33 Main Street,Flushing,NY,11355,"$1,691.00",,NO
2023,Anna Kaiser Studios,"244 East 84th Street, New York, NY, 10028",244 East 84th Street,New York,NY,10028,"$1,690.00",1,NO
2021,NY Limits Contracting Corp,"204-09 Jamaica Avenue, Hollis, NY, 11423",204-09 Jamaica Avenue,Hollis,NY,11423,"$1,690.00",1,NO
2021,Sera Security LLC,"2804A Third Avenue, Bronx, NY, 10455",2804A Third Avenue,Bronx,NY,10455,"$1,686.00",1,NO
2020,"International Rehab Medical Office, P.C.","8701 18th Avenue, Brooklyn, NY, 11214",8701 18th Avenue,Brooklyn,NY,11214,"$1,683.00",1,NO
2022,Archstone Builders LLC,"242 West 30th Street, New York, NY, 10001",242 West 30th Street,New York,NY,10001,"$1,680.00",1,NO
2020,BMMY Contracting Corp.,"260 Madison Avenue, New York, NY, 10016",260 Madison Avenue,New York,NY,10016,"$1,680.00",1,NO
2021,Complete Express Medical PC,"3047 Avenue U, Brooklyn, NY, 11229",3047 Avenue U,Brooklyn,NY,11229,"$1,680.00",1,NO
2023,PPS Lafayette Corp,"325 Lafayette Ave, Brooklyn, NY, 11238",325 Lafayette Ave,Brooklyn,NY,11238,"$1,680.00",1,NO
2022,Yatino Flavor Food Truck,"1600 Westchester Ave, Bronx, NY, 10472",1600 Westchester Ave,Bronx,NY,10472,"$1,672.00",1,NO
2021,Hells Kitchen Barbers,"667 9th Ave, New York, NY, 10019",667 9th Ave,New York,NY,10019,"$1,670.00",1,NO
2020,Laura ODonnell and Daniel ODonnell,"1 Hanson Pl, Brooklyn, NY, 11243",1 Hanson Pl,Brooklyn,NY,11243,"$1,665.00",2,NO
2022,Dotdash Meredith,"225 Liberty Street, New york, NY, 10281",225 Liberty Street,New york,NY,10281,"$1,662.00",1,NO
2022,Hoyt Transportation Corp.,"2620 13th Street, Brooklyn, NY, 11223",2620 13th Street,Brooklyn,NY,11223,"$1,656.00",,NO
2021,"Adirondacks Protection Services, LLC","416 Vermont St, Brooklyn, NY, 11207",416 Vermont St,Brooklyn,NY,11207,"$1,654.00",1,NO
2022,Call-A-Head Corp.,"304 Crossbay Blvd., Broad Channel, NY, 11693",304 Crossbay Blvd.,Broad Channel,NY,11693,"$1,650.00",2,NO
2021,LIGHT 101 LLC,"1954 78th Street, Brooklyn, NY, 11214",1954 78th Street,Brooklyn,NY,11214,"$1,650.00",1,NO
2022,Mundito International Multiservice,"200 Dyckman St., New York, NY, 10040",200 Dyckman St.,New York,NY,10040,"$1,650.00",1,NO
2023,T.C.I.O.N.Y The Community Initiatives,"2293 Adam Clayton Powell Jr, New York, NY, 10030",2293 Adam Clayton Powell Jr,New York,NY,10030,"$1,650.00",1,NO
2022,ABM,"1 Liberty Plaza, New York, NY, 10006",1 Liberty Plaza,New York,NY,10006,"$1,635.00",2,NO
2021,South Bronx Pharmacy,"411 E 138th Street, Bronx, NY, 10454",411 E 138th Street,Bronx,NY,10454,"$1,635.00",1,NO
2020,"Charles J. Pearlman, MD, FRCS","2470 East 16th Street, Brooklyn, NY, 11235",2470 East 16th Street,Brooklyn,NY,11235,"$1,634.00",1,NO
2020,Taste and Sabor,"318 W 231st Street, Bronx, NY, 10463",318 W 231st Street,Bronx,NY,10463,"$1,632.00",1,NO
2020,Utopia Meadows Chiropractor Group,"185-07 185th Street, Fresh Meadows, NY, 11365",185-07 185th Street,Fresh Meadows,NY,11365,"$1,632.00",1,NO
2022,Regal Carriage Luxury Car & Limousine,"303 5th Ave, New York, NY, 10001",303 5th Ave,New York,NY,10001,"$1,626.00",,NO
2023,Dominick K. Bioh MD PC,"240 Monroe St, Brooklyn, NY, 11216",240 Monroe St,Brooklyn,NY,11216,"$1,625.00",,NO
2021,Deer Park Chicken Corp,"218-14, Queens Village, NY, 11428",218-14,Queens Village,NY,11428,"$1,624.00",10,NO
2023,Jany Drywall,"11-21 154th Street, Whitestone, NY, 11357",11-21 154th Street,Whitestone,NY,11357,"$1,620.00",,NO
2023,Romero Remodeling Constructions LLC,"7911 41st Ave, Elmhurst, NY, 11373",7911 41st Ave,Elmhurst,NY,11373,"$1,620.00",2,NO
2023,Metropolitan Dental Associates,"225 Broadway, New York, NY, 10007",225 Broadway,New York,NY,10007,"$1,617.00",1,NO
2020,Sauti Yetu,"2417 Third Ave, Bronx, NY, 10451",2417 Third Ave,Bronx,NY,10451,"$1,615.00",1,NO
2024,Legacy Contractors NYC,"25-52 Crescent Street, Astoria, NY, 11102",25-52 Crescent Street,Astoria,NY,11102,"$1,610.00",,NO
2022,Brianna Cabrera,"1941 79 Street, East Elmhurst, NY, 11370",1941 79 Street,East Elmhurst,NY,11370,"$1,600.00",1,NO
2024,Bloc Power Green Energy PEI Workforce Program,"600 Lafayette, Brooklyn, NY, 11216",600 Lafayette,Brooklyn,NY,11216,"$1,600.00",,NO
2023,Metrocity Construction Group Inc / Paradise City Con..,"49-10 47th Avenue, Woodside, NY, 11377",49-10 47th Avenue,Woodside,NY,11377,"$1,600.00",1,NO
2022,Retensa,"1001 Sixth Avenue, New York, NY, 10018",1001 Sixth Avenue,New York,NY,10018,"$1,600.00",1,NO
2021,TEG J Andrews,"555 West 23rd St, New York, NY, 10011",555 West 23rd St,New York,NY,10011,"$1,600.00",1,NO
2022,Heart of Harlem Veterinary Clinic,"2143 Adam Powell Jr. Boulevard, New York, NY, 10027",2143 Adam Powell Jr. Boulevard,New York,NY,10027,"$1,595.00",1,NO
2021,Pawn Rite,"1258 Broadway, Brooklyn, NY, 11221",1258 Broadway,Brooklyn,NY,11221,"$1,593.00",2,NO
2020,IL Mulino Gramercy LLC,"43E 20th Street, New York, NY, 10003",43E 20th Street,New York,NY,10003,"$1,591.00",2,NO
2023,Rivka Fellig,"367 Crown Street, Brooklyn, NY, 11225",367 Crown Street,Brooklyn,NY,11225,"$1,590.00",1,NO
2022,Chromium Management Services LLC,"131-24 Rockaway Blvd., South Ozone Park, NY, 11420",131-24 Rockaway Blvd.,South Ozone Park,NY,11420,"$1,586.00",1,NO
2023,La Onda Longe Cafeteria,"102-21 Roosevelt Avenue, Queens, NY, 11368",102-21 Roosevelt Avenue,Queens,NY,11368,"$1,584.00",,NO
2020,Rightway Therapeutic Services LLC,"1 Pierrepont Plaza 12th Floor, Brooklyn, NY, 11201",1 Pierrepont Plaza 12th Floor,Brooklyn,NY,11201,"$1,584.00",1,NO
2020,One Fifty One Restaurant and Lounge,"151 Dyckman Street, New York, NY, 10040",151 Dyckman Street,New York,NY,10040,"$1,583.00",1,NO
2022,Mulligan Security,"Seven Penn Plaz, New York, NY, 10001",Seven Penn Plaz,New York,NY,10001,"$1,575.00",1,NO
2022,OTA ADE ONI Consulting LLC,"3100 47th Avenue, Long Island City, NY, 11101",3100 47th Avenue,Long Island City,NY,11101,"$1,575.00",1,NO
2021,Love and Dough,"57 Pearl Street, Brooklyn, NY, 11201",57 Pearl Street,Brooklyn,NY,11201,"$1,562.00",1,NO
2021,Greatcare Inc,"110 W 34th Street, New York, NY, 10001",110 W 34th Street,New York,NY,10001,"$1,560.00",3,YES
2020,"IJU Agency, Ltd.","1040 6th Avenue, New York, NY, 10018",1040 6th Avenue,New York,NY,10018,"$1,560.00",1,NO
2022,Sottile Security Services Inc,"152 Stuyvesant Place, Staten Island, NY, 10301",152 Stuyvesant Place,Staten Island,NY,10301,"$1,560.00",1,NO
2021,Javier Rivera Meija,"534 Beach 25th Street, Queens, NY, 11691",534 Beach 25th Street,Queens,NY,11691,"$1,555.00",2,NO
2020,Kinderhaus Inc,"398 4th Street Apt 2, Brooklyn, NY, 11215",398 4th Street Apt 2,Brooklyn,NY,11215,"$1,555.00",,NO
2022,St. Luke A.M.E. Church,"1854 Amsterdam Ave, New York, NY, 10031",1854 Amsterdam Ave,New York,NY,10031,"$1,550.00",1,NO
2022,"Americare, Inc.","2255 Coleman Street, Brooklyn, NY, 11234",2255 Coleman Street,Brooklyn,NY,11234,"$1,548.00",1,NO
2020,Make My Cake,"775 Columbus Ave, New York, NY, 10025",775 Columbus Ave,New York,NY,10025,"$1,547.00",1,NO
2023,City Pro Group Inc,"329 East 149th Street, Bronx, NY, 10451",329 East 149th Street,Bronx,NY,10451,"$1,541.00",,NO
2024,AAA-1-Cleaning,"1221 East 13th Street, Brooklyn, NY, 11230",1221 East 13th Street,Brooklyn,NY,11230,"$1,538.00",,NO
2021,Sauti Yetu Center for African Women,"2417 3rd Avenue, Bronx, NY, 10451",2417 3rd Avenue,Bronx,NY,10451,"$1,534.00",1,NO
2023,Jtj Innovations,"34-10 127th St, New York, NY, 11368",34-10 127th St,New York,NY,11368,"$1,532.00",,NO
2023,Jtj Innovations,"34-10 127th St, New York, NY, 11368",34-10 127th St,New York,NY,11368,"$1,532.00",,NO
2021,Service for the Underserved,"463 7th Ave, New York, NY, 10018",463 7th Ave,New York,NY,10018,"$1,532.00",1,NO
2020,Topshop Topman,"608 5th Avenue, New York, NY, 10020",608 5th Avenue,New York,NY,10020,"$1,532.00",1,NO
2022,Gentleman Farmer,"40 Rivington Street, New York, NY, 10002",40 Rivington Street,New York,NY,10002,"$1,530.00",1,NO
2020,Priyanka Group Inc,"139-34 89th Avenue, Briarwood, NY, 11435",139-34 89th Avenue,Briarwood,NY,11435,"$1,530.00",2,NO
2022,Noor Pharma LLC,"74-01 101st Avenue, Ozone Park, NY, 11416",74-01 101st Avenue,Ozone Park,NY,11416,"$1,529.00",,NO
2020,Bond No 9,"9 Bond St, New York, NY, 10021",9 Bond St,New York,NY,10021,"$1,527.00",1,NO
2021,Distinguished Concerts International NY,"250 W. 57th St., New York, NY, 10107",250 W. 57th St.,New York,NY,10107,"$1,522.00",1,NO
2020,Berkowitz Dermatology,"390 West End Avenue, New York, NY, 10024",390 West End Avenue,New York,NY,10024,"$1,520.00",1,NO
2023,Ideal Automotive Broker of Bensonhurst,"6215 18th Ave, Brooklyn, NY, 11204",6215 18th Ave,Brooklyn,NY,11204,"$1,520.00",,NO
2024,Rush Rubbish Removal,"183 Wilson Street, Brooklyn, NY, 11211",183 Wilson Street,Brooklyn,NY,11211,"$1,520.00",,NO
2021,Just Salad 233 Broadway,"233 Broadway, New York, NY, 10007",233 Broadway,New York,NY,10007,"$1,519.00",25,NO
2020,Subway Restaurant,"21925 N Conduit Ave, Spring Gardens, NY, 11413",21925 N Conduit Ave,Spring Gardens,NY,11413,"$1,519.00",1,NO
2022,F.A.L.C. Corp.,"107-32 Union Hall St., Jamaica, NY, 11433",107-32 Union Hall St.,Jamaica,NY,11433,"$1,518.00",,NO
2021,Pearl and Front Corp. / Tacos Al Pastor,"57 Pearl St, Brooklyn, NY, 11201",57 Pearl St,Brooklyn,NY,11201,"$1,515.00",1,NO
2021,Mid Bronx Housing Management,"900 Grand Concourse, Bronx, NY, 10451",900 Grand Concourse,Bronx,NY,10451,"$1,513.00",1,NO
2023,Chipotle Battery Park City - 1836,"325 South End Avenue, New York, NY, 10280",325 South End Avenue,New York,NY,10280,"$1,511.00",86,NO
2020,The Harrow,"720 10th Avenue, New York, NY, 10019",720 10th Avenue,New York,NY,10019,"$1,506.00",1,NO
2021,Cafe Habana NYC,"17 Prince Street, New York, NY, 10012",17 Prince Street,New York,NY,10012,"$1,500.00",,NO
2023,Edison Construction Corp,"88 St. Nicholas Ave., Brooklyn, NY, 11237",88 St. Nicholas Ave.,Brooklyn,NY,11237,"$1,500.00",1,NO
2023,Happy Contracting Inc,"11 Broadway, New York, NY, 10004",11 Broadway,New York,NY,10004,"$1,500.00",,NO
2020,Herper Tech Construction,"146-55 106th Avenue, Jamaica, NY, 11435",146-55 106th Avenue,Jamaica,NY,11435,"$1,500.00",2,NO
2020,I.N.N Construction Corporation,"1765 Stilwell Ave, Brooklyn, NY, 11223",1765 Stilwell Ave,Brooklyn,NY,11223,"$1,500.00",1,NO
2021,S & K Group Solutions Corp,"2440 E. 29th St, Brooklyn, NY, 11235",2440 E. 29th St,Brooklyn,NY,11235,"$1,500.00",1,NO
2020,Wave Development LLC/ Carnegie Mgmt,"40 North 4th Street, Brooklyn, NY, 11211",40 North 4th Street,Brooklyn,NY,11211,"$1,500.00",1,NO
2023,Castle Senior Living at Forest Hills,"108-25 Horace Harding Exprwy, Forest Hills, NY, 11368",108-25 Horace Harding Exprwy,Forest Hills,NY,11368,"$1,488.00",,NO
2022,Professional Home Remodeling Inc.,"2579 East 17th Street, Brooklyn, NY, 11235",2579 East 17th Street,Brooklyn,NY,11235,"$1,485.00",3,NO
2022,Sons of Ink,"9220 Union Hall Street, Jamaica, NY, 11433",9220 Union Hall Street,Jamaica,NY,11433,"$1,480.00",2,NO
2023,Eprine Community Services Inc,"1650 Eastern Parkway, Brooklyn, NY, 11233",1650 Eastern Parkway,Brooklyn,NY,11233,"$1,479.00",1,NO
2020,Tiecrafters,"1232 2nd Avenue, New York, NY, 10065",1232 2nd Avenue,New York,NY,10065,"$1,474.00",1,NO
2020,Midboro Management,"333 7th Avenue, New York, NY, 10001",333 7th Avenue,New York,NY,10001,"$1,472.00",1,NO
2020,"White Glove Placement, Inc","89 Bartlett St, Brooklyn, NY, 11206",89 Bartlett St,Brooklyn,NY,11206,"$1,464.00",1,NO
2022,High Vibrations Juice Bar Inc.,"1013 Fulton Street, Brooklyn, NY, 11238",1013 Fulton Street,Brooklyn,NY,11238,"$1,463.00",1,NO
2020,The City Bakery,"3 W. 18th St., New York, NY, 10011",3 W. 18th St.,New York,NY,10011,"$1,463.00",1,NO
2023,Boston Chicken of New York/Boston Market,"60-18 Metropolitan Ave, Ridgewood, NY, 11385",60-18 Metropolitan Ave,Ridgewood,NY,11385,"$1,459.00",,NO
2021,City Drug and Surgical,"2039 Amsterdam Ave, New York, NY, 10032",2039 Amsterdam Ave,New York,NY,10032,"$1,453.00",1,NO
2021,Maria Munoz and Arthur Lewison,"19-30 Astoria Park South, Astoria, NY, 11102",19-30 Astoria Park South,Astoria,NY,11102,"$1,450.00",2,NO
2022,"Prime NYC Group, Corp","155 34th Street, Brooklyn, NY, 11232",155 34th Street,Brooklyn,NY,11232,"$1,450.00",1,NO
2022,Rebekah Rehab Licensed Home Care,"1040 Havemeyer Ave., Bronx, NY, 10462",1040 Havemeyer Ave.,Bronx,NY,10462,"$1,450.00",1,NO
2023,Agile Cardiology,"39 E. 13th Street, New York, NY, 10003",39 E. 13th Street,New York,NY,10003,"$1,449.00",,NO
2022,"Allied Universal Protection Service, LLC","123 William Street, New York, NY, 10038",123 William Street,New York,NY,10038,"$1,444.00",3,NO
2023,Apt Housekeeping Inc & Alla Petrova,"178 Columbus Avenue, Brooklyn, NY, 10023",178 Columbus Avenue,Brooklyn,NY,10023,"$1,440.00",,NO
2020,Eye Q Optometrist,"213 West 79th Street, New York, NY, 10024",213 West 79th Street,New York,NY,10024,"$1,440.00",1,NO
2021,Midas Painting LLC,"2210 21st Street, Astoria, NY, 11105",2210 21st Street,Astoria,NY,11105,"$1,440.00",,NO
2021,PR Data Electric Service Inc,"1336 70th St, Brooklyn, NY, 11228",1336 70th St,Brooklyn,NY,11228,"$1,440.00",1,NO
2023,The Dwelling Place,"409 West 40th Street, New York, NY, 10018",409 West 40th Street,New York,NY,10018,"$1,440.00",,NO
2023,The Work Shop,"210 41st Street, Brooklyn, NY, 11232",210 41st Street,Brooklyn,NY,11232,"$1,440.00",,NO
2021,Virtual Diamond Boutique,"580 5th Ave, New York, NY, 10036",580 5th Ave,New York,NY,10036,"$1,440.00",1,NO
2021,Taqueria Guerrero Mexican Cuisine,"1761 Crosby Ave, Bronx, NY, 10461",1761 Crosby Ave,Bronx,NY,10461,"$1,435.00",1,NO
2021,Cayuga Centers,"1916 Park Avenue, New York, NY, 10037",1916 Park Avenue,New York,NY,10037,"$1,433.00",1,NO
2022,KHS Security Agency LLC,"585 Schenectady Ave, Brooklyn, NY, 11203",585 Schenectady Ave,Brooklyn,NY,11203,"$1,425.00",,NO
2021,Shredup Inc,"259 58th Street, Brooklyn, NY, 11220",259 58th Street,Brooklyn,NY,11220,"$1,419.00",1,NO
2022,LLABB Co,"330 West 38th Street, New York, NY, 10018",330 West 38th Street,New York,NY,10018,"$1,413.00",1,NO
2023,Caton Park Nursing and Rehabilition,"1312 Caton Avenue, Brooklyn, NY, 11226",1312 Caton Avenue,Brooklyn,NY,11226,"$1,412.00",1,NO
2020,1-800 Flowers,"36-01 47th Avenue 1st FL, Long Island City, NY, 11101",36-01 47th Avenue 1st FL,Long Island City,NY,11101,"$1,410.00",1,NO
2022,Pride Technology,"1211 6th Avenue, New York, NY, 10036",1211 6th Avenue,New York,NY,10036,"$1,404.00",1,NO
2023,Gotham City Collision West,"11-30 44th Road, Long Island City, NY, 11106",11-30 44th Road,Long Island City,NY,11106,"$1,403.00",2,NO
2023,FASHION 7810 CORP,"7810 NEW UTRECHT AVE, Brooklyn, NY, 11214",7810 NEW UTRECHT AVE,Brooklyn,NY,11214,"$1,400.00",,NO
2021,G&G Fuel Oil,"20 Station Avenue, Staten Island, NY, 10309",20 Station Avenue,Staten Island,NY,10309,"$1,400.00",1,NO
2024,Long & Short Barber Inc,"278 Livingston Street, Brooklyn, NY, 11217",278 Livingston Street,Brooklyn,NY,11217,"$1,400.00",,NO
2023,MDM Transportation Corp,"548 Throggs Neck Expo, Bronx, NY, 10465",548 Throggs Neck Expo,Bronx,NY,10465,"$1,400.00",1,NO
2022,NY Painting Plus Inc,"4287 Katonah Ave., Bronx, NY, 10470",4287 Katonah Ave.,Bronx,NY,10470,"$1,400.00",2,NO
2022,Oh Nuts,"120-65 168th Street, South Jamaica, NY, 11434",120-65 168th Street,South Jamaica,NY,11434,"$1,400.00",1,NO
2022,The Headless Widow,"99 1st Avenue, New York, NY, 10003",99 1st Avenue,New York,NY,10003,"$1,400.00",,NO
2023,Chipotle - 25 West 45th Street - 1178,"25 West 45th Street, New York, NY, 10036",25 West 45th Street,New York,NY,10036,"$1,394.00",74,NO
2020,"NYC School Support Services, Inc.","500 Macon Street, Brooklyn, NY, 11233",500 Macon Street,Brooklyn,NY,11233,"$1,391.00",1,NO
2022,Rebekah Rehab Licensed Homecare Agency,"1040 Havemeyer Ave, Bronx, NY, 10462",1040 Havemeyer Ave,Bronx,NY,10462,"$1,386.00",,NO
2022,BoCaphe Soho,"222 Lafayette Street, New York, NY, 10012",222 Lafayette Street,New York,NY,10012,"$1,380.00",1,NO
2023,HELP USA,"115 East 13th Street, New York, NY, 10603",115 East 13th Street,New York,NY,10603,"$1,379.00",,NO
2020,Indian Road Cafe,"600 W 218th Street, New York, NY, 10034",600 W 218th Street,New York,NY,10034,"$1,377.00",1,NO
2020,Regenerative Medicine LLC,"500 7th Ave 8th FL, New York, NY, 10018",500 7th Ave 8th FL,New York,NY,10018,"$1,375.00",1,NO
2020,Victoria Moran,"1060 5th Ave, New York, NY, 10128",1060 5th Ave,New York,NY,10128,"$1,367.00",1,NO
2021,On Time Delivery Service LLC,"566 Gulf Avenue, Staten Island, NY, 10314",566 Gulf Avenue,Staten Island,NY,10314,"$1,362.00",1,NO
2023,Excel Guard Corp,"505 8th Ave, New York, NY, 10018",505 8th Ave,New York,NY,10018,"$1,361.00",1,NO
2023,Reymond Construction Corporation,"6133 Tyndall Avenue, Bronx, NY, 10471",6133 Tyndall Avenue,Bronx,NY,10471,"$1,360.00",1,NO
2024,Classic Car Club,"1 Pier 76, New York, NY, 10018",1 Pier 76,New York,NY,10018,"$1,352.00",,NO
2020,Campus Education / J & K Campus Inc,"410 8th Avenue, New York City, NY, 10001",410 8th Avenue,New York City,NY,10001,"$1,350.00",1,NO
2024,Jose & Sons General Construction,"2750 Creston Ave, Bronx, NY, 10468",2750 Creston Ave,Bronx,NY,10468,"$1,350.00",,NO
2020,Caring Professionals,"7020 Austin St #135, Forest Hills, NY, 11375",7020 Austin St #135,Forest Hills,NY,11375,"$1,344.00",3,NO
2023,Nicolas and Elle Cespedes,"25 Greenpoint Ave., Brooklyn, NY, 11222",25 Greenpoint Ave.,Brooklyn,NY,11222,"$1,339.00",,NO
2023,Chipotle Little Neck - 2312,"254-65 Horace Harding Expressw, Little Neck, NY, 11362",254-65 Horace Harding Expressw,Little Neck,NY,11362,"$1,338.00",61,NO
2020,Secutronix II Integration Inc,"131 Varick Street, New York, NY, 10013",131 Varick Street,New York,NY,10013,"$1,338.00",1,NO
2021,Juicy Box,"2281 Nostrand Avenue, Brooklyn, NY, 11210",2281 Nostrand Avenue,Brooklyn,NY,11210,"$1,335.00",,NO
2020,Senior Ride Transportation LLC,"700 Havemeyer Avenue, Bronx, NY, 10473",700 Havemeyer Avenue,Bronx,NY,10473,"$1,334.00",1,NO
2021,Brighton Beach Medical Group,"130 Brighton Beach Ave, Brooklyn, NY, 11235",130 Brighton Beach Ave,Brooklyn,NY,11235,"$1,332.00",,NO
2022,Latino Fusion Cafe,"85-30 37th Ave., Jackson Heights, NY, 11372",85-30 37th Ave.,Jackson Heights,NY,11372,"$1,330.00",1,NO
2023,Medical Offices of Manhattan,"201 E. 65th St, New York, NY, 11065",201 E. 65th St,New York,NY,11065,"$1,325.00",1,NO
2020,Sincere Home Care / Advanced Home Care,"2571 E. 17th Street, Brooklyn, NY, 11235",2571 E. 17th Street,Brooklyn,NY,11235,"$1,325.00",1,NO
2023,Chipotle Sunset Park - 3741,"4101 4th Avenue, Brooklyn, ny, 11232",4101 4th Avenue,Brooklyn,ny,11232,"$1,323.00",36,NO
2023,Second Stage Theatre,"1501 Broadway, New York, NY, 10036",1501 Broadway,New York,NY,10036,"$1,322.00",1,NO
2022,Amor Homecare Inc,"3215 Fulton Street, Brooklyn, NY, 11268",3215 Fulton Street,Brooklyn,NY,11268,"$1,319.00",,NO
2023,The Bridge Mental Health and Housing Solutions,"248 W. 108th St, New York, NY, 10025",248 W. 108th St,New York,NY,10025,"$1,314.00",,YES
2021,ARK Accountants and Advisors LLP,"1120 Avenue of the Americas, New York, NY, 10036",1120 Avenue of the Americas,New York,NY,10036,"$1,313.00",1,NO
2021,RCM Technologies Inc / Division of RCM Health Car..,"575 8th Avenue, New York, NY, 10018",575 8th Avenue,New York,NY,10018,"$1,313.00",1,NO
2023,Vittorio B Fine Jewels,"350 West 42nd Street, New York, NY, 10036",350 West 42nd Street,New York,NY,10036,"$1,313.00",,NO
2022,Yummy Dumpling House/Impressive Dumplings/Sun..,"4005 Skillman Avenue, Sunnyside, NY, 11104",4005 Skillman Avenue,Sunnyside,NY,11104,"$1,313.00",1,NO
2022,Kall Yope Inc.,"430 E 29th Street, New York, NY, 10016",430 E 29th Street,New York,NY,10016,"$1,308.00",1,NO
2023,Chipotle Madison Square Park - 1962,"234 Fifth Avenue, New York, NY, 10001",234 Fifth Avenue,New York,NY,10001,"$1,306.00",79,NO
2021,Summer Salt,"30 E 23rd Street, New York, NY, 10010",30 E 23rd Street,New York,NY,10010,"$1,306.00",1,NO
2022,Highline Pizza,"503 W 28th Street, New York, NY, 10001",503 W 28th Street,New York,NY,10001,"$1,305.00",2,NO
2024,Amazing Home Care,"1601 Bronxdale Avenue, Bronx, NY, 10462",1601 Bronxdale Avenue,Bronx,NY,10462,"$1,305.00",,NO
2020,Precision Dental NYC,"21-34 30th Avenue, Astoria, NY, 11102",21-34 30th Avenue,Astoria,NY,11102,"$1,304.00",1,NO
2023,DRG BK Chophouse Inc,"9517 3rd Ave, Brooklyn, NY, 11209",9517 3rd Ave,Brooklyn,NY,11209,"$1,302.00",,NO
2023,Alan E Rosenberg Inc,"2304 Jerome Ave, Bronx, NY, 10468",2304 Jerome Ave,Bronx,NY,10468,"$1,300.00",,NO
2022,Corkscrew Wines,"489 Myrtle Ave, Brooklyn, NY, 11205",489 Myrtle Ave,Brooklyn,NY,11205,"$1,300.00",1,NO
2023,Method Construction,"718 Court Street, Brooklyn, NY, 11231",718 Court Street,Brooklyn,NY,11231,"$1,300.00",,NO
2021,Acacia Network,"215 Sackman Street, Brooklyn, NY, 11212",215 Sackman Street,Brooklyn,NY,11212,"$1,299.00",3,NO
2022,A Best Woodworking,"846 e. 43rd Street, Brooklyn, NY, 11210",846 e. 43rd Street,Brooklyn,NY,11210,"$1,296.00",1,NO
2021,Winfield Security Corporation,"57 W. 38th Street, New York, NY, 10018",57 W. 38th Street,New York,NY,10018,"$1,296.00",1,NO
2023,Dashi Brooklyn,"119 Ingraham, Brooklyn, NY, 11237",119 Ingraham,Brooklyn,NY,11237,"$1,295.00",,NO
2024,Arts District Brooklyn,"25 Franklin St, Brooklyn, NY, 11222",25 Franklin St,Brooklyn,NY,11222,"$1,295.00",,NO
2021,Always Home Care,"3131 Coney Island Ave, Brooklyn, NY, 11235",3131 Coney Island Ave,Brooklyn,NY,11235,"$1,291.00",1,NO
2022,Juanchitos Cafe LLC,"9-01 College Point Blvd, College Point, NY, 11350",9-01 College Point Blvd,College Point,NY,11350,"$1,290.00",2,NO
2021,Charles J Pearlman MD,"2470 East 16th Street, Brooklyn, NY, 11235",2470 East 16th Street,Brooklyn,NY,11235,"$1,283.00",1,NO
2020,Migdal Management Corp,"2765 W. 5th Street, Brooklyn, NY, 11224",2765 W. 5th Street,Brooklyn,NY,11224,"$1,280.00",1,NO
2021,New Wave Design & Contracting Corp.,"3808 43rd Ave, Long Island City, NY, 11101",3808 43rd Ave,Long Island City,NY,11101,"$1,280.00",1,NO
2023,Beyond Beauty Boutique,"669 Lexington Ave, New York, NY, 10022",669 Lexington Ave,New York,NY,10022,"$1,275.00",,NO
2022,David Deals,"16 East 40th Street, New York, NY, 10016",16 East 40th Street,New York,NY,10016,"$1,275.00",2,NO
2021,Weldon Construction,"48 Sullivan St, New York, NY, 10012",48 Sullivan St,New York,NY,10012,"$1,275.00",1,NO
2020,Carvel,"265-15 Hillside, Floral Park, NY, 11004",265-15 Hillside,Floral Park,NY,11004,"$1,271.00",2,NO
2020,Safeco Risk Control LLC,"254 36th Street, Brooklyn, NY, 11232",254 36th Street,Brooklyn,NY,11232,"$1,267.00",1,NO
2023,Winick Productions LLC,"250 W. 103rd St, New York, NY, 10025",250 W. 103rd St,New York,NY,10025,"$1,265.00",,NO
2020,OAH Concrete Corp,"93-02 183rd St, Jamaica, NY, 11423",93-02 183rd St,Jamaica,NY,11423,"$1,263.00",1,NO
2023,B&N Corp Company,"418 58th Street, Brooklyn, NY, 11220",418 58th Street,Brooklyn,NY,11220,"$1,260.00",,NO
2022,Explorer Security Services,"601 West 51st Street, New York, NY, 10019",601 West 51st Street,New York,NY,10019,"$1,260.00",1,NO
2023,NY Demolition and Construction Inc.,"385 5th Avenue, New York, NY, 10016",385 5th Avenue,New York,NY,10016,"$1,260.00",,NO
2023,Simplex Pharmacy,"644 Rogers Avenue, Brooklyn, NY, 11226",644 Rogers Avenue,Brooklyn,NY,11226,"$1,260.00",1,NO
2023,Cathedral Parkway Tower Pre School Inc,"125 West 109th Street, New York, NY, 10025",125 West 109th Street,New York,NY,10025,"$1,255.00",,NO
2022,Advanced Custom Interiors Inc,"92-16 95th Avenue, Ozone Park, NY, 11416",92-16 95th Avenue,Ozone Park,NY,11416,"$1,253.00",1,NO
2021,Pia Khullar,"35 W 15th St, New York, NY, 10011",35 W 15th St,New York,NY,10011,"$1,251.00",1,NO
2020,Urban Audiobooks,"2 St. Nicholas Avenue, Brooklyn, NY, 11237",2 St. Nicholas Avenue,Brooklyn,NY,11237,"$1,251.00",1,NO
2023,Cohen's Fashion Optical,"825 Broadway, New York, NY, 10003",825 Broadway,New York,NY,10003,"$1,250.00",,NO
2023,Manhattan Audio Inc,"200 West 57th St, New York, NY, 10019",200 West 57th St,New York,NY,10019,"$1,250.00",,NO
2023,Solco Plumbing Supply Inc,"413 Liberty Ave, Brooklyn, NY, 11207",413 Liberty Ave,Brooklyn,NY,11207,"$1,250.00",,NO
2022,The Marque Global,"576 Fifth Avenue, New York, NY, 10036",576 Fifth Avenue,New York,NY,10036,"$1,250.00",1,NO
2023,Yuriy Troskyy,"55 Dank Ct, Brooklyn, NY, 11223",55 Dank Ct,Brooklyn,NY,11223,"$1,248.00",1,NO
2021,Sunset Cafe,"2379 Mickle Ave, Bronx, NY, 10469",2379 Mickle Ave,Bronx,NY,10469,"$1,247.00",1,NO
2023,Caregiver Pro Home Care,"122-01 Liberty Avenue, Richmond HIll, NY, 11419",122-01 Liberty Avenue,Richmond Hill,NY,11419,"$1,246.00",,NO
2020,Brooklyn Opthalmology,"4014 Church Ave, Brooklyn, NY, 11236",4014 Church Ave,Brooklyn,NY,11236,"$1,242.00",1,NO
2020,Walter Cruz,"321 St Marks Ave, Brooklyn, NY, 11238",321 St Marks Ave,Brooklyn,NY,11238,"$1,242.00",2,NO
2023,ESR Hospitality Group Corp,"185-01 Union Tpke, Fresh Meadows, NY, 11366",185-01 Union Tpke,Fresh Meadows,NY,11366,"$1,234.00",1,NO
2022,Kay Construction,"30-01Northern Blvd., Long Island, NY, 11101",30-01Northern Blvd.,Long Island,NY,11101,"$1,232.00",1,NO
2020,Reyes Fastest,"14 W Kingsbridge Rd, Bronx, NY, 10468",14 W Kingsbridge Rd,Bronx,NY,10468,"$1,230.00",1,NO
2022,Pinnacle Electric,"130-45 91st. Ave., Queens, NY, 11418",130-45 91st. Ave.,Queens,NY,11418,"$1,228.00",1,NO
2021,Avantis Pizza,"57 Targee St, Staten Island, NY, 10304",57 Targee St,Staten Island,NY,10304,"$1,225.00",2,NO
2020,Farida Restaurant,"498 9th Avenue, New York, NY, 10018",498 9th Avenue,New York,NY,10018,"$1,225.00",1,NO
2024,My Cooking Party,"130 West 29th Street, New York, NY, 10001",130 West 29th Street,New York,NY,10001,"$1,225.00",,NO
2021,"PDC Services, Inc.","42-61 24th Street, New York, NY, 11101",42-61 24th Street,New York,NY,11101,"$1,224.00",1,NO
2021,"PDC Services, Inc.","42-61 24th Street, New York, NY, 11101",42-61 24th Street,New York,NY,11101,"$1,224.00",1,NO
2022,Kpot Korean BBQ & Hot Pot,"436 Albee Square W., Brooklyn, NY, 11201",436 Albee Square W.,Brooklyn,NY,11201,"$1,223.00",,NO
2020,Always First Demolition NYC,"59-75 Fresh Pond Rd, Maspeth, NY, 11378",59-75 Fresh Pond Rd,Maspeth,NY,11378,"$1,218.00",1,NO
2021,Best Cleaning 4 U LLC,"2835 Ocean Ave, Brooklyn, NY, 11235",2835 Ocean Ave,Brooklyn,NY,11235,"$1,218.00",1,NO
2023,ADT Security Systems,"47-40 21st Street, Long Island City, NY, 11101",47-40 21st Street,Long Island City,NY,11101,"$1,217.00",,NO
2023,Dock Piping & Heating LLC,"610 Empire Blvd., Brooklyn, NY, 11213",610 Empire Blvd.,Brooklyn,NY,11213,"$1,216.00",,NO
2021,NYU College of Dentistry,"345 E. 24th St., New York, NY, 10010",345 E. 24th St.,New York,NY,10010,"$1,215.00",1,NO
2021,Dyphor NY,"146 Wythe Ave, Brooklyn, NY, 11249",146 Wythe Ave,Brooklyn,NY,11249,"$1,214.00",1,NO
2020,Lasi Security Company,"822 Utica Avenue, Brooklyn, NY, 11203",822 Utica Avenue,Brooklyn,NY,11203,"$1,214.00",1,NO
2022,Credit and Debt Management Institute Inc.,"89-62 134th Street, Queens, NY, 11418",89-62 134th Street,Queens,NY,11418,"$1,211.00",2,YES
2022,Banner Electric Inc,"305 W 13th St, New York, NY, 10014",305 W 13th St,New York,NY,10014,"$1,208.00",1,NO
2022,Odyssey House,"120 Wall Street, New York, NY, 10005",120 Wall Street,New York,NY,10005,"$1,203.00",3,NO
2020,Footprints Cafe,"1377 Flatbush Ave, Brooklyn, NY, 11210",1377 Flatbush Ave,Brooklyn,NY,11210,"$1,201.00",2,NO
2020,Brighton Beach Medical Group,"130 Brighton Beach Ave, Brooklyn, NY, 11235",130 Brighton Beach Ave,Brooklyn,NY,11235,"$1,200.00",1,NO
2020,Custom Couture by Chavi,"1331 49th Street, Brooklyn, NY, 11219",1331 49th Street,Brooklyn,NY,11219,"$1,200.00",1,NO
2022,Delgado Travel,"4806 46 Street, New York, NY, 11377",4806 46 Street,New York,NY,11377,"$1,200.00",1,NO
2022,Delgado Travel,"4806 46 Street, New York, NY, 11377",4806 46 Street,New York,NY,11377,"$1,200.00",1,NO
2021,Elite Airline Linen of NY,"1107 Redfern Ave, Far Rockaway, NY, 11691",1107 Redfern Ave,Far Rockaway,NY,11691,"$1,200.00",1,NO
2021,ESS Explora Security,"60 West 51st Street, New York, NY, 10019",60 West 51st Street,New York,NY,10019,"$1,200.00",1,NO
2020,Harrys Shoes,"2299 Broadway, New York, NY, 10024",2299 Broadway,New York,NY,10024,"$1,200.00",1,NO
2021,Home Health Care Service of NY Inc,"1989 Coney Island Ave, Brooklyn, NY, 11223",1989 Coney Island Ave,Brooklyn,NY,11223,"$1,200.00",1,NO
2020,Icon Parking Systems,"270 Madison Ave, New York, NY, 10016",270 Madison Ave,New York,NY,10016,"$1,200.00",1,NO
2020,Kingsbridge Heights Community Center,"3101 Kingsbridge Terrace, Bronx, NY, 10463",3101 Kingsbridge Terrace,Bronx,NY,10463,"$1,200.00",1,NO
2020,Manhattan Residential,"233 E. 70th Street, New York, NY, 10021",233 E. 70th Street,New York,NY,10021,"$1,200.00",1,NO
2023,My Taxi Ride Inc,"2326 Amsterdam Avenue, New York, NY, 10033",2326 Amsterdam Avenue,New York,NY,10033,"$1,200.00",1,NO
2021,National Organization for Women NYC Womens NOW,"150 West 28th St, New York, NY, 10001",150 West 28th St,New York,NY,10001,"$1,200.00",1,NO
2021,NYHR,"172 Beach 127th St, Rockaway Park, NY, 11694",172 Beach 127th St,Rockaway Park,NY,11694,"$1,200.00",1,NO
2020,Penelope Restaurant,"159 Lexington Avenue, New York, NY, 10016",159 Lexington Avenue,New York,NY,10016,"$1,200.00",1,NO
2020,Prominis Medical Services,"381 5th Street, Brooklyn, NY, 11215",381 5th Street,Brooklyn,NY,11215,"$1,200.00",1,NO
2021,Prudent Electric Inc,"115 West 30th St, New York, NY, 10001",115 West 30th St,New York,NY,10001,"$1,200.00",1,NO
2020,Rice & Tea,"7700 Queens Blvd., Elmhurst, NY, 11373",7700 Queens Blvd.,Elmhurst,NY,11373,"$1,200.00",1,NO
2022,Serur Agency National Income Life Insurance Compa..,"265 West 37th Street, New York, NY, 10018",265 West 37th Street,New York,NY,10018,"$1,200.00",,NO
2021,Staffing 911 Inc.,"251 East 110 St, New York, NY, 10029",251 East 110 St,New York,NY,10029,"$1,200.00",1,NO
2021,The Art of Words Community School,"52 Bridge Street, Brooklyn, NY, 11201",52 Bridge Street,Brooklyn,NY,11201,"$1,200.00",1,NO
2020,The Bryant Park Hotel,"40 West 40th Street, New York, NY, 10018",40 West 40th Street,New York,NY,10018,"$1,200.00",2,NO
2022,The New Homestead Assisted Living,"82 45 Grenfell St., Kew Gardens, NY, 11415",82 45 Grenfell St.,Kew Gardens,NY,11415,"$1,200.00",1,NO
2023,US Eastern System Inc,"182-16 147th Avenue, Jamaica, NY, 11413",182-16 147th Avenue,Jamaica,NY,11413,"$1,200.00",1,NO
2020,USFMEP,"777 United Nations Plaza Dr., New York, NY, 10017",777 United Nations Plaza Dr.,New York,NY,10017,"$1,200.00",1,NO
2023,Wine and Liquors,"1045 E. 163rd St., Bronx, NY, 10459",1045 E. 163rd St.,Bronx,NY,10459,"$1,200.00",,NO
2021,Direct Care,"391 East 149th St, Bronx, NY, 10455",391 East 149th St,Bronx,NY,10455,"$1,193.00",1,NO
2022,Quality Auto Services,"514 West 39th Street, New York, NY, 10018",514 West 39th Street,New York,NY,10018,"$1,192.00",1,NO
2021,Bright Light Electrical Contracting Corp,"5308 13th Ave, Brooklyn, NY, 11219",5308 13th Ave,Brooklyn,NY,11219,"$1,190.00",1,NO
2021,Mega Mind Restoration Inc,"32-08 83rd Street, East Elmhurst, NY, 11370",32-08 83rd Street,East Elmhurst,NY,11370,"$1,190.00",1,NO
2020,Amazing Home Care,"1601 Bronxdale Ave, Bronx, NY, 10462",1601 Bronxdale Ave,Bronx,NY,10462,"$1,188.00",1,NO
2022,Emphasis Diner / Petasos Restaurant Corp,"6822 4th Avenue, Brooklyn, NY, 11220",6822 4th Avenue,Brooklyn,NY,11220,"$1,185.00",1,NO
2023,Moge Tee Center Blv,"46-03 Center Blvd, Queens, NY, 11109",46-03 Center Blvd,Queens,NY,11109,"$1,185.00",,NO
2022,Santoor Indian Restaurant,"257-05 Union Turnpike, Glen Oaks, NY, 11004",257-05 Union Turnpike,Glen Oaks,NY,11004,"$1,182.00",,NO
2020,Carlos Freire /CFC Management & Construction Corp,"268 Jamaica Avenue, Brooklyn, NY, 11207",268 Jamaica Avenue,Brooklyn,NY,11207,"$1,181.00",2,NO
2021,AC Speed Drywall Corp,"99-35 42nd Avenue, Corona, NY, 11368",99-35 42nd Avenue,Corona,NY,11368,"$1,180.00",3,NO
2023,Build a Better Planet,"287 Park Ave South, New York, NY, 10010",287 Park Ave South,New York,NY,10010,"$1,179.00",,NO
2020,GSS - Ground Support Services,"331 Rutledge St., Brooklyn, NY, 11211",331 Rutledge St.,Brooklyn,NY,11211,"$1,176.00",3,NO
2023,Rite- A - Way Pest Control,"13256 Cross Bay Blvd., Ozone Park, NY, 11417",13256 Cross Bay Blvd.,Ozone Park,NY,11417,"$1,175.00",1,NO
2020,Vector Capital Solutions,"1441 Broadway, New York, NY, 10018",1441 Broadway,New York,NY,10018,"$1,175.00",1,NO
2022,Flushing Deli & Grill,"52-20 Flushing Avenue, Maspeth, NY, 11378",52-20 Flushing Avenue,Maspeth,NY,11378,"$1,170.00",,NO
2020,Wellness Physical Therapy & Rehabilitation,"215 Avenue T, Brooklyn, NY, 11223",215 Avenue T,Brooklyn,NY,11223,"$1,170.00",1,NO
2023,TMH Construction LLC.,"7014 13th Avenue, Brooklyn, NY, 11228",7014 13th Avenue,Brooklyn,NY,11228,"$1,168.00",1,NO
2024,CVS Store No 5772,"1500 Lexington Ave, New York, NY, 10029",1500 Lexington Ave,New York,NY,10029,"$1,167.00",,NO
2023,PV Herbs and Vitamins / Potential Vegatal Inc,"730 Flatbush Avenue, Brooklyn, NY, 11226",730 Flatbush Avenue,Brooklyn,NY,11226,"$1,166.00",,NO
2022,Beany Entertainment LLC,"260 Herkimer Street, Brooklyn, NY, 11216",260 Herkimer Street,Brooklyn,NY,11216,"$1,163.00",1,NO
2022,Women in Need,"One State Street Plaza, New York, NY, 10004",One State Street Plaza,New York,NY,10004,"$1,162.00",1,NO
2022,Smile By Choice,"200 West 57th Street, New York, NY, 10019",200 West 57th Street,New York,NY,10019,"$1,161.00",1,NO
2023,Ecotone Inc,"127 King Street, Brooklyn, NY, 11231",127 King Street,Brooklyn,NY,11231,"$1,160.00",,NO
2023,Kobaflex Pipe Insulation Corp,"3729 63rd Steet, Woodside, NY, 11377",3729 63rd Steet,Woodside,NY,11377,"$1,160.00",1,NO
2020,Allen Health Care Services,"70-00 Austin Street, Forest Hills, NY, 11375",70-00 Austin Street,Forest Hills,NY,11375,"$1,158.00",1,NO
2020,Dean & Deluca,"560 Broadway, New York, NY, 10012",560 Broadway,New York,NY,10012,"$1,153.00",1,NO
2020,Man with a Van,"832 Kent Ave, Brooklyn, NY, 11205",832 Kent Ave,Brooklyn,NY,11205,"$1,152.00",1,NO
2024,Americas Executions LLC,"55 Broadway, New York, NY, 10006",55 Broadway,New York,NY,10006,"$1,150.00",,NO
2020,Havana Heights Restaurant & Bar,"4083 Broadway, New York, NY, 10032",4083 Broadway,New York,NY,10032,"$1,146.00",1,NO
2020,Mukti Petroleum,"83-44 242nd Street, Queens, NY, 11426",83-44 242nd Street,Queens,NY,11426,"$1,144.00",1,NO
2020,Raymond Schwartzberg and Associates,"1412 Broadway, New York, NY, 10018",1412 Broadway,New York,NY,10018,"$1,142.00",1,NO
2021,Big Apple Renovation Inc,"335 Throop Ave ., Brooklyn, NY, 11221",335 Throop Ave .,Brooklyn,NY,11221,"$1,140.00",2,NO
2021,Borsalia,"79 Grand Street, Brooklyn, NY, 11249",79 Grand Street,Brooklyn,NY,11249,"$1,140.00",1,NO
2023,Fruit Street Health Inc,"85 Broad Street, New York, NY, 10004",85 Broad Street,New York,NY,10004,"$1,140.00",1,NO
2022,Jony De La Cruz,"201 Eastern Parkway, Brooklyn, NY, 11238",201 Eastern Parkway,Brooklyn,NY,11238,"$1,140.00",1,NO
2022,United Talmudic Academy Tora V Yarah Inc,"82 Lee Avenue, Brooklyn, NY, 11211",82 Lee Avenue,Brooklyn,NY,11211,"$1,140.00",1,NO
2022,Zara,"666 5th Avenue, New York, NY, 10103",666 5th Avenue,New York,NY,10103,"$1,140.00",1,NO
2022,Primus Business Managment,"147 Prince Street, Brooklyn, NY, 11201",147 Prince Street,Brooklyn,NY,11201,"$1,139.00",1,NO
2021,"Rimma Gelbert, DO","1705 East 17th Street, Brooklyn, NY, 11229",1705 East 17th Street,Brooklyn,NY,11229,"$1,133.00",1,NO
2020,Universal Admedia,"55 Broadway, New York, NY, 10006",55 Broadway,New York,NY,10006,"$1,133.00",1,NO
2022,BLS Sunpower Electrical Supplies,"220 Ashford Street, Brooklyn, NY, 11207",220 Ashford Street,Brooklyn,NY,11207,"$1,132.00",1,NO
2020,Friendly Home Care Agency Inc,"415 Ocean View Pkwy, Brooklyn, NY, 11235",415 Ocean View Pkwy,Brooklyn,NY,11235,"$1,128.00",,NO
2021,Yoga Union,"37 W 28th St, New York, NY, 10001",37 W 28th St,New York,NY,10001,"$1,127.00",1,NO
2021,Gold Ring Digital,"77-40 164th Street, Fresh Meadows, NY, 11366",77-40 164th Street,Fresh Meadows,NY,11366,"$1,125.00",1,NO
2022,Kennedy Fried Chicken,"1479 Beach Channel Dr., Far Rockaway, NY, 11691",1479 Beach Channel Dr.,Far Rockaway,NY,11691,"$1,125.00",1,NO
2022,Prime Mix Corp/Juliano LLC/Brooklyn Management,"470 Scott Avenue, Brooklyn, NY, 11222",470 Scott Avenue,Brooklyn,NY,11222,"$1,125.00",1,NO
2021,Sweet P Home Care Inc,"169-37 144th Road, Jamaica, NY, 11434",169-37 144th Road,Jamaica,NY,11434,"$1,125.00",1,NO
2022,Absolute Footcare P.C.,"408 Jay Street, Brooklyn, NY, 11201",408 Jay Street,Brooklyn,NY,11201,"$1,122.00",,NO
2021,Barrier Free Living BFL,"637 E. 138th Street, New York, NY, 10454",637 E. 138th Street,New York,NY,10454,"$1,122.00",1,NO
2023,Brooklyn Pizza Market,"267 Smith Street, Brooklyn, NY, 11231",267 Smith Street,Brooklyn,NY,11231,"$1,120.00",,NO
2023,Fair Stead Management,"955 East 163rd Street, Bronx, NY, 10459",955 East 163rd Street,Bronx,NY,10459,"$1,120.00",1,NO
2020,Fajardo Interior,"51-13 47th Street, Flushing, NY, 11377",51-13 47th Street,Flushing,NY,11377,"$1,120.00",2,NO
2021,Blue Line Homecare,"1825 65th Street, Brooklyn, NY, 11204",1825 65th Street,Brooklyn,NY,11204,"$1,117.00",1,NO
2022,Firequench Inc,"39 West 37th St, New York, NY, 10018",39 West 37th St,New York,NY,10018,"$1,115.00",1,NO
2021,CHROM Toothpolish,"116 Chambers St, New York, NY, 10007",116 Chambers St,New York,NY,10007,"$1,110.00",1,NO
2022,Another Ride Inc.,"960 Close Avenue, Bronx, NY, 10473",960 Close Avenue,Bronx,NY,10473,"$1,100.00",1,NO
2021,Brooklyn Amity School,"3867 Shore Pkwy, Brooklyn, NY, 11235",3867 Shore Pkwy,Brooklyn,NY,11235,"$1,100.00",1,NO
2020,The Bridge Inc,"290 Lenox Avenue, New York, NY, 10027",290 Lenox Avenue,New York,NY,10027,"$1,100.00",,NO
2020,Toth Developers Group LLC,"1400 5th Avenue, 2nd Floor, New York, NY, 10026",1400 5th Avenue  2nd Floor,New York,NY,10026,"$1,100.00",,NO
2023,City Wide Urgent Care,"2361 Nostrand Ave, Brooklyn, NY, 11210",2361 Nostrand Ave,Brooklyn,NY,11210,"$1,099.00",,NO
2022,Staff Pro Inc,"968 Bronx Park South, Bronx, NY, 10460",968 Bronx Park South,Bronx,NY,10460,"$1,099.00",1,NO
2020,Atto Prime Meats and Seafood,"120E 39th Street, New York, NY, 10016",120E 39th Street,New York,NY,10016,"$1,095.00",1,NO
2020,Ameristar Homecare Services LLC,"224 Beach 20th St, Far Rockaway, NY, 11691",224 Beach 20th St,Far Rockaway,NY,11691,"$1,092.00",2,NO
2023,Lore Brooklyn,"441 7th Avenue, Brooklyn, NY, 11215",441 7th Avenue,Brooklyn,NY,11215,"$1,088.00",1,NO
2021,Solomon Page,"260 Madison Ave., New York, NY, 10016",260 Madison Ave.,New York,NY,10016,"$1,088.00",1,NO
2022,WBAI / Pacifica,"388 Atlantic Ave, Brooklyn, NY, 11217",388 Atlantic Ave,Brooklyn,NY,11217,"$1,088.00",1,NO
2020,256 Third Ave Inc. T/A Plug Uglies & Dieter Seelig & ..,"256 3rd Avenue, New York, NY, 10010",256 3rd Avenue,New York,NY,10010,"$1,085.00",1,NO
2020,JL Warren Capital LLC,"250 Greenwich Street, New York, NY, 10007",250 Greenwich Street,New York,NY,10007,"$1,080.00",1,NO
2020,Nor Bay River Inc,"1810 Cross Bronx Expressway, Bronx, NY, 10472",1810 Cross Bronx Expressway,Bronx,NY,10472,"$1,080.00",1,NO
2021,Parent Care Home Care,"293 Penn Street, Brooklyn, NY, 11211",293 Penn Street,Brooklyn,NY,11211,"$1,080.00",1,NO
2021,Pinnacle Building Maintenance,"2050 East Chester Rd, Bronx, NY, 10461",2050 East Chester Rd,Bronx,NY,10461,"$1,080.00",1,NO
2021,Warner Construction Glass,"46-16 160th Street, Flushing, NY, 11358",46-16 160th Street,Flushing,NY,11358,"$1,080.00",1,NO
2021,White Gloves Home Care,"861 Park Ave, Brooklyn, NY, 11206",861 Park Ave,Brooklyn,NY,11206,"$1,080.00",2,NO
2020,Walk In Gyn Care PC,"200 W. 57th Street, New York, NY, 10019",200 W. 57th Street,New York,NY,10019,"$1,078.00",1,NO
2021,Hashimi Management Corp,"4930 Kings HIghway, Brooklyn, NY, 11234",4930 Kings HIghway,Brooklyn,NY,11234,"$1,076.00",1,NO
2021,Next Solutions City Corp,"168-20 Liberty Avenue, Jamaica, NY, 11433",168-20 Liberty Avenue,Jamaica,NY,11433,"$1,076.00",1,NO
2022,Mercy Drive Inc,"72-35 112th Street, Forest Hills, NY, 11375",72-35 112th Street,Forest Hills,NY,11375,"$1,073.00",1,NO
2023,M & D Shapiro True Value Hardware,"7 Great Jones Street, New York, NY, 10012",7 Great Jones Street,New York,NY,10012,"$1,072.00",1,NO
2022,Eprine Community Service,"1650 Eastern parkway, Brooklyn, NY, 11233",1650 Eastern parkway,Brooklyn,NY,11233,"$1,069.00",1,NO
2023,Rocco's of Roc Beach Coal Brick Oven Pizza Restau..,"115-10 Rockaway Beach Blvd., New York, NY, 11694",115-10 Rockaway Beach Blvd.,New York,NY,11694,"$1,067.00",,NO
2023,Rocco's of Roc Beach Coal Brick Oven Pizza Restau..,"115-10 Rockaway Beach Blvd., New York, NY, 11694",115-10 Rockaway Beach Blvd.,New York,NY,11694,"$1,067.00",,NO
2022,Sneaker Con Digital,"79-39 Calamus Avenue, Elmhurst, NY, 11373",79-39 Calamus Avenue,Elmhurst,NY,11373,"$1,065.00",1,NO
2020,SOS Security,"2 Park Ave, New York, NY, 10016",2 Park Ave,New York,NY,10016,"$1,063.00",1,NO
2024,Yabei Buy Inc.,"135-27 40th Road, Flushing, NY, 11354",135-27 40th Road,Flushing,NY,11354,"$1,061.00",,NO
2022,"Remeeder Houses, LP","909 Third Ave, New York, NY, 10022",909 Third Ave,New York,NY,10022,"$1,054.00",1,NO
2022,Ark General Construction Inc.,"1141 W Yatt Street, New York, NY, 10460",1141 W Yatt Street,New York,NY,10460,"$1,050.00",1,NO
2023,Bartolino's Restaurant and Pizza,"3415 Broadway, Astoria, NY, 11106",3415 Broadway,Astoria,NY,11106,"$1,050.00",,NO
2022,Brighton Bazar,"1007-104 Brighton Beach Avenue, Brooklyn, NY, 11235",1007-104 Brighton Beach Avenue,Brooklyn,NY,11235,"$1,050.00",1,NO
2020,Chifa Restaurant,"7320 Northern Blvd, Queens, NY, 11372",7320 Northern Blvd,Queens,NY,11372,"$1,050.00",1,NO
2022,Icon Parking Systems,"270 Madison Avenue, New York, NY, 10016",270 Madison Avenue,New York,NY,10016,"$1,050.00",1,NO
2024,929 Cocktail Bar,"42-45 27th St, Queens, NY, 11101",42-45 27th St,Queens,NY,11101,"$1,050.00",,NO
2022,Mitad del Mundo Bar Restaurant,"104-10 Roosevelt Ave, Corona, NY, 11368",104-10 Roosevelt Ave,Corona,NY,11368,"$1,050.00",1,NO
2022,"Spice & Grill, The Indian Kitchen","441 Myrtle Avenue, Brooklyn, NY, 11205",441 Myrtle Avenue,Brooklyn,NY,11205,"$1,050.00",1,NO
2022,"Riverdale Electrical Services, Inc","421 Bruckner Blvd., Bronx, NY, 10455",421 Bruckner Blvd.,Bronx,NY,10455,"$1,047.00",1,NO
2023,American Business Institute Health Care,"131-07 40th Rd, Flushing, NY, 11354",131-07 40th Rd,Flushing,NY,11354,"$1,043.00",1,NO
2023,Signature Bank/Flagstar Bank,"565 Fifth Avenue, New York, NY, 10017",565 Fifth Avenue,New York,NY,10017,"$1,042.00",,NO
2020,All Purpose Electric,"13507 Crossbay Blvd., Ozone Park, NY, 11417",13507 Crossbay Blvd.,Ozone Park,NY,11417,"$1,040.00",1,NO
2021,FLS Contracting Corp,"5924 Grand Ave, Maspeth, NY, 11378",5924 Grand Ave,Maspeth,NY,11378,"$1,040.00",1,NO
2021,Patis Bakery,"399 Troy Avenue, Brooklyn, NY, 11213",399 Troy Avenue,Brooklyn,NY,11213,"$1,040.00",1,NO
2021,Elara Caring,"70-00 Austin St, Forest Hills, NY, 11375",70-00 Austin St,Forest Hills,NY,11375,"$1,039.00",3,NO
2021,Lydig Pizza,"2128 Cruger Ave, Bronx, NY, 10462",2128 Cruger Ave,Bronx,NY,10462,"$1,039.00",1,NO
2024,Steeldeck NY Inc,"141 Banker Street, Brooklyn, NY, 11222",141 Banker Street,Brooklyn,NY,11222,"$1,037.00",,NO
2022,Pathways Childrens School,"1445 Madison ave, New York, NY, 10029",1445 Madison ave,New York,NY,10029,"$1,035.00",,NO
2021,Alexa and Alexi Laundromat,"1827 Hobart Avenue, Bronx, NY, 10467",1827 Hobart Avenue,Bronx,NY,10467,"$1,034.00",2,NO
2022,Outbox Moving and Storage Company,"67 West St., New York, NY, 11222",67 West St.,New York,NY,11222,"$1,033.00",1,NO
2022,"Inter Connection Electric, Inc.","209 Granite Ave., Staten Island, NY, 10303",209 Granite Ave.,Staten Island,NY,10303,"$1,032.00",1,NO
2020,Fly Blade Inc,"499 E 34th St, New York, NY, 10036",499 E 34th St,New York,NY,10036,"$1,031.00",1,NO
2023,Hakka Cuisine,"11 Division Street, New York, NY, 10002",11 Division Street,New York,NY,10002,"$1,029.00",,NO
2021,Over Top Lifting,"420 Austin Pl, Bronx, NY, 10455",420 Austin Pl,Bronx,NY,10455,"$1,024.00",1,NO
2023,Out Look Safety Com,"226-10 Jamaica Avenue, Floral Park, NY, 11001",226-10 Jamaica Avenue,Floral Park,NY,11001,"$1,020.00",,NO
2022,Regina Caterers Inc,"88 Beadol Street, Brooklyn, NY, 11222",88 Beadol Street,Brooklyn,NY,11222,"$1,020.00",1,NO
2020,All Heart Homecare Agency Inc,"1664 East 14th Street, Brooklyn, NY, 11229",1664 East 14th Street,Brooklyn,NY,11229,"$1,019.00",1,NO
2022,Fusion Kebab House,"260-02 East Williston Avenue# 1, Floral Park, NY, 11001",26002 East Williston Avenue# 1,Floral Park,NY,11001,"$1,015.00",,NO
2023,JDV Safety Inc,"29 E. 61st Street, New York, NY, 10065",29 E. 61st Street,New York,NY,10065,"$1,013.00",1,NO
2022,Epic Security Corp,"2067 Broadway, New York, NY, 10023",2067 Broadway,New York,NY,10023,"$1,011.00",1,NO
2021,QBGX-Gifted Kiddies Inc,"116-33 Sutphin Blvd., Jamaica, NY, 11434",116-33 Sutphin Blvd.,Jamaica,NY,11434,"$1,011.00",1,NO
2023,GSS - Ground Support Services,"90 Waterbury Street, Brooklyn, NY, 11206",90 Waterbury Street,Brooklyn,NY,11206,"$1,008.00",1,NO
2021,New Poland Food Market,"170 Nassau Avenue, Brooklyn, NY, 11222",170 Nassau Avenue,Brooklyn,NY,11222,"$1,008.00",1,NO
2020,Riviera Catering and Events,"115 East 23rd St, New York, NY, 10010",115 East 23rd St,New York,NY,10010,"$1,008.00",1,NO
2021,Life Quality Homecare Agency Inc,"3057 Coney Island Ave, Brooklyn, NY, 11235",3057 Coney Island Ave,Brooklyn,NY,11235,"$1,007.00",1,NO
2021,Solmaz Hafezi,"112 East 78th Street, New York, NY, 10075",112 East 78th Street,New York,NY,10075,"$1,006.00",1,NO
2021,Amzaing Home Care Services,"1601 Bronxdale Ave, Bronx, NY, 10462",1601 Bronxdale Ave,Bronx,NY,10462,"$1,005.00",1,NO
2021,Housing Art Gallery,"191 Henry Street, New York, NY, 10002",191 Henry Street,New York,NY,10002,"$1,003.00",1,NO
2021,Nine Fifty Method Marketing,"331 Ground Floor West 39th St., New York, NY, 10018",331 Ground Floor West 39th St.,New York,NY,10018,"$1,002.00",1,NO
2023,Chipotle,"59-01 Maurice Avenue, Maspeth, NY, 11378",59-01 Maurice Avenue,Maspeth,NY,11378,"$1,001.00",25,NO
2022,1st Class Care Services,"3915 Main St., Flushing, NY, 11354",3915 Main St.,Flushing,NY,11354,"$1,000.00",3,NO
2023,809 Solutions LLC,"1119 Webster Avenue, Bronx, NY, 10456",1119 Webster Avenue,Bronx,NY,10456,"$1,000.00",,NO
2022,Abdul & Son Corp.,"50-39 46th Street, Woodside, NY, 11377",50-39 46th Street,Woodside,NY,11377,"$1,000.00",2,NO
2023,Alexia Fine Foods Inc T/A Liberty Bagels Midtown,"260 W 35th Street, New York, NY, 10001",260 W 35th Street,New York,NY,10001,"$1,000.00",,NO
2021,APF Properties LLC,"28 West 44th Street, New York, NY, 10036",28 West 44th Street,New York,NY,10036,"$1,000.00",1,NO
2022,Ark General Construction Inc,"1141 Wyatt St, Bronx, NY, 10460",1141 Wyatt St,Bronx,NY,10460,"$1,000.00",2,NO
2023,BM Plaster & Painting Corp,"2093 Davidson Avenue, Bronx, NY, 10453",2093 Davidson Avenue,Bronx,NY,10453,"$1,000.00",,NO
2021,Clean Rite Center,"2958 Atlantic Avenue, Brooklyn, NY, 11207",2958 Atlantic Avenue,Brooklyn,NY,11207,"$1,000.00",1,NO
2022,Growth and Transitions Counseling,"63-17B Metropolitan Ave, Middle Village, NY, 11379",63-17B Metropolitan Ave,Middle Village,NY,11379,"$1,000.00",1,NO
2023,"Integra Development Group, Inc. and Jose Mauricio ..","34 35th Street, Brooklyn, NY, 11232",34 35th Street,Brooklyn,NY,11232,"$1,000.00",2,NO
2021,K and Y Intimate/Swim LLC,"248 W 35th Street, New York, NY, 10001",248 W 35th Street,New York,NY,10001,"$1,000.00",1,NO
2020,Mountbatten Institute / Mountbatten Program,"315 Madison Ave., New York, NY, 10017",315 Madison Ave.,New York,NY,10017,"$1,000.00",1,NO
2022,New York Electric/Empire Electric/CPL Group USA,"29-19 39th Avenue, Long Island City, NY, 11101",29-19 39th Avenue,Long Island City,NY,11101,"$1,000.00",,NO
2021,PK Electric,"94 E 4th St, New York, NY, 10003",94 E 4th St,New York,NY,10003,"$1,000.00",1,NO
2020,Project One Industries,"61-43 186th Street, Fresh Meadows, NY, 11365",61-43 186th Street,Fresh Meadows,NY,11365,"$1,000.00",1,NO
2020,Red Farm LLC,"529 Hudson St, New York, NY, 10014",529 Hudson St,New York,NY,10014,"$1,000.00",1,NO
2022,Theresa Hearns,"305 Macdonough St, Brooklyn, NY, 11233",305 Macdonough St,Brooklyn,NY,11233,"$1,000.00",,NO
2022,Victoria Lee Interiors LLC,"94 9th Street, Brooklyn, NY, 11215",94 9th Street,Brooklyn,NY,11215,"$1,000.00",1,NO
2020,YB Sales and Distributors Inc,"957 Bedford Avenue, Brooklyn, NY, 11205",957 Bedford Avenue,Brooklyn,NY,11205,"$1,000.00",1,NO
2022,FJC Security Service Inc.,"33-10 Queens Blvd, Long Island City, NY, 11101",33-10 Queens Blvd,Long Island City,NY,11101,$996.00,2,NO
2023,Howard M Haimes Inc,"648 Broadway, New York, NY, 10012",648 Broadway,New York,NY,10012,$994.00,1,NO
2023,Chipotle 28 W 40th Street - 2123,"28 W 40th Street, New York, NY, 10018",28 W 40th Street,New York,NY,10018,$993.00,84,NO
2022,Famous Brands / Kenco Retail Shops,"25-15 Broadway, Long Island City, NY, 11106",25-15 Broadway,Long Island City,NY,11106,$990.00,1,NO
2023,Lux Voltage Inc,"252 Graves St, Staten Island, NY, 10314",252 Graves St,Staten Island,NY,10314,$990.00,1,NO
2022,Bordeaux Steakhouse,"1922 Coney Island Ave, New York, NY, 11230",1922 Coney Island Ave,New York,NY,11230,$989.00,1,NO
2023,North Brooklyn Parks Alliance,"79 N. 11th St, Brooklyn, NY, 11249",79 N. 11th St,Brooklyn,NY,11249,$988.00,1,NO
2023,Chipotle New York Plaza - 2291,"1 New York Plz, New York, ny, 10004",1 New York Plz,New York,ny,10004,$987.00,41,NO
2022,A & A Carrier Corp,"195 South 4th St, Brooklyn, NY, 11211",195 South 4th St,Brooklyn,NY,11211,$986.00,1,NO
2022,ALRO Products International,"2348 Linden Blvd, Brooklyn, NY, 11208",2348 Linden Blvd,Brooklyn,NY,11208,$986.00,1,NO
2021,ADJ Wisdom Home Care,"230 Grand Street, New York, NY, 10013",230 Grand Street,New York,NY,10013,$985.00,,NO
2021,All Creatures Veterinary Hospital,"643 Washington Ave, Brooklyn, NY, 11238",643 Washington Ave,Brooklyn,NY,11238,$985.00,1,NO
2024,Lavana NY LLC,"133-49 41st Avenue, Flushing, NY, 11369 Lexington Avenue, New York, NY, 10017",133-49 41st Avenue,Flushing,NY,11369,$983.00,,NO
2023,RM Bakery LLC,"220 Coster Street, Bronx, NY, 10474",220 Coster Street,Bronx,NY,10474,$981.00,,NO
2023,Aled Technologies Inc,"139 Fulton Street, New York, NY, 10038",139 Fulton Street,New York,NY,10038,$980.00,1,NO
2024,Sea Green Cleaning,"Attn: Hazel M. Filomeno, Brooklyn, NY, 11238",Attn: Hazel M. Filomeno,Brooklyn,NY,11238,$980.00,,NO
2022,Harlem Children's Zone,"35 East 125th Street, New York, NY, 10035",35 East 125th Street,New York,NY,10035,$979.00,1,NO
2023,Gumption Coffee Inc,"168 39th Street, Brooklyn, NY, 11232",168 39th Street,Brooklyn,NY,11232,$978.00,,NO
2020,The Velvet Touch Moving Company,"321 Manida Street, Bronx, NY, 10474",321 Manida Street,Bronx,NY,10474,$977.00,1,NO
2022,Salt+Charcoal,"171 Grand Street, Brooklyn, NY, 11211",171 Grand Street,Brooklyn,NY,11211,$975.00,1,NO
2022,Alliance Security Inc,"318 West 39th Street, New York, NY, 10018",318 West 39th Street,New York,NY,10018,$970.00,,NO
2022,Cay Community Services Organization Inc,"65 Maspeth Avenue, Brooklyn, NY, 11211",65 Maspeth Avenue,Brooklyn,NY,11211,$966.00,,NO
2021,A&S Auto Service Center,"460 Mother Gaston Blvd, Brooklyn, NY, 11212",460 Mother Gaston Blvd,Brooklyn,NY,11212,$963.00,1,NO
2020,A L Construction,"151 Brighton Avenue, Staten Island, NY, 10301",151 Brighton Avenue,Staten Island,NY,10301,$960.00,4,NO
2021,A T Electrical Construction,"42 West 38th Street, New York, NY, 10018",42 West 38th Street,New York,NY,10018,$960.00,1,NO
2023,Barone Steel Fabricators Inc.,"128 44th St, Brooklyn, NY, 11232",128 44th St,Brooklyn,NY,11232,$960.00,1,NO
2021,BQBP Electronic Inc,"701 Vanduzer Street, Staten Island, NY, 10304",701 Vanduzer Street,Staten Island,NY,10304,$960.00,1,NO
2023,Eagle Glass,"625 Fulton Street, Brooklyn, NY, 11201",625 Fulton Street,Brooklyn,NY,11201,$960.00,1,NO
2022,PBS Facility Services,"6002 New Utrecht Ave, Brooklyn, NY, 11219",6002 New Utrecht Ave,Brooklyn,NY,11219,$960.00,1,NO
2021,"RCM Interiors, Inc.","1441 Bassett Ave., Bronx, NY, 10461",1441 Bassett Ave.,Bronx,NY,10461,$960.00,2,NO
2021,White Glove,"861 Park Avenue, Brooklyn, NY, 11206",861 Park Avenue,Brooklyn,NY,11206,$960.00,1,NO
2022,Eazzy Consulting LLC,"38-08 Union Street, Flushing, NY, 11354",38-08 Union Street,Flushing,NY,11354,$959.00,1,NO
2023,Chipotle,"22 E 170th Street, Bronx, ny, 10452",22 E 170th Street,Bronx,ny,10452,$957.00,39,NO
2022,Harrys Shoes,"2299 Broadway, New York City, NY, 10024",2299 Broadway,New York City,NY,10024,$957.00,1,NO
2023,Home Health Care Services of NY,"391 East 149th Street, Bronx, NY, 10455",391 East 149th Street,Bronx,NY,10455,$957.00,1,NO
2023,Haddad Brands,"100 West 33rd Street, New York, NY, 10001",100 West 33rd Street,New York,NY,10001,$956.00,1,NO
2023,New York Junior Tennis Learners Inc,"36-36 33rd Street, Long Island City, NY, 11106",36-36 33rd Street,Long Island City,NY,11106,$956.00,1,NO
2020,Dongwon Sushi and Tuna Inc,"41-19 162nd Street, Flushing, NY, 11358",41-19 162nd Street,Flushing,NY,11358,$955.00,1,NO
2023,Heydey Productions LLC,"268 Norman Avenue, Brooklyn, NY, 11222",268 Norman Avenue,Brooklyn,NY,11222,$953.00,1,NO
2021,Comphrehensive Center for Rehabilitation,"460 Grand St, New York, NY, 10002",460 Grand St,New York,NY,10002,$951.00,1,NO
2022,KC Giant Enterprise Inc.,"148-06 29th Avenue, Flushing, NY, 11354",148-06 29th Avenue,Flushing,NY,11354,$951.00,1,NO
2023,Chipotle,"2076 86th Street, Brooklyn, ny, 11214",2076 86th Street,Brooklyn,ny,11214,$949.00,37,NO
2023,Mailroom Shipping Center,"928 Myrtle Ave, Brooklyn, NY, 11206",928 Myrtle Ave,Brooklyn,NY,11206,$945.00,1,NO
2022,Rachel Salamon,"79 Skillman St, Brooklyn, NY, 11205",79 Skillman St,Brooklyn,NY,11205,$945.00,1,NO
2022,Triple 555 LLC,"36 West 37 Street, New York, NY, 10018",36 West 37 Street,New York,NY,10018,$945.00,,NO
2023,Adorn Sterling Corp,"187 Rodney Street, Brooklyn, NY, 11211",187 Rodney Street,Brooklyn,NY,11211,$944.00,,NO
2020,Natar Foods,"17 53rd Street, Brooklyn, NY, 11232",17 53rd Street,Brooklyn,NY,11232,$938.00,1,NO
2020,GQR Global Markets,"360 Madison Ave 24th FL, New York, NY, 10017",360 Madison Ave 24th FL,New York,NY,10017,$936.00,1,NO
2023,Jooy Tea Shoppe,"2049 86 Street, Brooklyn, NY, 11214",2049 86 Street,Brooklyn,NY,11214,$934.00,5,NO
2022,"Bronxworks, Inc.","60 East Tremont Ave, Bronx, NY, 10453",60 East Tremont Ave,Bronx,NY,10453,$932.00,1,NO
2022,City Safe Partners,"147 West 136th Street, New York, NY, 10030",147 West 136th Street,New York,NY,10030,$931.00,1,NO
2023,Loft Living LLC,"1303 53rd Street, Brooklyn, NY, 11219",1303 53rd Street,Brooklyn,NY,11219,$931.00,2,NO
2020,"Prompt Capital Funding, LLC","3041 Avenue U, Brooklyn, NY, 11229",3041 Avenue U,Brooklyn,NY,11229,$930.00,1,NO
2023,Funt Aesthetics,"19 Irving Place, Woodmere, NY, 11357",19 Irving Place,Woodmere,NY,11357,$928.00,1,NO
2022,Ercole Home,"5 Herkimer Place, Brooklyn, NY, 11216",5 Herkimer Place,Brooklyn,NY,11216,$925.00,1,NO
2023,King C Steel LLC/141-09 LLC,"270 Randolph Street, Brooklyn, NY, 11237",270 Randolph Street,Brooklyn,NY,11237,$925.00,1,NO
2023,Marsh Psychotherapy,"49 Wyckoff Ave, Brooklyn, NY, 11237",49 Wyckoff Ave,Brooklyn,NY,11237,$923.00,,NO
2021,Breadsmith,"1817 Avenue M, Brooklyn, NY, 11230",1817 Avenue M,Brooklyn,NY,11230,$920.00,2,NO
2023,Juan Francisco Balon AKA Frank,"3226 83rd St., East Elmhurst, NY, 11370",3226 83rd St.,East Elmhurst,NY,11370,$920.00,,NO
2021,Rae Lutchman,"13826 249th Street, Rosedale, NY, 11422",13826 249th Street,Rosedale,NY,11422,$920.00,2,NO
2021,United Structure Solution Inc,"307B Vandervoort Avenue, New York, NY, 11211",307B Vandervoort Avenue,New York,NY,11211,$912.00,1,NO
2021,"Worldwide Flight Service, Inc.","Bldg. 151 East Hangar Road, Jamaica, NY, 11430",Bldg. 151 East Hangar Road,Jamaica,NY,11430,$911.00,1,NO
2022,Bar Verde,"65 Second Ave., New York City, NY, 10003",65 Second Ave.,New York City,NY,10003,$910.00,1,NO
2020,Natra Bella Skincare and Day Spa,"1169 Flatbush Ave, Brooklyn, NY, 11226",1169 Flatbush Ave,Brooklyn,NY,11226,$906.00,1,NO
2021,Mara Contractors and Enviromental Services,"3122 Fulton St, Brooklyn, NY, 11208",3122 Fulton St,Brooklyn,NY,11208,$905.00,1,NO
2021,Chatterbox Club,"25 North Goodman Street, Rochester, NY, 14607",25 North Goodman Street,Flushing,NY,11354,$904.00,,NO
2023,SIBA Mgt Inc D/B/A Fingerlakes Mall,"580 Fifth Ave, New York, NY, 10036",580 Fifth Ave,New York,NY,10036,$904.00,1,NO
2020,Zawa Japanese LLC,"354 East 66th Street, New York, NY, 10065",354 East 66th Street,New York,NY,10065,$903.00,1,NO
2022,Fernando Construction,"1737 61st Street, Brooklyn, NY, 11204",1737 61st Street,Brooklyn,NY,11204,$900.00,2,NO
2023,Food Market,"668 Bushwick Avenue, Brooklyn, NY, 11221",668 Bushwick Avenue,Brooklyn,NY,11221,$900.00,,NO
2023,LaSalle Bakery,"3139 E. Tremont Ave., Bronx, NY, 10461",3139 E. Tremont Ave.,Bronx,NY,10461,$900.00,1,NO
2021,Sebastian Devolder,"5101 39th Ave., Long Island City, NY, 11104",5101 39th Ave.,Long Island City,NY,11104,$900.00,1,NO
2022,16 Handles,"1569 Second Ave, New York, NY, 10028",1569 Second Ave,New York,NY,10028,$896.00,1,NO
2020,Anchor Health Home Care,"318 Troy Ave, Brooklyn, NY, 11213",318 Troy Ave,Brooklyn,NY,11213,$896.00,2,NO
2022,Kingsbrook Jewish Medical Center,"585 Schenectady Avenue, Brooklyn, NY, 11203",585 Schenectady Avenue,Brooklyn,NY,11203,$894.00,1,NO
2022,Studio MD,"150 Spring Street, New York, NY, 10012",150 Spring Street,New York,NY,10012,$893.00,1,NO
2021,Tacostoria,"11021 73rd Rd, Forest Hills, NY, 11375",11021 73rd Rd,Forest Hills,NY,11375,$890.00,1,NO
2023,Personal RX,"5369 Lexington Avenue, New York, NY, 10017 Kings Highway, Brooklyn, NY, 11203",5369 Lexington Avenue,New York,NY,10017,$886.00,,NO
2021,Unity Building Services Inc,"379 Fifth Ave, New York, NY, 10016",379 Fifth Ave,New York,NY,10016,$886.00,1,NO
2020,Apollo Medical Diagnostic Imaging Services,"40-36 74th Street, Elmhurst, NY, 11373",40-36 74th Street,Elmhurst,NY,11373,$885.00,1,NO
2020,Mr Vinos Cucina,"7103 Austin St, Forest Hills, NY, 11375",7103 Austin St,Forest Hills,NY,11375,$885.00,1,NO
2023,Taco Bell,"2036 Jerome AVenue, Bronx, NY, 10453",2036 Jerome AVenue,Bronx,NY,10453,$885.00,,NO
2021,BronxWorks Inc.,"60 East Tremont Ave, Bronx, NY, 10453",60 East Tremont Ave,Bronx,NY,10453,$884.00,2,NO
2023,Bodyworks DW,"6 Maiden Lane, New York, NY, 10038",6 Maiden Lane,New York,NY,10038,$882.00,1,NO
2021,Brightwater Towers Condominium,"1499 Coney Island Ave, Brooklyn, NY, 11230",1499 Coney Island Ave,Brooklyn,NY,11230,$882.00,1,NO
2020,"Cascabel Taqueria/Cascabel Hospitality Group, LLC.","1633 2nd Ave, New York, NY, 10028",1633 2nd Ave,New York,NY,10028,$882.00,,NO
2022,E and S Electrical Corp,"2425 Steinway Street, Queens, NY, 11103",2425 Steinway Street,Queens,NY,11103,$880.00,1,YES
2022,East Village Dental Arts Inc,"645 East 11th Street, New York, NY, 10009",645 East 11th Street,New York,NY,10009,$880.00,1,NO
2020,Execu Search Staffing Agency,"675 3rd Ave, New York, NY, 10017",675 3rd Ave,New York,NY,10017,$880.00,1,NO
2022,"Important Steps, Inc","2447 Eastchester Road, Bronx, NY, 10464",2447 Eastchester Road,Bronx,NY,10464,$880.00,1,NO
2022,Bloomberg LP,"731 Lexington Ave, New York, NY, 10022",731 Lexington Ave,New York,NY,10022,$879.00,,NO
2021,Lexington Plastic Surgeons,"113 East 39th Street, New York, NY, 10016",113 East 39th Street,New York,NY,10016,$879.00,1,NO
2024,Cibao Latin Cuisine,"172 Smith Street, Brooklyn, NY, 11201",172 Smith Street,Brooklyn,NY,11201,$878.00,,NO
2022,The UPS Store,"914 3rd Ave, Brooklyn, NY, 11232",914 3rd Ave,Brooklyn,NY,11232,$878.00,,NO
2022,Queens Hub Realty LLC,"6352 Saunders St, Rego Park, NY, 11374",6352 Saunders St,Rego Park,NY,11374,$877.00,1,NO
2022,Jar 259 Food Corp,"259-01 Union Turnpike, Queens, NY, 11004",259-01 Union Turnpike,Queens,NY,11004,$870.00,1,NO
2023,Lamia's Fish Market,"47 Avenue B, New York, NY, 10004",47 Avenue B,New York,NY,10004,$870.00,1,NO
2022,Best Super Cleaning,"5014 16th Ave, Brooklyn, NY, 11204",5014 16th Ave,Brooklyn,NY,11204,$867.00,1,NO
2023,Dominican Women Developmental Center,"2346 Amsterdam Avenue, New York, NY, 10033",2346 Amsterdam Avenue,New York,NY,10033,$865.00,1,NO
2022,Housing Works Inc,"57 Willoughby Street, Brooklyn, NY, 11201",57 Willoughby Street,Brooklyn,NY,11201,$865.00,1,NO
2023,Infinity Electric Construction Corp,"90 Broad Street, New York, NY, 10004",90 Broad Street,New York,NY,10004,$865.00,,YES
2022,Hub Bronx Liquor & Wine,"300 East 149th Street, Bronx, NY, 10451",300 East 149th Street,Bronx,NY,10451,$864.00,1,NO
2022,American Arbitration Association,"120 Broadway, New York, NY, 10271",120 Broadway,New York,NY,10271,$863.00,1,NO
2023,Imperial Moving & Storage,"83 Washington Pl, New York, NY, 10011",83 Washington Pl,New York,NY,10011,$860.00,1,NO
2022,VDC Express LLC T/A Prestige Fine Dry Cleaners,"40-20 Ditmars Blvd, Astoria, NY, 11105",40-20 Ditmars Blvd,Astoria,NY,11105,$860.00,1,NO
2022,Black Flamingo/Ensanda,"126 Borinquen Place, Brooklyn, NY, 11211",126 Borinquen Place,Brooklyn,NY,11211,$854.00,1,NO
2023,Claimbia Group,"1733 71st Street, Brooklyn, NY, 11204",1733 71st Street,Brooklyn,NY,11204,$853.00,1,NO
2022,City Prime Health,"3410-18 Broadway, New York, NY, 10031",3410-18 Broadway,New York,NY,10031,$850.00,1,NO
2023,Mile Multi Services Corp,"26-28 94th Street, Queens, NY, 11369 Lexington Avenue, New York, NY, 10017",26-28 94th Street,Queens,NY,11369,$850.00,1,NO
2022,Pinkerton Wine Bar,"263 N 6th Street, Brooklyn, NY, 11211",263 N 6th Street,Brooklyn,NY,11211,$850.00,1,NO
2021,Your Health is Wealth,"221 Ralph Ave, Brooklyn, NY, 11233",221 Ralph Ave,Brooklyn,NY,11233,$850.00,1,NO
2020,Bayfruit Corp.,"1717 Avenue Z, Brooklyn, NY, 11235",1717 Avenue Z,Brooklyn,NY,11235,$848.00,1,NO
2023,Dependable Homecare Agency Inc,"Attn: Junell Taylor, Ozone Park, NY, 11417",Attn: Junell Taylor,Ozone Park,NY,11417,$846.00,,NO
2022,North 12th Hotel Employees LLC,"160 North 12th Street, Brooklyn, NY, 11249",160 North 12th Street,Brooklyn,NY,11249,$846.00,1,NO
2022,World Explorers Group,"36 St. Felix Street, Brooklyn, NY, 11217",36 St. Felix Street,Brooklyn,NY,11217,$842.00,1,NO
2021,Ginalisa Monterroso,"87 W. 119th Street, New York, NY, 10026",87 W. 119th Street,New York,NY,10026,$841.00,1,NO
2020,Elite Choice,"1967 McDonald Avneue, Brooklyn, NY, 11223",1967 McDonald Avneue,Brooklyn,NY,11223,$840.00,1,NO
2020,Manhattan Helicopter LLC,"6 East River, New York, NY, 10004",6 East River,New York,NY,10004,$840.00,1,NO
2024,Jaclyn Wahba,"2456 East 3rd Street, Brooklyn, NY, 11223",2456 East 3rd Street,Brooklyn,NY,11223,$840.00,,NO
2022,Medly Pharmacy,"31 Deberoise ST, Brooklyn, NY, 11206",31 Deberoise ST,Brooklyn,NY,11206,$840.00,,NO
2023,RNK Romero Construction,"8738 123rd Street, Jamaica, NY, 11418",8738 123rd Street,Jamaica,NY,11418,$840.00,,NO
2021,Haminge,"120-04 Rockaway Blvd, South Zone Park, NY, 11420",120-04 Rockaway Blvd,South Ozone Park,NY,11420,$832.00,1,NO
2022,Arepas Grill Restaurant Venezolano,"2119 Broadway, Astoria, NY, 11106",2119 Broadway,Astoria,NY,11106,$830.00,1,NO
2023,Cafe Tucum,"210 Patchen Avenue, Brooklyn, NY, 11233",210 Patchen Avenue,Brooklyn,NY,11233,$828.00,1,NO
2022,Gao's Crab & Kabob,"136-72 Roosevelt Avenue, Flushing, NY, 11354",136-72 Roosevelt Avenue,Flushing,NY,11354,$826.00,1,NO
2023,IOS Staffing Services,"501 Madison Avenue, New York, NY, 10022",501 Madison Avenue,New York,NY,10022,$820.00,,NO
2022,Beth Israel Medical Center,"1st Ave 16th St, New York, NY, 10003",1st Ave 16th St,New York,NY,10003,$818.00,1,NO
2021,Real Deal Department Store LLC,"926 Granville Payne Avenue, Brooklyn, NY, 11207",926 Granville Payne Avenue,Brooklyn,NY,11207,$814.00,1,NO
2021,Choices Womens Medical Center,"147 32 Jamaica Avenue, Jamaica, NY, 11435",147 32 Jamaica Avenue,Jamaica,NY,11435,$810.00,1,NO
2022,Sparkleening,"5314 16th Street, Brooklyn, NY, 11204",5314 16th Street,Brooklyn,NY,11204,$810.00,3,NO
2023,Jonathan Ashtor,"344 W 72nd St, New York, NY, 10023",344 W 72nd St,New York,NY,10023,$805.00,1,NO
2024,Books and Rattles Preschool,"63-08 69th Place, Middle Village, NY, 11379",63-08 69th Place,Middle Village,NY,11379,$805.00,,YES
2023,Nuhma Inflight Dining,"33-15 Greenpoint Ave, Long Island City, NY, 11101",33-15 Greenpoint Ave,Long Island City,NY,11101,$805.00,,NO
2021,Westech Security & Investigation Inc,"3040 East Tremont Ave, Bronx, NY, 10461",3040 East Tremont Ave,Bronx,NY,10461,$805.00,1,NO
2022,Simply Moving & Storage,"837 Washington Ave., Bronx, NY, 10451",837 Washington Ave.,Bronx,NY,10451,$803.00,1,NO
2022,Another Ride PR Inc.,"960 Close Avenue, Bronx, NY, 10473",960 Close Avenue,Bronx,NY,10473,$800.00,1,NO
2022,Bangla CDPAP Services Inc,"72-26 Broadway, Jackson Heights, NY, 11372",72-26 Broadway,Jackson Heights,NY,11372,$800.00,1,NO
2021,Chartior,"436 W Broadway Ave, New York, NY, 10012",436 W Broadway Ave,New York,NY,10012,$800.00,1,NO
2022,Irene Kakossian M.D. Kakossian Medical Woman Ca..,"110 East 40th Street, New York, NY, 10016",110 East 40th Street,New York,NY,10016,$800.00,1,NO
2023,Law Office of NG & Wasserman PLLC,"27 E Broadway, New York, NY, 10002",27 E Broadway,New York,NY,10002,$800.00,,NO
2020,Lukes LP,"47 Murram St, New York, NY, 10007",47 Murram St,New York,NY,10007,$800.00,1,NO
2024,Lead Security Group Inc,"2916 Fredrick Douglass, New York, NY, 10039",2916 Fredrick Douglass,New York,NY,10039,$800.00,,NO
2021,Midtown Comics Inc,"459 Lexington Ave 2nd Floor, New York, NY, 10017",459 Lexington Ave 2nd Floor,New York,NY,10017,$800.00,1,NO
2021,New Yorkers for Tali,"PO Box 557, New York, NY, 10034",PO Box 557,New York,NY,10034,$800.00,1,NO
2022,Total Medical NY PC,"93-24 Queens Blvd, Rego Park, NY, 11374",93-24 Queens Blvd,Rego Park,NY,11374,$800.00,1,NO
2022,Montefiore Hospital Center,"111 East 210th Street, Bronx, NY, 10467",111 East 210th Street,Bronx,NY,10467,$798.00,1,NO
2023,North Miznon,"161 West 72nd Steet, New York, NY, 10023",161 West 72nd Steet,New York,NY,10023,$798.00,,NO
2022,New York Doctor Urgent,"65 West 13th Street, New York, NY, 10011",65 West 13th Street,New York,NY,10011,$797.00,,NO
2022,Karibbean Krave,"65 Westchester Sq., Bronx, NY, 10461",65 Westchester Sq.,Bronx,NY,10461,$795.00,,NO
2020,SHINDA MANAGEMENT CORP,"221-10 JAMAICA AVE, QUEENS VILLAGE, NY, 11428",221-10 JAMAICA AVE,QUEENS VILLAGE,NY,11428,$790.00,2,NO
2020,The Restaurant,"506 9th Ave, New York, NY, 10018",506 9th Ave,New York,NY,10018,$790.00,2,NO
2024,7-Eleven and Sol Hana Inc,"246-15 Northern Blvd., Little Neck, NY, 11362",246-15 Northern Blvd.,Little Neck,NY,11362,$787.00,,NO
2020,Yardies Jerk,"198-18 Linden Blvd, Saint Albans, NY, 11412",198-18 Linden Blvd,St Albans,NY,11412,$786.00,,NO
2020,1st Class Care Services Inc.,"3915 Main Street, Flushing, NY, 11354",3915 Main Street,Flushing,NY,11354,$785.00,1,NO
2024,Major World Jeep,"4340 Northern Blvd, Long Island City, NY, 11101",4340 Northern Blvd,Long Island City,NY,11101,$784.00,,NO
2023,Martys V Burger,"134 East 27th Street, New York, NY, 10016",134 East 27th Street,New York,NY,10016,$782.00,,NO
2024,Ellsworth Luxor & Associates,"Attn: Alusine Jalloh, Bronx, NY, 10461",Attn: Alusine Jalloh,Bronx,NY,10461,$782.00,,NO
2021,All American Homecare Agency Inc.,"391 E 149th Street, Bronx, NY, 10455",391 E 149th Street,Bronx,NY,10455,$780.00,1,NO
2022,Cafe La Notte,"2023 Stillwell Avenue, Brooklyn, NY, 11223",2023 Stillwell Avenue,Brooklyn,NY,11223,$780.00,1,NO
2023,Crosta Pizzeria,"486 6th Ave, Brooklyn, NY, 11215",486 6th Ave,Brooklyn,NY,11215,$780.00,1,NO
2023,Ines Bakery,"948 4th Avenue, Brooklyn, NY, 11232",948 4th Avenue,Brooklyn,NY,11232,$780.00,1,NO
2024,La Tamaleria Colombiana,"32-23 Junction Blvd., East Elmhurst, NY, 11369 Lexington Avenue, New York, NY, 10017",32-23 Junction Blvd.,East Elmhurst,NY,11369,$780.00,,NO
2021,EDCO Supply Corporation,"323 36th Street, Brooklyn, NY, 11232",323 36th Street,Brooklyn,NY,11232,$775.00,1,NO
2022,Hundred Stories LLC,"122 East 55th Street, New York, NY, 10022",122 East 55th Street,New York,NY,10022,$775.00,1,NO
2022,Impulse Beauty Salon LLC,"92-22 Guy R Brewer Blvd, Jamaica, NY, 11433",92-22 Guy R Brewer Blvd,Jamaica,NY,11433,$775.00,1,NO
2024,Edison Home Care,"946 McDonald Avenue, Brooklyn, NY, 11208",946 McDonald Avenue,Brooklyn,NY,11208,$774.00,,NO
2023,Harvard Protection Services,"59 Maiden Lane, New York, NY, 10038",59 Maiden Lane,New York,NY,10038,$772.00,1,NO
2020,Sauti Yetu Center for African Women,"2417 3rd Avenue, Bronx, NY, 10451",2417 3rd Avenue,Bronx,NY,10451,$772.00,2,NO
2022,Neapolitan Express,"21-17 37th Ave., Long Island City, NY, 11101",21-17 37th Ave.,Long Island City,NY,11101,$771.00,1,NO
2020,Gender Bias Inc,"307 W 38th Street, New York, NY, 10018",307 W 38th Street,New York,NY,10018,$770.00,1,NO
2021,"Allan S. Joseph PLLC, Certified Public Accountants","5 Hanover Sq, New York, NY, 10004",5 Hanover Sq,New York,NY,10004,$769.00,1,NO
2023,The Training Lab,"54 West 39th Street, New York, NY, 10018",54 West 39th Street,New York,NY,10018,$769.00,,NO
2022,Jeff Rojas,"2533 Mcintosh St, East Elmhurst, NY, 11369 Lexington Avenue, New York, NY, 10017",2533 Mcintosh St,East Elmhurst,NY,11369,$768.00,,NO
2024,General Maintenance Group LLC,"133 22nd St, Brooklyn, NY, 11232",133 22nd St,Brooklyn,NY,11232,$768.00,,NO
2022,Park Right,"670 West 43rd Street, New York, NY, 10036",670 West 43rd Street,New York,NY,10036,$768.00,1,NO
2020,Progressive Radio Network,"35 West 35th St, New York, NY, 10001",35 West 35th St,New York,NY,10001,$768.00,1,NO
2023,Refuah Medical Inc,"127 27th STreet, Brooklyn, NY, 11232",127 27th STreet,Brooklyn,NY,11232,$768.00,1,NO
2021,All American Home Healthcare Agency,"1 W 34th St, New York, NY, 10001",1 W 34th St,New York,NY,10001,$765.00,1,NO
2023,Co-Op City Tire Supply,"3525 Conner St., Bronx, NY, 10475",3525 Conner St.,Bronx,NY,10475,$763.00,,NO
2023,Starbucks,"5917 Junction Blvd, Queens, NY, 11373",5917 Junction Blvd,Queens,NY,11373,$762.00,,NO
2020,Alan J Dayan MD PC,"1715 Avenue T, Brooklyn, NY, 11229",1715 Avenue T,Brooklyn,NY,11229,$760.00,1,NO
2020,Bensonhurst Veterinary Care,"7424 20th Avenue, Brooklyn, NY, 11204",7424 20th Avenue,Brooklyn,NY,11204,$760.00,1,NO
2022,Legacy Manufacturing LLC,"415 Concord Avenue, Bronx, NY, 10455",415 Concord Avenue,Bronx,NY,10455,$760.00,1,NO
2024,Advantage Care Physicians,"1050 Clove Road, Staten Island, NY, 10301",1050 Clove Road,Staten Island,NY,10301,$760.00,,NO
2021,White Glove Placement,"89 Bartlett st, Brooklyn, NY, 11206",89 Bartlett st,Brooklyn,NY,11206,$756.00,1,NO
2023,Allied Universal Security Services,"33-10 Queens Boulevard, Long Island, NY, 11001",33-10 Queens Boulevard,Long Island,NY,11001,$753.00,1,NO
2020,Astoria Animal Hospital,"30-80 Stienway Street, Astoria, NY, 11103",30-80 Stienway Street,Astoria,NY,11103,$751.00,1,NO
2022,Aqua Catering Corp T/A Frame Gourmet Eatery,"552 7th Avenue, New York, NY, 10018",552 7th Avenue,New York,NY,10018,$750.00,1,NO
2022,Ingapirca Construction,"103-18 35th Ave, Corona, NY, 11368",103-18 35th Ave,Corona,NY,11368,$750.00,2,NO
2023,Julio Ruben Villalba AKA Ruben,"2843 Heath Avenue, Bronx, NY, 10463",2843 Heath Avenue,Bronx,NY,10463,$750.00,2,NO
2020,Magnolia Bakery,"1240 6th Avenue, New York, NY, 10020",1240 6th Avenue,New York,NY,10020,$750.00,1,NO
2021,Mayweather Boxing and Fitness,"200 West 41 Street, New York, NY, 10036",200 West 41 Street,New York,NY,10036,$750.00,1,NO
2022,MoCADA,"80 Hansen Place, Brooklyn, NY, 11217",80 Hansen Place,Brooklyn,NY,11217,$750.00,1,NO
2024,Burger King,"2655 Richmond Avenue, Staten Island, NY, 10314",2655 Richmond Avenue,Staten Island,NY,10314,$750.00,,NO
2023,Showtime Pictures Empire LLC,"350 5th Avenue, New York, NY, 10118",350 5th Avenue,New York,NY,10118,$750.00,1,YES
2023,Zip Aviation & Manhattan Helicopters,"6 East River Piers, New York, NY, 10004",6 East River Piers,New York,NY,10004,$750.00,,NO
2023,JNJ Home Health Care Inc,"326 Livingston Street, Brooklyn, NY, 11217",326 Livingston Street,Brooklyn,NY,11217,$745.00,1,NO
2020,American International Security,"101 Tyrellan Ave, Staten Island, NY, 10309",101 Tyrellan Ave,Staten Island,NY,10309,$743.00,1,NO
2023,Barker Consulting,"31 West 34th Street, New York, NY, 10001",31 West 34th Street,New York,NY,10001,$743.00,,NO
2023,Chipotle,"4240 Broadway, New York, ny, 10033",4240 Broadway,New York,ny,10033,$743.00,42,NO
2022,Crowne Plaza HY36 Midtown Manhattan,"320 W. 36th Street, New York, NY, 10018",320 W. 36th Street,New York,NY,10018,$741.00,1,NO
2023,Brasier Restaurant and Lounge,"472 W 202nd Street, New York, NY, 10034",472 W 202nd Street,New York,NY,10034,$740.00,,YES
2023,Three Decker Diner,"695 Manhattan Ave, Brooklyn, NY, 11222",695 Manhattan Ave,Brooklyn,NY,11222,$740.00,,NO
2021,Centers Health Care - Centers Business Office,"4770 White Plains Rd, Bronx, NY, 10470",4770 White Plains Rd,Bronx,NY,10470,$738.00,1,NO
2024,CVS Store No 2168,"1 Columbus Pl, New York, NY, 10019",1 Columbus Pl,New York,NY,10019,$738.00,,NO
2020,Epic Security Corp,"2067 Broadway, New York, NY, 10023",2067 Broadway,New York,NY,10023,$737.00,2,NO
2023,Captain Mikes Seafood Restaurant,"126 Chambers Street, New York, NY, 10007",126 Chambers Street,New York,NY,10007,$734.00,1,NO
2023,"Flat Rate Movers, LTD. T/A FlatRate Moving","536 Broadway, New York, NY, 10010",536 Broadway,New York,NY,10010,$734.00,,NO
2023,Archats LLC,"215 Lenox Rd., Brooklyn, NY, 11226",215 Lenox Rd.,Brooklyn,NY,11226,$732.00,2,NO
2022,Ryer Avenue Housing Development Fund,"2386 Ryer Avenue, Bronx, NY, 10458",2386 Ryer Avenue,Bronx,NY,10458,$729.00,1,NO
2020,The Bean at Cooper Union LLC & Astor Coffee LLC ..,"31 3rd Ave, New York, NY, 10003",31 3rd Ave,New York,NY,10003,$728.00,6,NO
2022,Zeno Nail Bar,"119 Ludlow Street, New York, NY, 10002",119 Ludlow Street,New York,NY,10002,$727.00,,NO
2022,Eva Homecare Agency Inc,"104-70 Queens Blvd, Forest Hills, NY, 11375",104-70 Queens Blvd,Forest Hills,NY,11375,$725.00,6,NO
2021,Angelos on the Bay Inc,"2902 Emmous Ave, Brooklyn, NY, 11235",2902 Emmous Ave,Brooklyn,NY,11235,$721.00,1,NO
2022,Bella Ciao Local 92 Coffee and Grain and Restaurant,"145 Mulberry Street, New York, NY, 10013",145 Mulberry Street,New York,NY,10013,$721.00,1,NO
2023,American Pro Restoration,"36-52 34th Street, Astoria, NY, 11106",36-52 34th Street,Astoria,NY,11106,$720.00,1,NO
2023,Bagel & Panini Co LLC,"900 Hylan Blvd., Staten Island, NY, 10305",900 Hylan Blvd.,Staten Island,NY,10305,$720.00,1,NO
2023,Bailey Apparel Inc,"242 West 38th St, New York, NY, 10018",242 West 38th St,New York,NY,10018,$720.00,1,NO
2020,Caring Professionals Inc.,"70-20 Austin Street, Forest Hills, NY, 11375",70-20 Austin Street,Forest Hills,NY,11375,$720.00,2,NO
2020,Danice Store,"845 White Plains Rd, Bronx, NY, 10473",845 White Plains Rd,Bronx,NY,10473,$720.00,1,NO
2020,G4S Secure Solutions,"60 E. 42nd Street, New York, NY, 10165",60 E. 42nd Street,New York,NY,10165,$720.00,1,NO
2023,Liquor Wine Warehouse,"113-19 Beach Channel Drive, Rockaway Park, NY, 11694",113-19 Beach Channel Drive,Rockaway Park,NY,11694,$720.00,,NO
2024,Big Minds Tiny Hands,"8810 Ave J, Brooklyn, NY, 11236",8810 Ave J,Brooklyn,NY,11236,$720.00,,NO
2020,Pier 18,"4904 18th Avenue, Brooklyn, NY, 11204",4904 18th Avenue,Brooklyn,NY,11204,$720.00,1,NO
2023,Unlimited Stone Works,"33-53 10th Street, Queens, NY, 11106",33-53 10th Street,Queens,NY,11106,$720.00,1,NO
2021,Winway Development LLC,"316 Ramona Avenue, Staten Island, NY, 10312",316 Ramona Avenue,Staten Island,NY,10312,$720.00,1,NO
2022,Wondershape,"4201 Avenue U, Brooklyn, NY, 11234",4201 Avenue U,Brooklyn,NY,11234,$720.00,1,NO
2023,Golden Artist Colors,"188 Bell Road, New York, NY, 13411",188 Bell Road,New York,NY,13411,$718.00,1,NO
2021,Konditori Espresso Bar,"687 Manhattan Avenue, Brooklyn, NY, 11222",687 Manhattan Avenue,Brooklyn,NY,11222,$718.00,1,NO
2023,QC NY LLC,"100 Wall Street, New York, NY, 10005",100 Wall Street,New York,NY,10005,$718.00,1,NO
2022,YMY LLC Grand Concourse Estate,"P.O. Box 100818, Brooklyn, NY, 11210",P.O. Box 100818,Brooklyn,NY,11210,$718.00,,NO
2023,Chipotle Empire State Relo - 3641,"350 Fifth Avenue, New York, ny, 10118",350 Fifth Avenue,New York,ny,10118,$716.00,27,NO
2023,International Refugee Assistance Project,"One Battery Park Plaza, New York, NY, 10004",One Battery Park Plaza,New York,NY,10004,$716.00,,NO
2022,Yang Gang Gao and Juan Fang Ma,"131-59 Fowler Avenue, Flushing, NY, 11344",131-59 Fowler Avenue,Flushing,NY,11344,$715.00,,NO
2022,Maison Ullens,"727 Madison Ave., New York, NY, 10065",727 Madison Ave.,New York,NY,10065,$714.00,1,NO
2021,Papa John's,"8953 Francis Lewis Boulevard, Queens Village, NY, 11427",8953 Francis Lewis Boulevard,Queens Village,NY,11427,$711.00,,NO
2023,All In Cafe / All In Brooklyn,"Attn: Steve Baturov, Brooklyn, NY, 11235",Attn: Steve Baturov,Brooklyn,NY,11235,$710.00,,NO
2021,"MSG Entertainment Group, LLC","2 Penn Plaza, Suite 16, New York, NY, 10121",2 Penn Plaza  Suite 16,New York,NY,10121,$705.00,,NO
2021,Nursing Personal Home Care,"175 South 9th Street, Brooklyn, NY, 11211",175 South 9th Street,Brooklyn,NY,11211,$705.00,1,NO
2023,Gentle Dental 92,"544 92nd Street, Brooklyn, NY, 11209",544 92nd Street,Brooklyn,NY,11209,$704.00,1,NO
2022,Agave Restaurant,"2236 31st Street, Astoria, NY, 11105",2236 31st Street,Astoria,NY,11105,$702.00,1,NO
2021,New Generation,"31-89 Fulton St, Brooklyn, NY, 11208",31-89 Fulton St,Brooklyn,NY,11208,$702.00,1,NO
2020,560-568 Audubon Realty LLC,"377 5th Avenue, New York, NY, 10016",377 5th Avenue,New York,NY,10016,$700.00,1,NO
2022,Chillin Restaurant and Bar / Chillgrin Corp.,"1261 St. Nicholas Ave., New York, NY, 10032",1261 St. Nicholas Ave.,New York,NY,10032,$700.00,2,NO
2021,Elite Choice,"1967 McDonald Avenue, Brooklyn, NY, 11223",1967 McDonald Avenue,Brooklyn,NY,11223,$700.00,1,NO
2021,L A M Care Inc,"1120 Avenue of the Americas, New York, NY, 10036",1120 Avenue of the Americas,New York,NY,10036,$700.00,1,NO
2022,Premier Ford of Bay Ridge,"612 86th Street, Brooklyn, NY, 11228",612 86th Street,Brooklyn,NY,11228,$700.00,1,NO
2023,RTBB Constructions,"1309 Foster Avenue, Brooklyn, NY, 11230",1309 Foster Avenue,Brooklyn,NY,11230,$700.00,1,NO
2020,Specialty Infusion,"175 E. 96th Street, New York, NY, 10128",175 E. 96th Street,New York,NY,10128,$700.00,2,NO
2021,The Battiloro Law Group,"185 Montague Street, Brooklyn, NY, 11201",185 Montague Street,Brooklyn,NY,11201,$700.00,1,NO
2021,Safe and Prudent,"407 Broadway, Lawrence, NY, 11372",407 Broadway,Lawrence,NY,11372,$697.00,1,NO
2022,Yinova,"37 W 17th Street, New York, NY, 10010",37 W 17th Street,New York,NY,10010,$697.00,1,NO
2024,Cano Coffee Company,"44-16 Broadway, Astoria, NY, 11103",44-16 Broadway,Astoria,NY,11103,$695.00,,NO
2020,Basilic Restaurant,"1712 1st Avenue, New York, NY, 10028",1712 1st Avenue,New York,NY,10028,$694.00,2,NO
2022,The Salvation Army,"536 West 46th Street, New York, NY, 10036",536 West 46th Street,New York,NY,10036,$690.00,1,NO
2020,SELFHELP COMMUNITY SERVICES,"520 EIGHTH AVE, NEW YORK, NY, 10018",520 EIGHTH AVE,NEW YORK,NY,10018,$685.00,2,NO
2023,AJ Squared Security,"110-20 Jamaica Avenue, Richmond Hill, NY, 11418",110-20 Jamaica Avenue,Richmond Hill,NY,11418,$681.00,1,NO
2020,Kenco Retail Shops,"25-15 Broadway, Astoria, NY, 11106",25-15 Broadway,Astoria,NY,11106,$680.00,1,NO
2023,Legends Limousine,"209 25 Street, Brooklyn, NY, 11232",209 25 Street,Brooklyn,NY,11232,$680.00,,NO
2023,Rudin Management Inc,"345 Park Avenue, New York, NY, 10154",345 Park Avenue,New York,NY,10154,$678.00,,NO
2023,Lotus Lounge & Grill,"66-48 Myrtle Avenue, Glendale, NY, 11385",66-48 Myrtle Avenue,Glendale,NY,11385,$675.00,1,NO
2024,Sahara Turkish Grill,"530 Neptune Avenue, Brooklyn, NY, 11224",530 Neptune Avenue,Brooklyn,NY,11224,$675.00,,NO
2020,Riverdale Kenshikai Karate,"3607 Fieldston Road, Bronx, NY, 10463",3607 Fieldston Road,Bronx,NY,10463,$674.00,1,NO
2021,Brooklyn Tots Academy,"2211 Coney Island Ave, Brooklyn, NY, 11223",2211 Coney Island Ave,Brooklyn,NY,11223,$672.00,1,NO
2021,CEC Steel LLC,"776 Sixth Ave, New York, NY, 10001",776 Sixth Ave,New York,NY,10001,$672.00,1,NO
2021,MWJ LLC,"45-17 28th Avenue, Astoria, NY, 11103",45-17 28th Avenue,Astoria,NY,11103,$672.00,2,NO
2020,"Catholic Charities of Staten Island, Inc.","6581 Hylan Blvd., Staten Island, NY, 10309",6581 Hylan Blvd.,Staten Island,NY,10309,$671.00,1,NO
2021,Harvard Maintenance,"59 Maiden Lane, New York, NY, 10038",59 Maiden Lane,New York,NY,10038,$671.00,1,NO
2023,65 Broadway Dental,"65 Broadway, New York, NY, 10006",65 Broadway,New York,NY,10006,$668.00,,NO
2021,Epic Security Corp.,"2067 Broadway, New York, NY, 10023",2067 Broadway,New York,NY,10023,$668.00,1,NO
2023,Sugaring NYC Kings Highway,"1419 Kings Highway, Brooklyn, NY, 11229",1419 Kings Highway,Brooklyn,NY,11229,$668.00,1,NO
2021,New Generation Cleaning Services Corp,"3295 Fulton St, Brooklyn, NY, 12208",3295 Fulton St,Brooklyn,NY,12208,$667.00,1,NO
2022,USA Management,"28-24 Steinway ST, Astoria, NY, 11103",28-24 Steinway ST,Astoria,NY,11103,$667.00,1,NO
2022,Hedge Stone LLC,"36 West 37th Street, New York, NY, 10018",36 West 37th Street,New York,NY,10018,$666.00,1,NO
2022,Honey Brains,"916 8th Ave, New York, NY, 10019",916 8th Ave,New York,NY,10019,$661.00,1,NO
2021,Clear Face Laser Clinic,"208-01 Northen Blvd, Bayside, NY, 11361",208-01 Northen Blvd,Bayside,NY,11361,$660.00,1,NO
2023,Columbus Circle Veterinary Hospital,"2 Columbus Avenue, New York, NY, 10023",2 Columbus Avenue,New York,NY,10023,$660.00,1,NO
2021,World's Wurst,"130 West Houston Street, New York, NY, 10012",130 West Houston Street,New York,NY,10012,$658.00,,NO
2021,Dennelisse Corporation,"460 Hills Ave, Bronx, NY, 10455",460 Hills Ave,Bronx,NY,10455,$657.00,1,NO
2022,Ozanam Hall of Queens Nursing Home,"42-41 201st St, Bayside, NY, 11361",42-41 201st St,Bayside,NY,11361,$657.00,1,NO
2023,Tara Lipton,"255 E. 74th St, New York, NY, 10021",255 E. 74th St,New York,NY,10021,$657.00,1,NO
2021,Lichter Dental,"1420 Avenue P, Brooklyn, NY, 11229",1420 Avenue P,Brooklyn,NY,11229,$655.00,1,NO
2022,Morelly Logistics Inc,"12595 Flatlands Avenue, Brookyln, NY, 11208",12595 Flatlands Avenue,Brooklyn,NY,11208,$651.00,1,NO
2021,Steep Advantage Services,"133-26 224th Street, Laurelton, NY, 11413",133-26 224th Street,Laurelton,NY,11413,$650.00,1,NO
2020,La Sala by Tu Casa,"116-35 Metropolitan Ave, Richmond Hills, NY, 11418",116-35 Metropolitan Ave,Richmond Hill,NY,11418,$647.00,2,NO
2022,DH2 Limo Worldwide Inc.,"149-35 177th Street, Jamaica, NY, 11434",149-35 177th Street,Jamaica,NY,11434,$646.00,1,NO
2022,Kaos Kapital Co,"63 Flushing Ave, Brooklyn, NY, 11205",63 Flushing Ave,Brooklyn,NY,11205,$646.00,1,NO
2020,"Paul J Cooper Center for Human Services, Inc.","510 Gates Ave, Brooklyn, NY, 11216",510 Gates Ave,Brooklyn,NY,11216,$645.00,2,NO
2024,Inwood Coffee Inc. T/A Kuro Kirin Espresso and Coff..,"4795 Broadway, New York, NY, 10034",4795 Broadway,New York,NY,10034,$644.00,,NO
2022,Lockwood Williamsburg 485 Corp,"32-15 33rd Street, Astoria, NY, 11106",32-15 33rd Street,Astoria,NY,11106,$640.00,1,NO
2021,MA Home Improvement,"172-16 Grand Central Pkwy, Jamaica, NY, 11432",172-16 Grand Central Pkwy,Jamaica,NY,11432,$640.00,1,NO
2023,Winston Staffing,"122 East 42nd Street, New York, NY, 10168",122 East 42nd Street,New York,NY,10168,$638.00,2,NO
2020,Perfect Posture Pilates,"2308 30th Avenue, Astoria, NY, 11102",2308 30th Avenue,Astoria,NY,11102,$637.00,1,NO
2021,Ben's Kosher Deli,"209 West 38th Street, New York, NY, 10018",209 West 38th Street,New York,NY,10018,$634.00,1,NO
2023,World Class Security Service Holding,"155 Waters, Brooklyn, NY, 11201",155 Waters,Brooklyn,NY,11201,$632.00,1,NO
2021,Custom Protective Services,"355 Lexington Ave, New York, NY, 10017",355 Lexington Ave,New York,NY,10017,$630.00,1,YES
2020,S and S Plumbing Corp,"3110 37th Avenue, Long Island City, NY, 11101",3110 37th Avenue,Long Island City,NY,11101,$630.00,1,NO
2022,Urban Playground Inc,"115 Broadway, New York, NY, 10008",115 Broadway,New York,NY,10008,$630.00,1,NO
2023,Baba Cool Williamsburg,"47 Withers Street, Brooklyn, NY, 11211",47 Withers Street,Brooklyn,NY,11211,$626.00,,NO
2022,Homecoming,"107 Franklin St, Brooklyn, NY, 11222",107 Franklin St,Brooklyn,NY,11222,$626.00,1,NO
2022,Abuela's Empanadas,"107-10 70th Rd, Forest Hills, NY, 11375",107-10 70th Rd,Forest Hills,NY,11375,$624.00,,NO
2022,Advantage Home Care,"1424 Sheepshead Bay Road, Brooklyn, NY, 11235",1424 Sheepshead Bay Road,Brooklyn,NY,11235,$623.00,1,NO
2021,Amazing Lash Studio,"162-38 Cross Bay Blvd, Queens, NY, 11414",162-38 Cross Bay Blvd,Queens,NY,11414,$623.00,3,NO
2021,John Allans,"62 Laight Street, New York, NY, 10013",62 Laight Street,New York,NY,10013,$623.00,1,NO
2022,Astro Gallery of Gems,"417 5th Ave, New York, NY, 10016",417 5th Ave,New York,NY,10016,$620.00,1,NO
2023,Motivate LLC/Citibike,"353 West Street, New York, NY, 10014",353 West Street,New York,NY,10014,$619.00,1,NO
2020,Tree House Pediatric & Adult Dentistry,"146 West 83rd Street, New York, NY, 10024",146 West 83rd Street,New York,NY,10024,$618.00,1,NO
2021,SMstitches,"335 Ave U, Brooklyn, NY, 11230",335 Ave U,Brooklyn,NY,11230,$616.00,1,NO
2022,AMG School of Nursing,"110 Bridge Street, Brooklyn, NY, 11201",110 Bridge Street,Brooklyn,NY,11201,$615.00,1,NO
2022,"Everyday Gourmet Deli, Inc","369 Lexington Avenue, New York, NY, 10017",369 Lexington Avenue,New York,NY,10017,$615.00,,NO
2022,Star Environmental Cleaning Services,"Po Box 340-409, Brooklyn, NY, 11234",Po Box 340-409,Brooklyn,NY,11234,$615.00,1,NO
2024,Krafty Hands Bellerose,"25173 Jericho Turnpike, Bellerose, NY, 11426",25173 Jericho Turnpike,Bellerose,NY,11426,$614.00,,NO
2022,Siren Protectors of the Rainforest,"90 Monroe Street, Brooklyn, NY, 11216",90 Monroe Street,Brooklyn,NY,11216,$613.00,,NO
2023,Global Support Services,"90 Waterbury Street, Brooklyn, NY, 11206",90 Waterbury Street,Brooklyn,NY,11206,$612.00,1,NO
2022,Patina Cafe,"990 Washington Avenue, Brooklyn, NY, 11225",990 Washington Avenue,Brooklyn,NY,11225,$612.00,1,NO
2022,All Metro,"80 Broad Street, New York, NY, 10004",80 Broad Street,New York,NY,10004,$611.00,3,NO
2022,Advanced Medical Staffing Inc,"845 3rd Avenue, New York, NY, 10022",845 3rd Avenue,New York,NY,10022,$610.00,1,NO
2021,Tara 4BPD,"23 Greene Street, New York, NY, 10013",23 Greene Street,New York,NY,10013,$610.00,1,NO
2023,Sir John's,"18 W. 33rd St, New York, NY, 10001",18 W. 33rd St,New York,NY,10001,$609.00,,NO
2022,Adult & Pediatric Dermatology,"6405 Yellowstone Blvd., Forest Hills, NY, 11385",6405 Yellowstone Blvd.,Forest Hills,NY,11385,$608.00,1,NO
2024,Creative Lifestyle,"67 Bruckner Blvd, Bronx, NY, 10454",67 Bruckner Blvd,Bronx,NY,10454,$608.00,,NO
2024,Elmy's Special Services,"163 Van Buren Street, Brooklyn, NY, 11221",163 Van Buren Street,Brooklyn,NY,11221,$608.00,,NO
2021,Vino Taga,"201 E 31st St, New York, NY, 10016",201 E 31st St,New York,NY,10016,$608.00,1,NO
2023,Lovely Lemonland Laundromat & Cleaners,"35-05 Ditmars Boulevard, Astoria, NY, 11105",35-05 Ditmars Boulevard,Astoria,NY,11105,$606.00,2,NO
2021,The Salvation Army,"536 W 46th Street, New York, NY, 10036",536 W 46th Street,New York,NY,10036,$606.00,1,NO
2022,Mysitk Models Entertainment,"500 7 Ave, New York, NY, 10018",500 7 Ave,New York,NY,10018,$605.00,1,NO
2020,Sukeina,"461 Dean St #33A, Brooklyn, NY, 11217",461 Dean St #33A,Brooklyn,NY,11217,$605.00,1,NO
2020,55 Fulton Market and 15 Open Market,"55 Fulton Street, New York, NY, 10038",55 Fulton Street,New York,NY,10038,$600.00,1,NO
2022,Bells Employment Agency Inc.,"9050 Parsons Blvd, Jamaica, NY, 11432",9050 Parsons Blvd,Jamaica,NY,11432,$600.00,1,NO
2020,Billys Pizza Pasta Inc,"1626 Bedford Ave, Brooklyn, NY, 11225",1626 Bedford Ave,Brooklyn,NY,11225,$600.00,1,NO
2020,CC Mart Corp,"3008 Church Avenue, Brooklyn, NY, 11226",3008 Church Avenue,Brooklyn,NY,11226,$600.00,2,NO
2023,Eden Farm,"63-31 108th Street, New York, NY, 11375",63-31 108th Street,New York,NY,11375,$600.00,,NO
2023,Eden Farm,"63-31 108th Street, New York, NY, 11375",63-31 108th Street,New York,NY,11375,$600.00,,NO
2021,Elara Health Acquisition Corp,"7000 Austin St, Forest Hill, NY, 11375",7000 Austin St,Forest Hills,NY,11375,$600.00,1,NO
2023,Facade Restoration Group LLC,"1454 Martle Ave, Brooklyn, NY, 11237",1454 Martle Ave,Brooklyn,NY,11237,$600.00,,NO
2021,Famous Brands - Kenco Retail Shops Inc.,"25-15 Broadway, Astoria, NY, 11106",25-15 Broadway,Astoria,NY,11106,$600.00,1,NO
2020,Girling Healthcare,"1989 Coney Island Avenue, Brooklyn, NY, 11223",1989 Coney Island Avenue,Brooklyn,NY,11223,$600.00,1,NO
2023,Gong Gan,"37-02 Prince St, Flushing, NY, 11354",37-02 Prince St,Flushing,NY,11354,$600.00,1,NO
2020,HI Construction Corporation,"1201 Broadway, New York, NY, 10001",1201 Broadway,New York,NY,10001,$600.00,2,NO
2023,Key Food Supermarket,"656 Castle Hill Ave, Bronx, NY, 10472",656 Castle Hill Ave,Bronx,NY,10472,$600.00,1,NO
2023,L and G Food and Vegetable,"3919 18th Avenue, Brooklyn, NY, 11218",3919 18th Avenue,Brooklyn,NY,11218,$600.00,,NO
2021,Manhattan Helicopters LLC,"6 East River Piers, New York, NY, 10004",6 East River Piers,New York,NY,10004,$600.00,1,NO
2021,NYC Organic Deli,"3340 Broadway, New York, NY, 10031",3340 Broadway,New York,NY,10031,$600.00,1,NO
2021,Playmates Nursery Inc,"131-15 Liberty Avenue, South Richmond Hill, NY, 11419",131-15 Liberty Avenue,Richmond Hill,NY,11419,$600.00,1,NO
2023,Samurai Mama,"205 Grand St, Brooklyn, NY, 11211",205 Grand St,Brooklyn,NY,11211,$600.00,,NO
2021,Seaport House H&H,"229 Front Street, New York, NY, 10038",229 Front Street,New York,NY,10038,$600.00,1,NO
2023,Service Retail Unlimited Inc,"914 3rd Ave, Brooklyn, NY, 11223",914 3rd Ave,Brooklyn,NY,11223,$600.00,,NO
2022,The Food Emporium,"325 LaFayette, Brooklyn, NY, 11238",325 LaFayette,Brooklyn,NY,11238,$600.00,1,NO
2023,The International Society of Female Professionals,"3001 Northern Blvd, Long Island, NY, 11101",3001 Northern Blvd,Long Island,NY,11101,$600.00,,NO
2023,The UPS Store,"914 3rd Ave, Brooklyn, NY, 11232",914 3rd Ave,Brooklyn,NY,11232,$600.00,,NO
2023,Up N Go Moving LLC,"4700 Northern Blvd., Long Island City, NY, 11101",4700 Northern Blvd.,Long Island City,NY,11101,$600.00,1,NO
2021,The Compression Store,"1476 1st Ave, New York, NY, 10075",1476 1st Ave,New York,NY,10075,$599.00,1,NO
2023,Chipotle,"147-40 ARCHER AVENUE, Jamaica, ny, 11373",147-40 ARCHER AVENUE,Jamaica,ny,11373,$595.00,43,NO
2020,Swissport Inc,"23 N Service Rd, Jamaica, NY, 11430",23 N Service Rd,Jamaica,NY,11430,$595.00,1,NO
2021,NY Medical Skin Care Solutions,"345 E 37th Street, New York, NY, 10016",345 E 37th Street,New York,NY,10016,$594.00,1,NO
2021,Bensonhurst Dental Care New York,"1872 80th Street, Brooklyn, NY, 11214",1872 80th Street,Brooklyn,NY,11214,$593.00,1,NO
2023,Mayflower Boutique Hotel,"38-58 12th Street, Long Island City, NY, 11101",38-58 12th Street,Long Island City,NY,11101,$592.00,,NO
2021,ECP Management Group,"236 Stagg Street, Brooklyn, NY, 11206",236 Stagg Street,Brooklyn,NY,11206,$587.00,1,NO
2020,Beech Avenue Dental,"4343 Kissena Blvd, Flushing, NY, 11355",4343 Kissena Blvd,Flushing,NY,11355,$585.00,1,NO
2023,Cannelle Patisserie,"7559 31st Ave, East Elmhurst, NY, 11370",7559 31st Ave,East Elmhurst,NY,11370,$585.00,1,NO
2024,Marchesa Holdings LLC T/A Marchesa,"80 8th Avenue, New York, NY, 10011",80 8th Avenue,New York,NY,10011,$585.00,,NO
2022,Success Stories Learning Center LLC,"9506 Avenue L, Brooklyn, NY, 11236",9506 Avenue L,Brooklyn,NY,11236,$585.00,1,NO
2023,Royal Care FL,"6323 14th Avenue, Brooklyn, NY, 11219",6323 14th Avenue,Brooklyn,NY,11219,$584.00,1,NO
2020,Whittemore House Salon,"45 Grove Street, New York, NY, 10014",45 Grove Street,New York,NY,10014,$584.00,1,NO
2024,Quality Greens Kitchen,"57 Willoughby Street, Brooklyn, NY, 11201",57 Willoughby Street,Brooklyn,NY,11201,$582.00,,NO
2023,Essential Counseling Wellness LCSW PLLC,"143 W. 74th Street, New York, NY, 10023",143 W. 74th Street,New York,NY,10023,$580.00,,NO
2023,Innovative Sleep Solution LLC,"137 Gardner Ave, Brooklyn, NY, 11237",137 Gardner Ave,Brooklyn,NY,11237,$580.00,,NO
2023,Private Medical Office of Dr. Boris Peysin,"8100 Bay Pkwy, Brooklyn, NY, 11214",8100 Bay Pkwy,Brooklyn,NY,11214,$580.00,,NO
2023,Brooklyn Chinese American Association,"5000 8th Avenue, Brooklyn, NY, 11220",5000 8th Avenue,Brooklyn,NY,11220,$578.00,,NO
2021,Security USA,"336 West 37th Street, New York, NY, 10018",336 West 37th Street,New York,NY,10018,$578.00,1,NO
2021,"Universal Protection Service, LLC","123 William Street, New York, NY, 10038",123 William Street,New York,NY,10038,$578.00,2,NO
2021,"Atlantic Endocrinology & Diabetes, PC.","97-25 63rd Drive, Rego Park, NY, 11374",97-25 63rd Drive,Rego Park,NY,11374,$576.00,,NO
2021,Rimma Gelbert Medical PC,"1705 E 17th St, Brooklyn, NY, 11229",1705 E 17th St,Brooklyn,NY,11229,$576.00,1,NO
2023,OVER THE TOP LIFTING LLC,"420 AUSTIN PL, Bronx, NY, 10455",420 AUSTIN PL,Bronx,NY,10455,$569.00,,NO
2020,Richard Braddock,"320 Park Avenue, New York, NY, 10022",320 Park Avenue,New York,NY,10022,$563.00,1,NO
2020,Natalie Glaser Williamson,"61 Jane Street, New York, NY, 10014",61 Jane Street,New York,NY,10014,$562.00,1,YES
2020,Awad Fine Jewelry,"55W 47th St #165, New York, NY, 10036",55W 47th St #165,New York,NY,10036,$560.00,1,NO
2020,Complete Neuropsychology,"26 Court Street, Brooklyn, NY, 11242",26 Court Street,Brooklyn,NY,11242,$560.00,1,NO
2023,Posh Pop Bakeshop,"192 Bleecker Street, New York, NY, 10012",192 Bleecker Street,New York,NY,10012,$560.00,1,NO
2024,NY Events NY LLC,"85 Broad St, New York, NY, 10004",85 Broad St,New York,NY,10004,$559.00,,NO
2023,"True Changes Behavior Therapy, LLC","44 Court Street, Brooklyn, NY, 11201",44 Court Street,Brooklyn,NY,11201,$558.00,,NO
2021,Allergy Asthma Sleep Center,"2833 Ocean Pkwy, Brooklyn, NY, 11235",2833 Ocean Pkwy,Brooklyn,NY,11235,$555.00,1,NO
2023,Direct Assistant Program Inc,"251 East 5th Street, Brooklyn, NY, 11218",251 East 5th Street,Brooklyn,NY,11218,$555.00,,NO
2024,Foodtown de Noll Street,"54 Noll LLC, Brooklyn, NY, 11206",54 Noll LLC,Brooklyn,NY,11206,$554.00,,NO
2022,Edison Home Healthcare LLC,"964 McDonald Ave., Brooklyn, NY, 11218",964 McDonald Ave.,Brooklyn,NY,11218,$552.00,1,NO
2023,Fine Fare Supermarket,"50 Pennsylvania Ave., Brooklyn, NY, 11207",50 Pennsylvania Ave.,Brooklyn,NY,11207,$552.00,,NO
2023,United Chrysler Dodge Jeep and Ram aka CDJR,"111 58th Street, Brooklyn, NY, 11220",111 58th Street,Brooklyn,NY,11220,$552.00,1,NO
2021,C&I Studios,"368 Broadway, New York, NY, 10003",368 Broadway,New York,NY,10003,$550.00,1,NO
2022,GPGInteriors LLC,"19 Elton Street, Brooklyn, NY, 11208",19 Elton Street,Brooklyn,NY,11208,$550.00,2,NO
2022,Helping u Homecare,"1897 3rd Avenue, New York, NY, 10029",1897 3rd Avenue,New York,NY,10029,$550.00,1,NO
2021,Medrite Urgent Care,"344 W 51st St, New York, NY, 10019",344 W 51st St,New York,NY,10019,$550.00,1,NO
2023,Morton Williams Supermarkets,"1251 3rd Avenue, New York, NY, 10021",1251 3rd Avenue,New York,NY,10021,$550.00,1,NO
2022,Vision Academy New York,"42 West Street, Brooklyn, NY, 11222",42 West Street,Brooklyn,NY,11222,$550.00,1,NO
2022,Allborogh Personal Care,"300 Cadman Plaza, Brooklyn, NY, 11203",300 Cadman Plaza,Brooklyn,NY,11203,$549.00,1,NO
2023,Movin Crew Walter Vivas,"8919 71st St, Jamaica, NY, 11432",8919 71st St,Jamaica,NY,11432,$546.00,,NO
2020,Gloria's Manor Home,"140 Beach 119th St, Rockaway Park, NY, 11694",140 Beach 119th St,Rockaway Park,NY,11694,$545.00,1,NO
2021,Brooklyn Wing House,"1218 Union Street, Brooklyn, NY, 11225",1218 Union Street,Brooklyn,NY,11225,$544.00,1,NO
2022,Hope and Cherish Home Care,"3345 Neptune Avenue, Brooklyn, NY, 11224",3345 Neptune Avenue,Brooklyn,NY,11224,$544.00,1,NO
2023,I Raise Girls and Boys International Corporation,"3640 White Plains Road, Bronx, NY, 10467",3640 White Plains Road,Bronx,NY,10467,$544.00,1,NO
2024,Facade Restoration Group,"1454 Martle Ave, Brooklyn, NY, 11231",1454 Martle Ave,Brooklyn,NY,11231,$544.00,,NO
2021,The Fedcap Group,"633 3rd Street, New York, NY, 10017",633 3rd Street,New York,NY,10017,$544.00,2,NO
2021,ARG Trucking,"369 Lexington Avenue, New York, NY, 10017 Bostwick Road, Phelps, NY, 14532",369 Lexington Avenue,New York,NY,10017,$543.00,,NO
2020,Faces NY Inc.,"123 West 115th Street, New York, NY, 10026",123 West 115th Street,New York,NY,10026,$542.00,1,NO
2023,Boreo Bazar Halal Meat and Fish,"37-03 73rd St, Jackson Heights, NY, 11372",37-03 73rd St,Jackson Heights,NY,11372,$540.00,,NO
2022,D1 Wood Flooring Service Co Inc.,"P.O. Box 6162, Bronx, NY, 10451",P.O. Box 6162,Bronx,NY,10451,$540.00,1,NO
2021,Golden Pink Pipings,"221-30 58th Avenue, Flushing, NY, 11364",221-30 58th Avenue,Flushing,NY,11364,$540.00,1,NO
2023,Utica Best Buy Wine & Liquor,"213 Utica Avenue, Brooklyn, NY, 11213",213 Utica Avenue,Brooklyn,NY,11213,$536.00,,NO
2021,All American Homecare Agency Inc,"1 W. 34th Street, New York, NY, 10001",1 W. 34th Street,New York,NY,10001,$535.00,1,NO
2021,Morales & Palacios Construction,"1037 Avenue St John, Bronx, NY, 10455",1037 Avenue St John,Bronx,NY,10455,$535.00,2,NO
2021,Halal Oasis Mega Market,"2828 Coney Island Ave, Brooklyn, NY, 11235",2828 Coney Island Ave,Brooklyn,NY,11235,$533.00,1,NO
2024,B Above Worldwide Institute Inc,"13411 Kew Gardens Road, Richmond Hills, NY, 11418",13411 Kew Gardens Road,Richmond Hill,NY,11418,$533.00,,NO
2023,Open Sesame Dentistry,"191 Amsterdam Ave, New York, NY, 10023",191 Amsterdam Ave,New York,NY,10023,$530.00,,NO
2024,Ditmas Park Care Center,"2107 Ditmas Ave., Brooklyn, NY, 11226",2107 Ditmas Ave.,Brooklyn,NY,11226,$529.00,,NO
2022,Aloe Fruits LLC,"120 Union Avenue, Brooklyn, NY, 11206",120 Union Avenue,Brooklyn,NY,11206,$528.00,1,NO
2022,Principal Care LLC,"807 Lydig Avenue, New York, NY, 10462",807 Lydig Avenue,New York,NY,10462,$528.00,1,NO
2021,Queens Homecare Agency Inc,"2 East Broadway 801, New York, NY, 10038",2 East Broadway 801,New York,NY,10038,$528.00,1,NO
2021,Rockefeller Group Development Corporation,"1271 Avenue of the Americas, New York, NY, 10020",1271 Avenue of the Americas,New York,NY,10020,$526.00,1,NO
2020,City Smiles Dental,"347 5th Avenue, New York, NY, 10016",347 5th Avenue,New York,NY,10016,$525.00,1,NO
2023,Everest Laundromat Inc,"16012 Hillside Ave., Jamaica, NY, 11432",16012 Hillside Ave.,Jamaica,NY,11432,$525.00,,NO
2022,K.A Investigation Security LLC,"1162 Bay Street, Staten Island, NY, 10305",1162 Bay Street,Staten Island,NY,10305,$525.00,1,NO
2023,Big Deal Ltd,"1 East 28th Street, New York, NY, 10016",1 East 28th Street,New York,NY,10016,$524.00,,NO
2020,Canary Club,"303 Broome St, New York, NY, 10002",303 Broome St,New York,NY,10002,$523.00,1,NO
2023,Cookie Jar,"1226 Forest Avenue, Staten Island, NY, 10310",1226 Forest Avenue,Staten Island,NY,10310,$523.00,1,NO
2022,Dyphor New York,"146 Wythe Avenue, Brooklyn, NY, 11249",146 Wythe Avenue,Brooklyn,NY,11249,$521.00,1,NO
2020,Parking Logistics,"PO Box 290615, Brooklyn, NY, 11229",PO Box 290615,Brooklyn,NY,11229,$520.00,1,NO
2020,Paak Funeral Home,"5834 Catalapa Avenue, Ridgewood, NY, 11385",5834 Catalapa Avenue,Ridgewood,NY,11385,$519.00,1,NO
2021,Bay Ridge Nissan,"6501 5th Ave, Brooklyn, NY, 11220",6501 5th Ave,Brooklyn,NY,11220,$518.00,1,NO
2020,Competent Care Early Intervention Services,"3769 Nostrand Avenue, Brooklyn, NY, 11235",3769 Nostrand Avenue,Brooklyn,NY,11235,$516.00,1,NO
2020,GMD Shipyard Corp,"63 Flushing Ave., Brooklyn, NY, 11205",63 Flushing Ave.,Brooklyn,NY,11205,$516.00,1,NO
2022,ELLA,"88 South Portland Ave, Brooklyn, NY, 11217",88 South Portland Ave,Brooklyn,NY,11217,$515.00,1,NO
2020,Greenpoint Chiropractic,"153 Greenpoint Ave., Brooklyn, NY, 11222",153 Greenpoint Ave.,Brooklyn,NY,11222,$512.00,1,NO
2022,Promed Staffing Resources,"16 West 36th Street, New York, NY, 10018",16 West 36th Street,New York,NY,10018,$512.00,1,NO
2022,Union Square Hospitality Group/NYMM F&B Manage..,"853 Broadway, New York, NY, 10003",853 Broadway,New York,NY,10003,$510.00,,NO
2023,Amari Carter/ Yor Atelier,"299 Alexander Ave, Bronx, NY, 10454",299 Alexander Ave,Bronx,NY,10454,$508.00,,NO
2023,Diamsparkz,"580 Fifth Avenue, New York, NY, 10036",580 Fifth Avenue,New York,NY,10036,$505.00,1,NO
2022,Footprints Mental Health Counseling P.C.,"3249 Kingsbridge Ave., Bronx, NY, 10463",3249 Kingsbridge Ave.,Bronx,NY,10463,$504.00,1,NO
2023,Sedgwick Pharmacy Inc,"3887 Sedgwick Avenue, Bronx, NY, 10463",3887 Sedgwick Avenue,Bronx,NY,10463,$504.00,1,NO
2023,Bronx Works,"60 East Tremont Ave, Bronx, NY, 10453",60 East Tremont Ave,Bronx,NY,10453,$500.00,,NO
2021,CXR Drywall Services Corp.,"16009 Sanford Ave, Flushing, NY, 11358",16009 Sanford Ave,Flushing,NY,11358,$500.00,2,NO
2022,Northern Manhattan Nursing Home & Rehabilitation ..,"116 East 125th Street, New York, NY, 10035",116 East 125th Street,New York,NY,10035,$500.00,1,NO
2023,Powerful Electric,"1010 41 Street, Brooklyn, NY, 11219",1010 41 Street,Brooklyn,NY,11219,$500.00,1,NO
2023,S & I Designed Home Improvement Corp,"31-28 28th Road, Astoria, NY, 11102",31-28 28th Road,Astoria,NY,11102,$500.00,,NO
2023,Smart Choice Temp Agency Inc.,"9019 Avenue A, Brooklyn, NY, 11238",9019 Avenue A,Brooklyn,NY,11238,$500.00,,NO
2023,Varam Marble,"3813 Victory Blvd, Staten Island, NY, 10314",3813 Victory Blvd,Staten Island,NY,10314,$500.00,1,NO
2020,Lima Restaurant,"782 4th Avenue, Brooklyn, NY, 11232",782 4th Avenue,Brooklyn,NY,11232,$498.00,1,NO
2021,"Adirondacks Protection Services, LLC","416 Vermont Street, Brooklyn, NY, 11207",416 Vermont Street,Brooklyn,NY,11207,$497.00,1,NO
2020,Allied Universal Security Services,"123 William Street, New York, NY, 10038",123 William Street,New York,NY,10038,$493.00,,NO
2022,Commbs Brooklyn Printing,"1211 Atlantic Avenue, Brooklyn, NY, 11216",1211 Atlantic Avenue,Brooklyn,NY,11216,$490.00,,NO
2022,Pantomima - Theatre Based Care for Kids Inc,"4110 5th Avenue, Brooklyn, NY, 11232",4110 5th Avenue,Brooklyn,NY,11232,$489.00,1,NO
2023,Chipotle East New York 4497,"1940 Linden Blvd, Brooklyn, NY, 11207",1940 Linden Blvd,Brooklyn,NY,11207,$488.00,,NO
2022,Whole Picture Films,"755 Flatbush Ave., New York, NY, 11226",755 Flatbush Ave.,New York,NY,11226,$488.00,1,NO
2023,Kuwah LLC,"566 Gulf Avenue, Staten Island, NY, 10314",566 Gulf Avenue,Staten Island,NY,10314,$486.00,,NO
2024,Puppy Loft Inc,"237 West 26th Street, New York, NY, 10001",237 West 26th Street,New York,NY,10001,$486.00,,NO
2022,Koko Caigo Express Brooklyn,"287 Saint Nicholas Avenue, New York, NY, 11385",287 Saint Nicholas Avenue,New York,NY,11385,$485.00,1,NO
2022,Koko Caigo Express Brooklyn,"287 Saint Nicholas Avenue, New York, NY, 11385",287 Saint Nicholas Avenue,New York,NY,11385,$485.00,1,NO
2021,Express Candy Store Inc.,"38-05B Junction Blvd., Corona, NY, 11368",38-05B Junction Blvd.,Corona,NY,11368,$483.00,2,NO
2020,Scott San Emeterio,"105 Lexington Avenue, New York, NY, 10016",105 Lexington Avenue,New York,NY,10016,$481.00,1,NO
2023,Bolla Market,"2228 Gerritsen Avenue, Brooklyn, NY, 11229",2228 Gerritsen Avenue,Brooklyn,NY,11229,$480.00,1,NO
2021,Ella Burman,"8250 Surrey Place, Jamaica, NY, 11432",8250 Surrey Place,Jamaica,NY,11432,$480.00,1,NO
2023,Famous Fish N Chips LLC,"1163 Utica Avenue, Brooklyn, NY, 11203",1163 Utica Avenue,Brooklyn,NY,11203,$480.00,1,NO
2021,Posh Pop Bakeshop,"192 Bleeker St, New York, NY, 10012",192 Bleeker St,New York,NY,10012,$480.00,1,NO
2022,Rene Benitez,"104-14 53rd Avenue, Corona, NY, 11368",104-14 53rd Avenue,Corona,NY,11368,$480.00,2,NO
2023,Shefi Diamonds,"580 5th Avenue, New York, NY, 10001",580 5th Avenue,New York,NY,10001,$480.00,1,NO
2021,TJ Auto Spa Hand Car Wash and Detailing,"95 McKinley Avenue, Brooklyn, NY, 11208",95 McKinley Avenue,Brooklyn,NY,11208,$480.00,,NO
2020,White Glove,"89 Bartlet St, Brooklyn, NY, 11206",89 Bartlet St,Brooklyn,NY,11206,$480.00,1,NO
2023,Challenger II Check Cashing,"253-14 Rockaway Blvd, Rosedale, NY, 11422",253-14 Rockaway Blvd,Rosedale,NY,11422,$477.00,,NO
2023,Chipotle East Fordham 3977,"350 E Fordham Road, Bronx, NY, 10458",350 E Fordham Road,Bronx,NY,10458,$477.00,,NO
2022,Alpha and Omega Driving School,"3246 White Plains Road, Bronx, NY, 10467",3246 White Plains Road,Bronx,NY,10467,$476.00,1,NO
2022,Calexico,"278 5th Ave., Brooklyn, NY, 11215",278 5th Ave.,Brooklyn,NY,11215,$476.00,1,NO
2024,Brasserie Vietnam,"282 Bleecker Street, New York, NY, 10014",282 Bleecker Street,New York,NY,10014,$473.00,,NO
2020,Stephen Graham,"4 East 78th Street, New York, NY, 10075",4 East 78th Street,New York,NY,10075,$472.00,1,NO
2020,L'Occitane En Provence,"198 Columbus Ave, New York, NY, 10023",198 Columbus Ave,New York,NY,10023,$469.00,1,NO
2023,Mermaid Fish Market Corp,"1196 President St, Brooklyn, NY, 11225",1196 President St,Brooklyn,NY,11225,$468.00,,NO
2021,Platunum Home Health Care,"170 53rd Street, Brooklyn, NY, 11232",170 53rd Street,Brooklyn,NY,11232,$464.00,1,NO
2021,FJC Security Services,"3310 Queens Blvd, Long Island City, NY, 11101",3310 Queens Blvd,Long Island City,NY,11101,$457.00,1,NO
2021,Alibi Lounge,"2376 Adam Clayton Powell Jr. B, New York, NY, 10030",2376 Adam Clayton Powell Jr. B,New York,NY,10030,$456.00,1,NO
2023,Grace and Joyful Inc. T/A Carvel,"2045 Williamsbridge Rd., Bronx, NY, 10461",2045 Williamsbridge Rd.,Bronx,NY,10461,$456.00,,NO
2024,A & J Staffing Inc,"1989 Coney Island Avenue, Brooklyn, NY, 11223",1989 Coney Island Avenue,Brooklyn,NY,11223,$456.00,,NO
2023,149 Steam Fish,"500 E 149th Street, Bronx, NY, 10455",500 E 149th Street,Bronx,NY,10455,$450.00,1,NO
2021,Adkins Cleaning & Landscaping,"9119 Seaview Ave, Brooklyn, NY, 11236",9119 Seaview Ave,Brooklyn,NY,11236,$450.00,1,NO
2021,Broadway Personnel,"225 West 34th Street, New York, NY, 10122",225 West 34th Street,New York,NY,10122,$450.00,1,NO
2023,Burger King,"3712 Junction Blvd., Corona, NY, 11368",3712 Junction Blvd.,Corona,NY,11368,$450.00,,NO
2022,Christouljah Inc,"10726 155th Street, Jamaica, NY, 11433",10726 155th Street,Jamaica,NY,11433,$450.00,1,NO
2021,Cornelia Properties LLC,"PO Box 800021, Elmhurst, NY, 11380",PO Box 800021,Elmhurst,NY,11380,$450.00,1,NO
2022,Deniss Osadcijs,"62-55 99th STreet, Flushing, NY, 11374",62-55 99th STreet,Flushing,NY,11374,$450.00,1,NO
2022,Evan Roberts Company,"36 West 37th Street, New York, NY, 10018",36 West 37th Street,New York,NY,10018,$450.00,1,NO
2023,Golden Krust,"823 Franklin Ave, Brooklyn, NY, 11225",823 Franklin Ave,Brooklyn,NY,11225,$450.00,,NO
2022,Land of Barbers Hair Salon,"146 Franklin Street, Brooklyn, NY, 11222",146 Franklin Street,Brooklyn,NY,11222,$450.00,1,NO
2023,Silver Star,"3838 Nostrand Avenue, Brooklyn, NY, 11235",3838 Nostrand Avenue,Brooklyn,NY,11235,$450.00,1,NO
2021,So Sweet Convenience LLC,"1801 Avenue M, Brooklyn, NY, 11230",1801 Avenue M,Brooklyn,NY,11230,$450.00,1,NO
2022,The Simpson Restaurant and Bar,"673 Atlantic Avenue, Brooklyn, NY, 11217",673 Atlantic Avenue,Brooklyn,NY,11217,$450.00,1,NO
2021,Harry's Nurses Registry,"88-25 163rd St., Jamaica, NY, 11432",88-25 163rd St.,Jamaica,NY,11432,$448.00,1,NO
2022,Myers Holum Inc.,"666 5th Ave, New York, NY, 10103",666 5th Ave,New York,NY,10103,$444.00,1,NO
2021,Dr. Sandhya Nayak,"1775 Richmond Ave, Staten Island, NY, 10314",1775 Richmond Ave,Staten Island,NY,10314,$443.00,1,NO
2021,Great Green Cleaning Machine,"264 1st Street, Brooklyn, NY, 11215",264 1st Street,Brooklyn,NY,11215,$441.00,1,NO
2024,Restaurant Associates/HSBC,"Attn: Stephen Neligan, New York, NY, 10001",Attn: Stephen Neligan,New York,NY,10001,$440.00,,NO
2021,Seaside Condominium,"463 Bedford Avenue #1F, Brooklyn, NY, 11211",463 Bedford Avenue #1F,Brooklyn,NY,11211,$440.00,1,NO
2022,Active Staffing Services Inc.,"41W 33rd Street, New York, NY, 10001",41W 33rd Street,New York,NY,10001,$439.00,1,NO
2023,3487 Boston Beauty Supply Inc.,"3487 Boston Road, Bronx, NY, 10469",3487 Boston Road,Bronx,NY,10469,$435.00,1,NO
2023,Citywide Urgent Care,"2361 Nostrand Ave, Brooklyn, NY, 11210",2361 Nostrand Ave,Brooklyn,NY,11210,$435.00,,NO
2022,Event Aces,"845 3rd Avenue, New York, NY, 10022",845 3rd Avenue,New York,NY,10022,$435.00,1,NO
2023,Robert's Sports Inc,"82-17 Roosevelt Avenue, Queens, NY, 11372",82-17 Roosevelt Avenue,Queens,NY,11372,$435.00,4,NO
2020,Skal Cafe,"373 Lewis AVe, Brooklyn, NY, 11233",373 Lewis AVe,Brooklyn,NY,11233,$434.00,1,NO
2023,Chipotle Corona Queens - 3622,"37-47 Junction Blvd, Queens, NY, 11368",37-47 Junction Blvd,Queens,NY,11368,$433.00,33,NO
2023,Royal Care,"6233 14th Avenue, Brooklyn, NY, 11219",6233 14th Avenue,Brooklyn,NY,11219,$433.00,1,NO
2022,Sharp Rite Beauty Supply,"1682 East 13th Street, Brooklyn, NY, 11229",1682 East 13th Street,Brooklyn,NY,11229,$432.00,1,NO
2021,True Care,"117 Church Ave, Brooklyn, NY, 11218",117 Church Ave,Brooklyn,NY,11218,$432.00,1,NO
2020,TriState Plumbing,"33-70 Prince St, Flushing, NY, 11354",33-70 Prince St,Flushing,NY,11354,$431.00,1,NO
2023,Ian Cantor DDS,"4300 Hylan Blvd, Staten Island, NY, 10312",4300 Hylan Blvd,Staten Island,NY,10312,$429.00,1,NO
2020,Popeyes Louisiana Kitchen,"205/209 W 231st Street, Bronx, NY, 10463",205/209 W 231st Street,Bronx,NY,10463,$421.00,1,NO
2020,All Heart Homecare Agency Inc.,"1664 East 14th Street, Brooklyn, NY, 11229",1664 East 14th Street,Brooklyn,NY,11229,$420.00,2,NO
2020,Servco Industries,"1315 Blondell Avenue, Bronx, NY, 10461",1315 Blondell Avenue,Bronx,NY,10461,$420.00,1,NO
2022,The Hills Restaurant,"4706 Church Ave., Brooklyn, NY, 11203",4706 Church Ave.,Brooklyn,NY,11203,$420.00,1,NO
2022,Rose Associates,"777 Third Avenue, New York, NY, 10017",777 Third Avenue,New York,NY,10017,$416.00,1,NO
2020,Lawrence Nursing Care Center,"350 54th Street, Arverne, NY, 11692",350 54th Street,Arverne,NY,11692,$415.00,1,NO
2021,Dependable Care LLC,"1122 Coney Island Ave, New York, NY, 11230",1122 Coney Island Ave,New York,NY,11230,$414.00,2,NO
2022,A-Tech Building Services Inc.,"18 West 18th Street, New York, NY, 10011",18 West 18th Street,New York,NY,10011,$412.00,,NO
2020,Dashi Noodle House,"66-41 Fresh Pond Road, Ridgewood, NY, 11385",66-41 Fresh Pond Road,Ridgewood,NY,11385,$412.00,1,NO
2021,J & K Seafood Inc.,"800 Food Center Drive, Bronx, NY, 10474",800 Food Center Drive,Bronx,NY,10474,$410.00,1,NO
2020,Pamela Weldon,"161 Duane Street, New York, NY, 10013",161 Duane Street,New York,NY,10013,$410.00,1,NO
2023,Xing Fu Tang,"133 2nd Ave, New York, NY, 10003",133 2nd Ave,New York,NY,10003,$409.00,1,NO
2020,Bluebird Self Home Care,"919 Ocean Avenue, Brooklyn, NY, 11226",919 Ocean Avenue,Brooklyn,NY,11226,$408.00,1,NO
2023,Lifvy Inc,"390 Metropolitan Ave, Brooklyn, NY, 11211",390 Metropolitan Ave,Brooklyn,NY,11211,$408.00,,NO
2021,Ambush Alarm and Electronics,"2012 Ave T, Brooklyn, NY, 11229",2012 Ave T,Brooklyn,NY,11229,$400.00,1,NO
2022,Apex Systems,"300 Park Avenue South, New York, NY, 10010",300 Park Avenue South,New York,NY,10010,$400.00,1,NO
2023,BGS Painting & Cleaning Corp,"8818 88th St, Woodhaven, NY, 11421",8818 88th St,Woodhaven,NY,11421,$400.00,,YES
2023,Caring Professionals INC,"1417 Sheepshead Bay Road, Brooklyn, NY, 11235",1417 Sheepshead Bay Road,Brooklyn,NY,11235,$400.00,,NO
2022,HC Creative Solutions,"40 Wall Street, New York, NY, 10005",40 Wall Street,New York,NY,10005,$400.00,1,NO
2021,Kenneth Cole Productions,"603 West 50th Street, New York, NY, 10019",603 West 50th Street,New York,NY,10019,$400.00,1,NO
2020,Riverdale Family Dental,"3534 Riverdale Avenue, Bronx, NY, 10463",3534 Riverdale Avenue,Bronx,NY,10463,$400.00,1,NO
2024,FMZ,"2152 B Westchester Ave., Bronx, NY, 10461",2152 B Westchester Ave.,Bronx,NY,10461,$400.00,,NO
2024,Smoke Shop,"4270 Katonah Avenue, Bronx, NY, 10470",4270 Katonah Avenue,Bronx,NY,10470,$400.00,,NO
2020,Zhao Boss,"5131 Bell Blvd., Bayside, NY, 11364",5131 Bell Blvd.,Bayside,NY,11364,$400.00,1,NO
2021,Camp Maritime,"311 Sea Breeze Avenue, Brooklyn, NY, 11224",311 Sea Breeze Avenue,Brooklyn,NY,11224,$398.00,1,NO
2022,Lilly's Craft and Kitchen,"675 9th Ave, New York, NY, 10036",675 9th Ave,New York,NY,10036,$397.00,1,NO
2020,RTR Recovery LLC,"122 East 42nd Street, New York, NY, 10168",122 East 42nd Street,New York,NY,10168,$396.00,1,NO
2022,Market Value Inc,"43 West 46th Street, New York, NY, 10036",43 West 46th Street,New York,NY,10036,$395.00,1,NO
2024,International Construction,"178 Walworth St, Brooklyn, NY, 11705",178 Walworth St,Brooklyn,NY,11705,$395.00,,NO
2023,Arrow Fine Art Services LLC,"505 Morgan Ave, Brooklyn, NY, 11222",505 Morgan Ave,Brooklyn,NY,11222,$392.00,,NO
2024,Fieldston Lodge Care Center,"666 Kappock St, Bronx, NY, 10463",666 Kappock St,Bronx,NY,10463,$392.00,,NO
2021,Starrett Early Learning Center,"125 Schroeders Avenue, Brooklyn, NY, 11239",125 Schroeders Avenue,Brooklyn,NY,11239,$391.00,1,NO
2020,Solomon Page,"260 Madision Avenue, New York, NY, 10016",260 Madision Avenue,New York,NY,10016,$390.00,2,NO
2023,Chipotle Hamilton Hts - 3562,"3781 Broadway, New York, NY, 10032",3781 Broadway,New York,NY,10032,$389.00,32,NO
2020,Garden of Eden Nursing Home,"1608 Stillwell Avenue, Brooklyn, NY, 11223",1608 Stillwell Avenue,Brooklyn,NY,11223,$384.00,1,NO
2024,Best Western Jamaica Inn,"8707 Van Wyck Expy., Jamaica, NY, 11435",8707 Van Wyck Expy.,Jamaica,NY,11435,$384.00,,NO
2023,St Johns Episcopal Hospital,"327 Beach 19th Street, Far Rockaway, NY, 11691",327 Beach 19th Street,Far Rockaway,NY,11691,$384.00,1,NO
2021,Subway Sandwich Shop,"329 Sand Lane, Staten Island, NY, 10305",329 Sand Lane,Staten Island,NY,10305,$381.00,1,NO
2020,Kahlo Modern Mexican Cuisine,"525 W 29th Street, New York, NY, 10001",525 W 29th Street,New York,NY,10001,$380.00,1,NO
2023,Chipotle Southern Blvd 4065,"1030 Southern Blvd, Bronx, NY, 10459",1030 Southern Blvd,Bronx,NY,10459,$379.00,15,NO
2022,Family Dollar,"2301 Jerome Ave, Bronx, NY, 10468",2301 Jerome Ave,Bronx,NY,10468,$379.00,1,NO
2023,Bella Laser,"680 Manhattan Avenue, Brooklyn, NY, 11222",680 Manhattan Avenue,Brooklyn,NY,11222,$377.00,,NO
2020,J D Iron Works Inc,"55 Commers Street, Brooklyn, NY, 11231",55 Commers Street,Brooklyn,NY,11231,$375.00,1,NO
2021,McDonalds,"1528 Broadway, New York, NY, 10036",1528 Broadway,New York,NY,10036,$375.00,1,NO
2022,Rebekah Certified Home Health Agency,"1072 Havemeyer Ave, Bronx, NY, 10462",1072 Havemeyer Ave,Bronx,NY,10462,$372.00,1,NO
2022,Ambient Group Inc,"470 7th Avenue, New York, NY, 10018",470 7th Avenue,New York,NY,10018,$368.00,1,NO
2020,Sagaray Corp,"389 E. Fordham Rd, Bronx, NY, 10458",389 E. Fordham Rd,Bronx,NY,10458,$367.00,1,NO
2024,Thrifty Deli Supermarket,"3149 Broadway, New York, NY, 10027",3149 Broadway,New York,NY,10027,$366.00,,NO
2022,Arete Educational Consulting,"315 West 87th Street, New York, NY, 10024",315 West 87th Street,New York,NY,10024,$365.00,1,NO
2022,North Shore Strategies,"3537 36th Street, Astoria, NY, 11106",3537 36th Street,Astoria,NY,11106,$365.00,1,NO
2024,The Floating Hospital,"21-01 41st Ave, Long Island City, NY, 11101",21-01 41st Ave,Long Island City,NY,11101,$364.00,,NO
2022,Coffee Uplifts People CUP,"329 Gates Avenue, Brooklyn, NY, 11216",329 Gates Avenue,Brooklyn,NY,11216,$363.00,1,NO
2022,SXB Restaurant Corp. T/A Il Tinello Ristorante Italian..,"16 West 56th Street, New York, NY, 10019",16 West 56th Street,New York,NY,10019,$363.00,,NO
2020,Alexs Meat Distributors,"5600 1st Avenue, Brooklyn, NY, 11220",5600 1st Avenue,Brooklyn,NY,11220,$360.00,1,NO
2022,Architectural Bldg Products Inc,"166 Industrial Loop, Staten Island, NY, 10309",166 Industrial Loop,Staten Island,NY,10309,$360.00,1,NO
2021,Brayan Sumba,"44-15 66th Street, Woodside, NY, 11377",44-15 66th Street,Woodside,NY,11377,$360.00,1,NO
2023,Compass Group USA Inc,"1 World Trade Cente, New York, NY, 10007",1 World Trade Cente,New York,NY,10007,$360.00,,NO
2022,Direct Training Associates DTA: AA Driver Training C..,"420 42nd Street, Brooklyn, NY, 11232",420 42nd Street,Brooklyn,NY,11232,$360.00,1,NO
2021,Fuse HVAC & Appliance Repair Inc.,"26 Broadway, New York, NY, 10004",26 Broadway,New York,NY,10004,$360.00,1,NO
2022,Greater NY Nursing Services,"6424 18th Avenue, Brooklyn, NY, 11204",6424 18th Avenue,Brooklyn,NY,11204,$360.00,1,NO
2021,Tidal Tea,"1520 Amsterdam Avenue, New York, NY, 10031",1520 Amsterdam Avenue,New York,NY,10031,$359.00,1,NO
2023,Chillhouse LLC,"75 Varick Street, New York, NY, 10013",75 Varick Street,New York,NY,10013,$358.00,,NO
2020,Akin Bay Company LLC,"780 Third Ave #3202, New York, NY, 10017",780 Third Ave #3202,New York,NY,10017,$357.00,1,NO
2020,Higher Power Solutions LLC,"192-15 C 67th Avenue C, Fresh Meadows, NY, 11365",192-15 C 67th Avenue C,Fresh Meadows,NY,11365,$356.00,1,NO
2021,The Hudson,"348 Dyckman Street, New York, NY, 10034",348 Dyckman Street,New York,NY,10034,$354.00,1,NO
2023,Golden Age Home Care,"71-24 35th Avenue, Queens, NY, 11372",71-24 35th Avenue,Queens,NY,11372,$352.00,1,NO
2023,Pioneer,"751 Zevere Avenue, Bronx, NY, 11474",751 Zevere Avenue,Bronx,NY,11474,$352.00,1,NO
2023,Pioneer,"751 Zevere Avenue, Bronx, NY, 11474",751 Zevere Avenue,Bronx,NY,11474,$352.00,1,NO
2024,Kate Rhee State Farm Agency,"315 5th Avenue, New York, NY, 10016",315 5th Avenue,New York,NY,10016,$352.00,,NO
2021,Campaniello Real Estate,"225 E 57th St, New York, NY, 10022",225 E 57th St,New York,NY,10022,$350.00,1,NO
2021,Dream Laundromat,"1004 St Nicholas Ave, New York, NY, 10032",1004 St Nicholas Ave,New York,NY,10032,$350.00,1,NO
2023,Modern Vet Care,"21-27 21st Ave, Astoria, NY, 11105",21-27 21st Ave,Astoria,NY,11105,$350.00,1,NO
2023,P&P United Contracting Inc,"357 Prospect Avenue, Brooklyn, NY, 11210",357 Prospect Avenue,Brooklyn,NY,11210,$350.00,,NO
2022,Pride Health,"420 Lexington Avenue, New York, NY, 10170",420 Lexington Avenue,New York,NY,10170,$350.00,1,NO
2022,White Glove Placement Inc,"89 Bartlett Street, Brooklyn, NY, 11206",89 Bartlett Street,Brooklyn,NY,11206,$349.00,2,NO
2024,Franco Bakery,"527 E. 138th Street, Bronx, NY, 10454",527 E. 138th Street,Bronx,NY,10454,$346.00,,NO
2022,Lucky 33 Sample Room,"254 West 35 St, New York, NY, 10018",254 West 35 St,New York,NY,10018,$345.00,1,NO
2024,CVS Store No 6062,"200 West End Ave, New York, NY, 10023",200 West End Ave,New York,NY,10023,$344.00,,NO
2024,CVS Store No 2036,"1622 3rd Ave, New York, NY, 10128",1622 3rd Ave,New York,NY,10128,$342.00,,NO
2023,Aramark,"40-36 Honeywell St, Queens, NY, 11101",40-36 Honeywell St,Queens,NY,11101,$341.00,,NO
2023,110 Mac LLC,"110 Macdougal St, New York, NY, 10012",110 Macdougal St,New York,NY,10012,$340.00,1,NO
2020,La Delice,"372 3rd Avenue, New York, NY, 10016",372 3rd Avenue,New York,NY,10016,$340.00,1,NO
2021,Nami Beauty Inc,"69-06 Grand Ave, Queens, NY, 11378",69-06 Grand Ave,Queens,NY,11378,$340.00,1,NO
2021,Ambulnz / Atrium,"35 West 35th Street, New York, NY, 10001",35 West 35th Street,New York,NY,10001,$338.00,1,NO
2020,South East World Wide Ltd,"160-51 Rockaway Blvd, Jamaica, NY, 11434",160-51 Rockaway Blvd,Jamaica,NY,11434,$338.00,1,NO
2021,Vertex Global Solutions,"369 Lexington Avenue, New York, NY, 10017 Lexington Avenue 14B, New York, NY, 10017",369 Lexington Avenue,New York,NY,10017,$338.00,,NO
2022,Jacob Nursing Healthcare Employment Services,"2505 Tilden Ave, Brooklyn, NY, 11226",2505 Tilden Ave,Brooklyn,NY,11226,$336.00,1,NO
2020,Beau Dietl and Associates,"1 Pennsylvania Avenue, New York, NY, 10119",1 Pennsylvania Avenue,New York,NY,10119,$334.00,1,NO
2024,Between The Bun II Deli Cafe,"774 Broadway, Brooklyn, NY, 11206",774 Broadway,Brooklyn,NY,11206,$334.00,,NO
2020,Cabo Mexican Grill and Bar,"27-11 Union Turnpike, New Hyde Park, NY, 11040",27-11 Union Turnpike,New Hyde Park,NY,11040,$330.00,1,NO
2020,Carl Spivack & Lorraine Spivack,"511 E 20th Street, New York, NY, 10010",511 E 20th Street,New York,NY,10010,$330.00,2,NO
2021,Gabriel Shimunov Hair Salon,"57 West 57th Street, New York, NY, 10019",57 West 57th Street,New York,NY,10019,$330.00,1,NO
2021,Priority One Ambulance,"19 Granite Avenue, Staten Island, NY, 10303",19 Granite Avenue,Staten Island,NY,10303,$330.00,1,NO
2023,Chipotle Greenwich Village - 1631,"405 6th Avenue, New york, NY, 10014",405 6th Avenue,New york,NY,10014,$329.00,31,NO
2022,Nebraskaland Inc,"355 Food Center Drive, Bronx, NY, 10474",355 Food Center Drive,Bronx,NY,10474,$328.00,2,NO
2022,New York Presbyterian Hospital,"622 W. 168th Street, New York, NY, 10029",622 W. 168th Street,New York,NY,10029,$325.00,,NO
2023,Urban Strategies Inc,"294 Sumpter Street, Brooklyn, NY, 11233",294 Sumpter Street,Brooklyn,NY,11233,$322.00,,NO
2021,Analaigh Hair Beauty Wellness,"4604 Skillman Ave, Long Island City, NY, 11104",4604 Skillman Ave,Long Island City,NY,11104,$321.00,1,NO
2022,All Team Staffing,"109 West 38th Street, New York, NY, 10018",109 West 38th Street,New York,NY,10018,$320.00,1,NO
2021,Sensorium AVR Inc,"263 9th Ave #1E, New York, NY, 10001",263 9th Ave #1E,New York,NY,10001,$320.00,1,NO
2022,White Glove Community Care,"89 Bartlett Street, Brooklyn, NY, 11206",89 Bartlett Street,Brooklyn,NY,11206,$320.00,2,NO
2020,44th St. NYC Inc.,"225 East 44th Street, New York, NY, 10017",225 East 44th Street,New York,NY,10017,$315.00,1,NO
2023,Blue Willow,"40 W. 56th St, New York, NY, 10015",40 W. 56th St,New York,NY,10015,$315.00,,NO
2021,Brooklyn United Methodist Church Home Nursing Ho..,"1485 Dalmont Ave., Brooklyn, NY, 11208",1485 Dalmont Ave.,Brooklyn,NY,11208,$315.00,1,NO
2022,NY Loves Yoga,"140 West 83rd Street, New York, NY, 10024",140 West 83rd Street,New York,NY,10024,$315.00,1,NO
2024,Brilliant Translation Inc,"142-04 Bayside Ave, Flushing, NY, 11354",142-04 Bayside Ave,Flushing,NY,11354,$315.00,,NO
2022,Sunbelievable Tanning Salon,"4255 Amboy Road, Staten Island, NY, 10308",4255 Amboy Road,Staten Island,NY,10308,$315.00,,NO
2023,Sanford L Smith and Associates,"447 West 24th Street, New York, NY, 10011",447 West 24th Street,New York,NY,10011,$314.00,1,NO
2023,Cardiology Diagnostics Associates,"115 Central Park West, New York, NY, 10023",115 Central Park West,New York,NY,10023,$310.00,,NO
2023,Chipotle 2902 Third Avenue 3957,"2902 Third Ave, Bronx, NY, 10455",2902 Third Ave,Bronx,NY,10455,$309.00,20,NO
2023,God Is Daycare Center,"442 Shepherd Avenue, Brooklyn, NY, 11208",442 Shepherd Avenue,Brooklyn,NY,11208,$309.00,,NO
2020,New Phase Electrical Contractors,"725 E. 136th Street, Bronx, NY, 10454",725 E. 136th Street,Bronx,NY,10454,$308.00,1,NO
2021,NGC Cleaning Services Corp.,"852 Wyckoff Ave, Brooklyn, NY, 11237",852 Wyckoff Ave,Brooklyn,NY,11237,$308.00,2,NO
2021,Soho Properties,"31 West 27th Street, New York, NY, 10001",31 West 27th Street,New York,NY,10001,$308.00,1,NO
2021,Gotham Cleaners,"420 Timpson Place, Bronx, NY, 10455",420 Timpson Place,Bronx,NY,10455,$307.00,1,NO
2022,Able Best Pest Control Inc,"1274 49th St PMB, Brooklyn, NY, 11219",1274 49th St PMB,Brooklyn,NY,11219,$306.00,1,NO
2023,Hungry Ghost Coffee,"165 Church St, New York, NY, 10007",165 Church St,New York,NY,10007,$306.00,,NO
2022,Chelli and Bush,"149 New Drop Lane, Staten Island, NY, 10306",149 New Drop Lane,Staten Island,NY,10306,$304.00,,NO
2021,Metrokids Cradle Inc,"112-33 Queens Blvd, Forest Hills, NY, 11375",112-33 Queens Blvd,Forest Hills,NY,11375,$304.00,1,NO
2022,Uniqulee,"36 Mott Street, New York, NY, 10013",36 Mott Street,New York,NY,10013,$304.00,1,NO
2020,Fitrition,"30-09 Steinway St, Astoria, NY, 11103",30-09 Steinway St,Astoria,NY,11103,$302.00,1,NO
2021,Flow Juice Bar,"911 Broadway, Brooklyn, NY, 11206",911 Broadway,Brooklyn,NY,11206,$302.00,1,NO
2024,Women In Need,"One State Street Plaza, New York, NY, 10004",One State Street Plaza,New York,NY,10004,$301.00,,NO
2023,A & J Staffing Inc,"1989 Coney Island Avenue, Brooklyn, NY, 11223",1989 Coney Island Avenue,Brooklyn,NY,11223,$300.00,1,NO
2020,Bar Bruno,"520 Henry St, Brooklyn, NY, 11231",520 Henry St,Brooklyn,NY,11231,$300.00,1,NO
2022,Big Apple Management,"347 5th Avenue, New York, NY, 10016",347 5th Avenue,New York,NY,10016,$300.00,1,NO
2023,Bronx Shephard Restoration Corp,"445 E. 171st St, Bronx, NY, 10457",445 E. 171st St,Bronx,NY,10457,$300.00,,NO
2021,Brooklyn Community Services,"105 Carlton Avenue, Brooklyn, NY, 11205",105 Carlton Avenue,Brooklyn,NY,11205,$300.00,1,NO
2021,Entertainment Partners / Central Casting,"5 Pennsylvania Plaza, New York, NY, 10001",5 Pennsylvania Plaza,New York,NY,10001,$300.00,1,NO
2021,Fresh Local,"1301 Oak Point Ave, Bronx, NY, 10434",1301 Oak Point Ave,Bronx,NY,10434,$300.00,1,NO
2022,Home Care Its Best Inc,"22121 Jamaica Ave, Queens Village, NY, 11428",22121 Jamaica Ave,Queens Village,NY,11428,$300.00,1,NO
2020,Katosy Construction Corp,"17-49 Starr Street, Glendale, NY, 11385",17-49 Starr Street,Glendale,NY,11385,$300.00,1,NO
2023,Little Bright Minds Daycare LLC,"2325 Williamsbridge Road, Bronx, NY, 10459",2325 Williamsbridge Road,Bronx,NY,10459,$300.00,1,NO
2021,McDonalds,"4210 Coney Island Ave, Brooklyn, NY, 11223",4210 Coney Island Ave,Brooklyn,NY,11223,$300.00,1,NO
2023,Miss Bubble Laundromat,"210 West 16th Street, New York, NY, 10011",210 West 16th Street,New York,NY,10011,$300.00,,YES
2021,National Sorority Phi Delta Kappa Beta Omicron Cha..,"117-08 Merrick Blvd, Jamaica, NY, 11429",117-08 Merrick Blvd,Jamaica,NY,11429,$300.00,1,NO
2022,New York Health Care Inc,"East 149th Street, Bronx, NY, 10455",East 149th Street,Bronx,NY,10455,$300.00,,NO
2023,Poshlatino LLC,"755 E. 134th St., Bronx, NY, 10454",755 E. 134th St.,Bronx,NY,10454,$300.00,1,NO
2023,YMVS Security Services,"4060 Elberson Street, Elmhurst, NY, 11373",4060 Elberson Street,Elmhurst,NY,11373,$300.00,1,NO
2022,N and J Home Care Inc,"6909 164th Street, Fresh Meadow, NY, 11365",6909 164th Street,Fresh Meadows,NY,11365,$299.00,1,NO
2022,Blocks & Bricks Inc,"4301 22nd St, Long Island City, NY, 11101",4301 22nd St,Long Island City,NY,11101,$298.00,,NO
2024,16 Handles,"139 N. 7th Street, Brooklyn, NY, 11249",139 N. 7th Street,Brooklyn,NY,11249,$296.00,,NO
2023,Rita's Italian Ice,"1317 E. 17th Street, Brooklyn, NY, 11230",1317 E. 17th Street,Brooklyn,NY,11230,$295.00,2,NO
2023,Future Care Health Services,"1834 Coney Island Ave, Brooklyn, NY, 11230",1834 Coney Island Ave,Brooklyn,NY,11230,$294.00,1,NO
2021,Triple 555 LLC,"36 W 37th Street, New York, NY, 10018",36 W 37th Street,New York,NY,10018,$293.00,1,NO
2023,Whatever Forever,"177 Orchard Street, New York, NY, 10002",177 Orchard Street,New York,NY,10002,$293.00,1,NO
2023,M.A.M. Mechanical LLC,"9513 Astoria Blvd, Queens, NY, 11369 Lexington Avenue, New York, NY, 10017",9513 Astoria Blvd,Queens,NY,11369,$290.00,,NO
2023,Flowright Plumbing and Heating,"94 Davidson Street, Staten Island, NY, 10303",94 Davidson Street,Staten Island,NY,10303,$288.00,1,NO
2021,NY Midtown OB GYN,"800 2nd Avenue, New York, NY, 10017",800 2nd Avenue,New York,NY,10017,$288.00,1,NO
2022,Esteem Security,"145 W. 28th Street, New York, NY, 10001",145 W. 28th Street,New York,NY,10001,$286.00,1,NO
2023,The Astor Restaurant,"36-16 Ditmars Blvd., Astoria, NY, 11105",36-16 Ditmars Blvd.,Astoria,NY,11105,$286.00,,NO
2021,New U Physical Therapy,"1835 Richmond Rd, Staten Island, NY, 10306",1835 Richmond Rd,Staten Island,NY,10306,$285.00,1,NO
2023,Sameh Aknouh,"1473 West Ave, Bronx, NY, 10462",1473 West Ave,Bronx,NY,10462,$284.00,,NO
2023,Lupita Grocery Corp,"2915 21st Ave, Astoria, NY, 11105",2915 21st Ave,Astoria,NY,11105,$283.00,,NO
2021,Boulevard Home Care Associates,"71-61 159th Street, Fresh Meadows, NY, 11365",71-61 159th Street,Fresh Meadows,NY,11365,$280.00,1,NO
2023,Chipotle,"22-06 31st Street, Astoria, NY, 11105",22-06 31st Street,Astoria,NY,11105,$280.00,31,NO
2023,Half Cake,"61-10 182nd Street, Fresh Meadow, NY, 11365",61-10 182nd Street,Fresh Meadows,NY,11365,$280.00,1,NO
2023,Rainbow 2 Laundry,"1735 Pitkin Ave, Brooklyn, NY, 11212",1735 Pitkin Ave,Brooklyn,NY,11212,$280.00,1,NO
2020,Stay Fresh Grill & Deli,"889 Broadway, Brooklyn, NY, 11206",889 Broadway,Brooklyn,NY,11206,$280.00,1,NO
2023,ASAK Solutions,"JFK International Airport, Queens, NY, 11430",JFK International Airport,Queens,NY,11430,$278.00,1,NO
2023,Wingstop- The Wing Experts,"80 Carmine St, New York, NY, 10014",80 Carmine St,New York,NY,10014,$276.00,,NO
2023,Ateret Avot,"1410 East 10th Street, Brooklyn, NY, 11230",1410 East 10th Street,Brooklyn,NY,11230,$275.00,1,NO
2023,Montebello Ristorante Italiano / The Estate of Joseph..,"120 E. 56th Street, New York, NY, 10022",120 E. 56th Street,New York,NY,10022,$275.00,,NO
2023,Wall Street Dental Spa,"30 Wall Street, New York, NY, 10005",30 Wall Street,New York,NY,10005,$275.00,1,NO
2024,KPOT Korean BBQ and Hot Pot,"1217 Surf Ave, Brooklyn, NY, 11224",1217 Surf Ave,Brooklyn,NY,11224,$273.00,,NO
2022,KM Camera,"54 Orchard St, New York, NY, 10002",54 Orchard St,New York,NY,10002,$272.00,1,NO
2021,Hemant Patel MD PC,"1001 Grand Concourse, Bronx, NY, 10452",1001 Grand Concourse,Bronx,NY,10452,$270.00,1,NO
2022,Imperium Group of New York Inc,"25 Driggs Avenue, Brooklyn, NY, 11222",25 Driggs Avenue,Brooklyn,NY,11222,$270.00,1,NO
2022,Kosher Creperie Company Inc.,"800 East 91st Street, Brooklyn, NY, 11236",800 East 91st Street,Brooklyn,NY,11236,$270.00,2,NO
2020,Miriam Mades - Alterknit,"10 Halletts Point, Astoria, NY, 11102",10 Halletts Point,Astoria,NY,11102,$270.00,1,NO
2020,North South Masonry Inc,"69-08 Woodside Ave., Woodside, NY, 11377",69-08 Woodside Ave.,Woodside,NY,11377,$270.00,1,NO
2024,EKO Restaurant,"11010 Flatlands Ave, Brooklyn, NY, 11207",11010 Flatlands Ave,Brooklyn,NY,11207,$270.00,,NO
2024,Joseph 420 Exotics Corp,"245 Bricktown Way, Staten Island, NY, 10309",245 Bricktown Way,Staten Island,NY,10309,$269.00,,NO
2023,Parrot Coffee Inc,"3112 Ditmars Boulevard, Astoria, NY, 11105",3112 Ditmars Boulevard,Astoria,NY,11105,$267.00,,NO
2023,Proguard Protection Inc,"540 East 180th St, Bronx, NY, 10457",540 East 180th St,Bronx,NY,10457,$267.00,,NO
2022,Castle Rock Home Care Agency,"2011 Westchester Avenue, Bronx, NY, 10462",2011 Westchester Avenue,Bronx,NY,10462,$266.00,1,NO
2022,Fresh Kills Productions LLC,"261 Hudson Street, New York, NY, 10013",261 Hudson Street,New York,NY,10013,$266.00,1,NO
2020,Pella Care LLC,"1418 65th Street, Brooklyn, NY, 11219",1418 65th Street,Brooklyn,NY,11219,$266.00,1,NO
2020,Hair Philosophy,"192 Elizabeth Street, New York, NY, 10012",192 Elizabeth Street,New York,NY,10012,$265.00,1,NO
2021,Todos Mis Hijos Inc,"104-18 42nd Ave, Corona, NY, 11368",104-18 42nd Ave,Corona,NY,11368,$264.00,1,NO
2023,A & H Security LLC,"611 Jackson Ave, Bronx, NY, 10455",611 Jackson Ave,Bronx,NY,10455,$263.00,,NO
2021,Best at Pest Exterminating,"47 Coney Island Avenue, Brooklyn, NY, 11218",47 Coney Island Avenue,Brooklyn,NY,11218,$261.00,1,NO
2022,"Haitian Americans United For Progress, Inc.","197-17 Hillside Ave., Hollis, NY, 11423",197-17 Hillside Ave.,Hollis,NY,11423,$261.00,1,NO
2022,Barbara Mc Namara Casting,"307 W 126TH St, New York, NY, 10027",307 W 126TH St,New York,NY,10027,$260.00,1,NO
2021,Central Casting,"5 Penn Plaza 10th Floor, New York, NY, 10001",5 Penn Plaza 10th Floor,New York,NY,10001,$259.00,1,NO
2021,Preventel Health LLC,"1309 Avenue P, Brooklyn, NY, 11229",1309 Avenue P,Brooklyn,NY,11229,$258.00,1,NO
2024,CVS Store No 6047,"640 Arthur Kill Road, Staten Island, NY, 10308",640 Arthur Kill Road,Staten Island,NY,10308,$258.00,,NO
2021,Kentucky Fried Chicken,"1959 Bruckner Blvd, Bronx, NY, 10459",1959 Bruckner Blvd,Bronx,NY,10459,$257.00,1,NO
2022,Watermark,"350 Dewitt Avenue, Brooklyn, NY, 11207",350 Dewitt Avenue,Brooklyn,NY,11207,$256.00,1,NO
2023,"CEC Entertainment, LLC","133-35 79th Street, Howard Beach, NY, 11414",133-35 79th Street,Howard Beach,NY,11414,$255.00,5,NO
2023,Actors Federal Credit Union,"165 West 46th Street, New York, NY, 10036",165 West 46th Street,New York,NY,10036,$254.00,1,NO
2020,Blossom Home Care,"2673 21st Street, Astoria, NY, 11102",2673 21st Street,Astoria,NY,11102,$253.00,1,NO
2023,Gaytari Devi MD,"65 E 76th St, New York, NY, 10021",65 E 76th St,New York,NY,10021,$253.00,1,NO
2021,Roman Candle Casting,"200 E 10th Street, New York, NY, 10003",200 E 10th Street,New York,NY,10003,$253.00,1,NO
2020,Caring Professional Home Care,"1400 Avenue Z, Brooklyn, NY, 11235",1400 Avenue Z,Brooklyn,NY,11235,$252.00,1,NO
2020,Continental Home Care,"116-55 Queens Blvd, Forest Hills, NY, 11375",116-55 Queens Blvd,Forest Hills,NY,11375,$252.00,1,NO
2021,LaRina Pastificio & Vino,"387 Myrtle Ave, Brooklyn, NY, 11205",387 Myrtle Ave,Brooklyn,NY,11205,$252.00,1,NO
2024,Anchor Health Home Care Services Inc,"46 Cook St, Brooklyn, NY, 11206",46 Cook St,Brooklyn,NY,11206,$252.00,,NO
2022,Worldstrides- Dusk at Dawn Chaperones,"333 Adams Street, Brooklyn, NY, 11201",333 Adams Street,Brooklyn,NY,11201,$252.00,1,NO
2021,NYC Drywall Finish LLC,"37-11 99th Street, Corona, NY, 11369 Lexington Avenue, New York, NY, 10017",37-11 99th Street,Corona,NY,11369,$251.00,2,NO
2023,Florira Y Decoraciones Venus,"1722 86th St, Brooklyn, NY, 11214",1722 86th St,Brooklyn,NY,11214,$250.00,1,NO
2023,Renwick Hospitality Group,"2 Renwick St, New York, NY, 10013",2 Renwick St,New York,NY,10013,$250.00,,NO
2021,Manhattan Dental Arts,"1995 Broadway, New York, NY, 10023",1995 Broadway,New York,NY,10023,$248.00,1,NO
2020,Midtown Dental Care,"155 East 55th Street, New York, NY, 10022",155 East 55th Street,New York,NY,10022,$248.00,1,NO
2023,Ascendo Resources LLC,"485 Madison Ave, New York, NY, 10022",485 Madison Ave,New York,NY,10022,$245.00,,NO
2020,Stat Portable XRay,"211-18 Union Turnpike, Oakland Gardens, NY, 11364",211-18 Union Turnpike,Oakland Gardens,NY,11364,$245.00,1,NO
2020,Thor Capital Group,"1412 Avenue J, Brooklyn, NY, 11230",1412 Avenue J,Brooklyn,NY,11230,$245.00,1,NO
2022,On Guard Management,"149 West 36th Street, New York, NY, 10018",149 West 36th Street,New York,NY,10018,$244.00,1,NO
2023,Edible Island Beach Bites,"97-01 Shore Front Pkwy., Rockaway Park, NY, 11694",97-01 Shore Front Pkwy.,Rockaway Park,NY,11694,$240.00,5,NO
2023,Events Aces,"845 3rd Ave, New York, NY, 10022",845 3rd Ave,New York,NY,10022,$240.00,,NO
2021,Hyundai City of Bay Ridge,"9013 4th Avenue, Brooklyn, NY, 11209",9013 4th Avenue,Brooklyn,NY,11209,$240.00,1,NO
2023,Kiddie Academy of Staten Island,"1110 South Avenue, Staten Island, NY, 10314",1110 South Avenue,Staten Island,NY,10314,$240.00,1,NO
2023,Mets Aramark,"41 Seaver Way, Corona, NY, 11368",41 Seaver Way,Corona,NY,11368,$240.00,1,NO
2021,Promed - AMSC,"16 West 36th Street, New York, NY, 10018",16 West 36th Street,New York,NY,10018,$240.00,1,NO
2022,Raad Iskander,"2474 Flatbush Ave, Brooklyn, NY, 11234",2474 Flatbush Ave,Brooklyn,NY,11234,$240.00,1,NO
2021,REACH Swim Academy LLC,"675 6th Avenue, Brooklyn, NY, 11215",675 6th Avenue,Brooklyn,NY,11215,$240.00,1,NO
2022,Respire Medical,"63 Flushing Ave Bldg 303, Brooklyn, NY, 11205",63 Flushing Ave Bldg 303,Brooklyn,NY,11205,$240.00,1,NO
2023,Restaurant II Tinello,"16 West 56th Street, New York, NY, 10019",16 West 56th Street,New York,NY,10019,$240.00,1,NO
2023,Select Garages,"40 E. 9th Street, New York, NY, 10003",40 E. 9th Street,New York,NY,10003,$240.00,,NO
2022,Special Touch Home Care Services INC.,"2091 Coney Island Ave, Brooklyn, NY, 11223",2091 Coney Island Ave,Brooklyn,NY,11223,$240.00,1,NO
2022,Cynthia's Cleaning,"420 East 82nd St, New York, NY, 10028",420 East 82nd St,New York,NY,10028,$238.00,1,NO
2022,La Gata Golosa,"89-01 37th Ave, Jackson Heights, NY, 11372",89-01 37th Ave,Jackson Heights,NY,11372,$238.00,1,NO
2023,Universal Advanced Operations,"225 West 34th Street, New York, NY, 10122",225 West 34th Street,New York,NY,10122,$238.00,1,NO
2021,Big Apple Home Care Agency,"615 Brighton Beach, Brooklyn, NY, 11235",615 Brighton Beach,Brooklyn,NY,11235,$235.00,1,NO
2022,Global Service,"1360 Jermone Avenue, Bronx, NY, 10452",1360 Jermone Avenue,Bronx,NY,10452,$233.00,1,NO
2022,"Paintbucket, LLC.","204 Wythe Avenue, Brooklyn, NY, 11249",204 Wythe Avenue,Brooklyn,NY,11249,$233.00,1,NO
2022,Salvation Army NY N01 Corp,"536 West 46th Street, New York, NY, 10036",536 West 46th Street,New York,NY,10036,$233.00,1,NO
2023,Impellet Inc,"136 Jefferson St, Brooklyn, NY, 11206",136 Jefferson St,Brooklyn,NY,11206,$232.00,,NO
2022,Anchor Health Homecare Services Inc,"958 Nostrand Ave, Brooklyn, NY, 11225",958 Nostrand Ave,Brooklyn,NY,11225,$231.00,3,NO
2024,Medrite Urgent Care,"919 2nd Avenue, New York, NY, 10017",919 2nd Avenue,New York,NY,10017,$231.00,,NO
2022,Marco Polo dba,"345 Court Street, Brooklyn, NY, 11231",345 Court Street,Brooklyn,NY,11231,$230.00,1,NO
2020,Nicotra Hotel LLC,"1110 South Avenue, Staten Island, NY, 10314",1110 South Avenue,Staten Island,NY,10314,$230.00,,NO
2022,Treat House,"3258 62nd Street, Woodside, NY, 11377",3258 62nd Street,Woodside,NY,11377,$230.00,1,NO
2023,Chipotle West 138th Street 4200,"3410 Broadway, New York, NY, 10031",3410 Broadway,New York,NY,10031,$229.00,13,NO
2020,Deity Li Inc,"368 Atlantic Ave, Brooklyn, NY, 11217",368 Atlantic Ave,Brooklyn,NY,11217,$229.00,1,NO
2020,Leff Prescription,"70 E 161st Street, Bronx, NY, 10451",70 E 161st Street,Bronx,NY,10451,$228.00,1,NO
2024,Lumina HR,"139 Fulton Street, New York, NY, 10038",139 Fulton Street,New York,NY,10038,$227.00,,NO
2022,Go Gorilla Marketing,"1080 Bergen Street, Brooklyn, NY, 11216",1080 Bergen Street,Brooklyn,NY,11216,$226.00,1,NO
2021,B & M Towing,"6202 Almeda Avenue, Arverne, NY, 11692",6202 Almeda Avenue,Arverne,NY,11692,$225.00,1,NO
2020,Christine Lash Studio,"1026 6th Ave, New York, NY, 10018",1026 6th Ave,New York,NY,10018,$225.00,1,NO
2021,Debutea Inc.,"217 Thompson Street, New York, NY, 10012",217 Thompson Street,New York,NY,10012,$225.00,1,NO
2022,Hollywood Smile Dental,"97-50 Queens Boulevard, Rego Park, NY, 11374",97-50 Queens Boulevard,Rego Park,NY,11374,$225.00,1,NO
2023,Hybrid Driving School,"6020 Woodside Ave, Woodside, NY, 11377",6020 Woodside Ave,Woodside,NY,11377,$225.00,,NO
2020,All American Agency,"142-27 Franklin Ave, Flushing, NY, 11355",142-27 Franklin Ave,Flushing,NY,11355,$224.00,1,NO
2022,Narrow Security / MR NY Consulting Solution Inc.,"600 3rd Ave., New York, NY, 10016",600 3rd Ave.,New York,NY,10016,$224.00,1,NO
2020,Flex Staffing-Northwell Health,"130 East 59th Street, New York, NY, 10022",130 East 59th Street,New York,NY,10022,$223.00,2,NO
2023,Taste Of The City Lounge,"903 Franklin Avenue, Brooklyn, NY, 11225",903 Franklin Avenue,Brooklyn,NY,11225,$215.00,,NO
2020,Endomen LLC,"55 Spring St, New York, NY, 10012",55 Spring St,New York,NY,10012,$214.00,1,NO
2020,7-Eleven Store 27167,"2800 Coney Island Ave., Brooklyn, NY, 11235",2800 Coney Island Ave.,Brooklyn,NY,11235,$210.00,1,NO
2020,Logans Sancturary,"130-132 West 47th Street, New York, NY, 10036",130-132 West 47th Street,New York,NY,10036,$210.00,1,NO
2022,Michelle Silver Lining Mental Health Counseling,"79-07 149th Street, Flushing, NY, 11367",79-07 149th Street,Flushing,NY,11367,$210.00,1,NO
2022,Doxie Hotel,"273 38th Street, New York, NY, 10018",273 38th Street,New York,NY,10018,$208.00,1,NO
2022,Hello Smile - Jerome Kids Dental,"2386 Jerome Ave, Bronx, NY, 10468",2386 Jerome Ave,Bronx,NY,10468,$208.00,1,NO
2022,Paramount Service Group,"1064 E. 37th St., Brooklyn, NY, 11210",1064 E. 37th St.,Brooklyn,NY,11210,$207.00,,NO
2021,"Signature Cleaning Services, Inc.","231 W 29th Street, New York, NY, 10001",231 W 29th Street,New York,NY,10001,$207.00,1,NO
2021,"Fronteo USA, Inc.","777 Third Ave, New York, NY, 10017",777 Third Ave,New York,NY,10017,$205.00,1,NO
2023,Paul Benhamou,"153-31 79th Avenue, Flushing, NY, 11367",153-31 79th Avenue,Flushing,NY,11367,$204.00,,NO
2022,Dr.Jake Wong DDS,"348 77th Street, Brooklyn, NY, 11209",348 77th Street,Brooklyn,NY,11209,$203.00,1,NO
2020,Grant Wilfley Casting Inc,"241 West 30th Street, New York, NY, 10001",241 West 30th Street,New York,NY,10001,$203.00,1,NO
2023,Metropolitan Smiles,"119-56 Metropolitan Avenue, Kew Gardens, NY, 11415",119-56 Metropolitan Avenue,Kew Gardens,NY,11415,$203.00,1,NO
2020,Comfort Inn Midtown West,"Attn: Human Resources, New York, NY, 10036",Attn: Human Resources,New York,NY,10036,$202.00,1,NO
2020,International Institue for Learning,"485 Madison Avenue, New York, NY, 10022",485 Madison Avenue,New York,NY,10022,$202.00,1,NO
2020,The Juice Press,"375 Hudson Street, New York, NY, 10014",375 Hudson Street,New York,NY,10014,$202.00,1,NO
2022,Dr. Edward Lipke PC,"121 East 60th Street, New York, NY, 10022",121 East 60th Street,New York,NY,10022,$200.00,1,NO
2023,Ha-Weeda Tavern,"201 46th Street, Brooklyn, NY, 11220",201 46th Street,Brooklyn,NY,11220,$200.00,,NO
2023,Metro One LPSG,"12 West 37th Street, New York, NY, 10018",12 West 37th Street,New York,NY,10018,$200.00,,NO
2022,Advanced Care Staffing,"1000 Gates Avenue, Brooklyn, NY, 11221",1000 Gates Avenue,Brooklyn,NY,11221,$198.00,1,NO
2023,Zara USA Inc,"503 Broadway, New York, NY, 10012",503 Broadway,New York,NY,10012,$198.00,,NO
2023,Serafina Tribeca Restaurant LLC,"95 West Broadway, New York, NY, 10007",95 West Broadway,New York,NY,10007,$196.00,,NO
2023,International Society of Female Professionals,"77 Water St, New York, NY, 10005",77 Water St,New York,NY,10005,$195.00,,NO
2020,Key Food 1734,"155 Bay Street, Staten Island, NY, 10301",155 Bay Street,Staten Island,NY,10301,$195.00,1,NO
2023,Taqueria Pantitlan,"87-12 Woodhaven Boulevard, Woodhaven, NY, 11421",87-12 Woodhaven Boulevard,Woodhaven,NY,11421,$195.00,,NO
2023,"Kellermyer Bergensons Services, LLC","1 Liberty Street, New York, NY, 10006",1 Liberty Street,New York,NY,10006,$193.00,,NO
2021,Luckys Cocktail Lounge,"334 Marcus Garvey Blvd, Brooklyn, NY, 11221",334 Marcus Garvey Blvd,Brooklyn,NY,11221,$192.00,1,NO
2022,Alphalogix Delivery,"1055 Bronx River Ave, Bronx, NY, 10472",1055 Bronx River Ave,Bronx,NY,10472,$190.00,1,NO
2021,Falso Carting,"429 Cassanova Street, Bronx, NY, 10474",429 Cassanova Street,Bronx,NY,10474,$190.00,1,NO
2020,Flower Valley Wholesale,"18-32 127th Street, College Point, NY, 11356",18-32 127th Street,College Point,NY,11356,$190.00,1,NO
2021,Knowledge Road,"Po Box 290102, Brooklyn, NY, 11229",Po Box 290102,Brooklyn,NY,11229,$188.00,1,NO
2022,Prodigal Son - Vertical Hold Productions LLC,"28 Liberty Street, New York, NY, 10005",28 Liberty Street,New York,NY,10005,$187.00,1,NO
2022,Sephora,"1535 Seventh Ave., New York, NY, 10036",1535 Seventh Ave.,New York,NY,10036,$185.00,1,NO
2022,DNA Footwear,"242 40th Street, Brooklyn, NY, 11232",242 40th Street,Brooklyn,NY,11232,$182.00,1,NO
2023,Betty Bakery,"448 Atlantic Ave, Brooklyn, NY, 11217",448 Atlantic Ave,Brooklyn,NY,11217,$180.00,1,NO
2023,Chunhua Zheng,"620 67th St., Brooklyn, NY, 11220",620 67th St.,Brooklyn,NY,11220,$180.00,,NO
2022,Community Resource Center,"1776 Eastchester Road, Bronx, NY, 10469",1776 Eastchester Road,Bronx,NY,10469,$180.00,1,NO
2022,Juiced Up Two,"63-83 A Douglaston Pkwy, Douglaston, NY, 11362",63-83 A Douglaston Pkwy,Douglaston,NY,11362,$180.00,1,NO
2022,Stop & Shop Supermarket,"Attn: Human Resources, Staten Island, NY, 10302",Attn: Human Resources,Staten Island,NY,10302,$180.00,1,NO
2024,32 Convenience Corp DBA Greenland,"132 W 23rd Street, New York, NY, 10011",132 W 23rd Street,New York,NY,10011,$180.00,,NO
2022,Express Kafeh,"Spiegel & Utrera, P.A. P.C., New York, NY, 10038",Spiegel & Utrera  P.A. P.C.,New York,NY,10038,$178.00,,NO
2022,E-J Electric Installation Co.,"46-41 Vernon Boulevard, Long Island City, NY, 11101",46-41 Vernon Boulevard,Long Island City,NY,11101,$176.00,1,NO
2021,Perimeter Security Inc,"2390 Palisade Ave, Bronx, NY, 10463",2390 Palisade Ave,Bronx,NY,10463,$174.00,1,NO
2022,Caregiver Pro Homecare Inc,"122-01 Liberty Avenue, Richmond Hill, NY, 11419",122-01 Liberty Avenue,Richmond Hill,NY,11419,$173.00,1,NO
2023,Chipotle,"136-61 Roosevelt Ave, queens, ny, 11354",136-61 Roosevelt Ave,queens,ny,11354,$173.00,11,NO
2020,Port Morris Home Care Agency LLC,"3535 Wayne Avenue, Bronx, NY, 10467",3535 Wayne Avenue,Bronx,NY,10467,$173.00,1,NO
2023,Quality Stone Supplies Corp,"35-27 Vernon Blvd, Astoria, NY, 11106",35-27 Vernon Blvd,Astoria,NY,11106,$173.00,2,NO
2022,Beati Acupuncture,"50 East 42nd Street, New York, NY, 10017",50 East 42nd Street,New York,NY,10017,$171.00,1,NO
2022,Chillis Grill and Bar,"8016 Cooper Avenue, Glendale, NY, 11385",8016 Cooper Avenue,Glendale,NY,11385,$171.00,1,NO
2020,Bread Smith,"1817 Avenue M, Brooklyn, NY, 11230",1817 Avenue M,Brooklyn,NY,11230,$170.00,2,NO
2020,Inzone Logistics,"718 3rd Ave, Brooklyn, NY, 11232",718 3rd Ave,Brooklyn,NY,11232,$168.00,1,NO
2022,K and K OBGYN and Cosmetics,"110 E 40th Street, New York, NY, 10016",110 E 40th Street,New York,NY,10016,$168.00,,NO
2023,Vince LLC,"Human Resources, New York, NY, 10110",Human Resources,New York,NY,10110,$168.00,1,NO
2021,Revlon Consumer Products Corp,"Attn: Human Resources, New York, NY, 10004",Attn: Human Resources,New York,NY,10004,$167.00,136,NO
2022,Frank PR - Frank Publicity,"15 Maiden Lane, New York, NY, 10038",15 Maiden Lane,New York,NY,10038,$165.00,1,NO
2020,Nail Berry,"25-72 31st Street, Long Island City, NY, 11102",25-72 31st Street,Long Island City,NY,11102,$165.00,1,NO
2021,Untied Staffing Solutions,"1385 Broadway, New York, NY, 10018",1385 Broadway,New York,NY,10018,$165.00,1,NO
2023,Libra Business Group,"357 E. 116th St, New York, NY, 10029",357 E. 116th St,New York,NY,10029,$164.00,,NO
2023,Chipotle Kingsbridge 4066,"190 W 231st Street, Bronx, NY, 10463",190 W 231st Street,Bronx,NY,10463,$163.00,,NO
2023,The Grange Bar & Eatery,"1635 Amsterdam Avenue, New York, NY, 10031",1635 Amsterdam Avenue,New York,NY,10031,$163.00,,NO
2022,Sisto Pharmacy,"682 Grand Street, Brooklyn, NY, 11211",682 Grand Street,Brooklyn,NY,11211,$162.00,1,NO
2023,Edison Home Health Care,"946 McDonald Ave, Brooklyn, NY, 11218",946 McDonald Ave,Brooklyn,NY,11218,$161.00,1,NO
2023,Chipotle,"6502 18th Avenue, Brooklyn, NY, 11204",6502 18th Avenue,Brooklyn,NY,11204,$159.00,23,NO
2020,Empire Dental Care,"41-60 Main Street, Flushing, NY, 11355",41-60 Main Street,Flushing,NY,11355,$159.00,1,YES
2023,"Inwood Hospitality Partners, LLC T/A The Hudson","348 Dyckman Street, New York, NY, 10034",348 Dyckman Street,New York,NY,10034,$158.00,,NO
2022,NYC School Support Service,"321 West 44th Street, New York, NY, 10036",321 West 44th Street,New York,NY,10036,$157.00,1,NO
2023,Chipotle East Harlem 4180,"165-167 East 116th Street, New York, NY, 10029",165-167 East 116th Street,New York,NY,10029,$153.00,7,NO
2023,Market on Kent,"921 Manhattan Ave, Brooklyn, NY, 11222",921 Manhattan Ave,Brooklyn,NY,11222,$153.00,1,NO
2020,Restaurant Da Nico,"164 Mulberry St, New York, NY, 10013",164 Mulberry St,New York,NY,10013,$153.00,1,NO
2023,Bare Paws,"157 E. 86th St, New York, NY, 10028",157 E. 86th St,New York,NY,10028,$150.00,,NO
2023,Fresh Direct,"630 West 52nd Street, New York, NY, 10036",630 West 52nd Street,New York,NY,10036,$150.00,,NO
2023,Harlem Children's Zone,"35 E. 125th Street, New York, NY, 10035",35 E. 125th Street,New York,NY,10035,$150.00,,NO
2021,Marah Design Inc,"136-20 38th Avenue, Flushing, NY, 11354",136-20 38th Avenue,Flushing,NY,11354,$150.00,1,NO
2020,Marco Vinicio Pazmino,"250-25 Elkmont Ave, Jamaica, NY, 11426",250-25 Elkmont Ave,Jamaica,NY,11426,$150.00,1,NO
2022,Pipin's Pub,"8814 3rd Avenue, Brooklyn, NY, 11209",8814 3rd Avenue,Brooklyn,NY,11209,$150.00,1,NO
2022,Posh Pop Bakeshop,"192 Bleeker Street, New York, NY, 10012",192 Bleeker Street,New York,NY,10012,$150.00,1,NO
2022,TK Digital Corporation,"107 North 3rd Street, Brooklyn, NY, 11249",107 North 3rd Street,Brooklyn,NY,11249,$150.00,1,NO
2024,GOA Restaurant,"78 Leonard St, New York, NY, 10013",78 Leonard St,New York,NY,10013,$150.00,,NO
2023,Wingstop,"747 E. Gun Hill Rd., Bronx, NY, 10467",747 E. Gun Hill Rd.,Bronx,NY,10467,$150.00,,NO
2020,Agro Accounting CPA,"42 West Street, Brooklyn, NY, 11222",42 West Street,Brooklyn,NY,11222,$148.00,1,NO
2022,RQM Tutorial Corp,"3526 31st Street, Astoria, NY, 11106",3526 31st Street,Astoria,NY,11106,$148.00,1,NO
2024,Coppola Paving & Landscaping Corp.,"3830 Boston Road, Bronx, NY, 10475",3830 Boston Road,Bronx,NY,10475,$147.00,,NO
2022,Xquisit Emporium,"649 Morgan Avenue, Brooklyn, NY, 11222",649 Morgan Avenue,Brooklyn,NY,11222,$145.00,1,NO
2021,H & M,"90-15 Queens Boulevard, Elmhurst, NY, 11373",90-15 Queens Boulevard,Elmhurst,NY,11373,$144.00,1,NO
2023,Chipotle 1400 Broadway 2534,"1400 Broadway, New York, NY, 10018",1400 Broadway,New York,NY,10018,$143.00,,NO
2023,Bohemian Citizens Benevolent Society,"29-19 24th Ave., Astoria, NY, 11102",29-19 24th Ave.,Astoria,NY,11102,$142.00,,NO
2020,Smileys Bagels & Co,"1980 Victory Blvd, Staten Island, NY, 10314",1980 Victory Blvd,Staten Island,NY,10314,$141.00,2,NO
2021,Tempwork Staffing Solutions,"40-12 83rd Street, Elmhurst, NY, 11373",40-12 83rd Street,Elmhurst,NY,11373,$140.00,1,NO
2023,Cafe Cotton Bean,"372 Sackett St, Brooklyn, NY, 11231",372 Sackett St,Brooklyn,NY,11231,$138.00,1,NO
2022,Hive & Colony,"109 Mercer St., New York, NY, 10012",109 Mercer St.,New York,NY,10012,$138.00,1,NO
2022,HK Kitchen Draft House,"3599 E. Tremont Ave., Bronx, NY, 10465",3599 E. Tremont Ave.,Bronx,NY,10465,$138.00,1,NO
2022,Triborough Medical Urgent Care PC,"1711 Ralph Avenue, Brooklyn, NY, 11236",1711 Ralph Avenue,Brooklyn,NY,11236,$137.00,,NO
2021,Lili and Cata Nail Saloon LLC,"72 Greenpoint Ave, Brooklyn, NY, 11222",72 Greenpoint Ave,Brooklyn,NY,11222,$136.00,1,NO
2022,United DBT Security Corp,"895 Fulton Street, Brooklyn, NY, 11238",895 Fulton Street,Brooklyn,NY,11238,$136.00,1,NO
2020,Childrens First Childcare Inc,"4471 Mundy Ln, Bronx, NY, 10466",4471 Mundy Ln,Bronx,NY,10466,$135.00,1,NO
2023,Custom Protective Services,"355 Lexington Ave, New York, NY, 10017",355 Lexington Ave,New York,NY,10017,$135.00,,NO
2023,High Standard Home Care,"103 Quentin Road, Brooklyn, NY, 11223",103 Quentin Road,Brooklyn,NY,11223,$135.00,1,NO
2021,Sall Restaurant & Lounge LLC,"818 10th Ave, New York, NY, 10019",818 10th Ave,New York,NY,10019,$135.00,2,NO
2023,Somethin on Myrtle,"503 Myrtle Avenue, Brooklyn, NY, 11205",503 Myrtle Avenue,Brooklyn,NY,11205,$135.00,,NO
2022,Zyara,"2553 Steinway Street, Astoria, NY, 11103",2553 Steinway Street,Astoria,NY,11103,$135.00,1,NO
2020,The Drawing Room Salon,"148 Spring St 2nd FL, New York, NY, 10012",148 Spring St 2nd FL,New York,NY,10012,$133.00,1,NO
2023,Chipotle Utica Avenue 4501,"250 Utica Ave, Brooklyn, NY, 11213",250 Utica Ave,Brooklyn,NY,11213,$131.00,13,NO
2020,Blue Balloon Parties,"2255 31st Street, Astoria, NY, 11105",2255 31st Street,Astoria,NY,11105,$130.00,1,NO
2021,Advanced Vision Care Associate,"2691 Hylan BLVD, Staten Island, NY, 10306",2691 Hylan BLVD,Staten Island,NY,10306,$128.00,1,NO
2022,K Fish Markee/Omega Sea World,"93 Rockaway Parkway, Brooklyn, NY, 11212",93 Rockaway Parkway,Brooklyn,NY,11212,$128.00,1,NO
2022,"Paris Baguette America, Inc","591 Lexington Ave, New York, NY, 10022",591 Lexington Ave,New York,NY,10022,$128.00,1,NO
2020,Stinky Brooklyn LLC,"215 Smith Street, Brooklyn, NY, 11231",215 Smith Street,Brooklyn,NY,11231,$128.00,1,NO
2023,Trax Mechanical LLC,"100 Bogart St, Brooklyn, NY, 11206",100 Bogart St,Brooklyn,NY,11206,$128.00,,NO
2023,Valerie,"45 West 45th St., New York, NY, 10036",45 West 45th St.,New York,NY,10036,$124.00,,NO
2021,Brew Memories,"295 7th Avenue, Brooklyn, NY, 11373",295 7th Avenue,Brooklyn,NY,11373,$120.00,1,NO
2021,Brew Memories,"295 7th Avenue, Brooklyn, NY, 11373",295 7th Avenue,Brooklyn,NY,11373,$120.00,1,NO
2023,Forrest Solutions,"19 West 44th Street, New York, NY, 10036",19 West 44th Street,New York,NY,10036,$120.00,,NO
2023,Irinas Food Market,"582 Midland Avenue, Staten Island, NY, 10306",582 Midland Avenue,Staten Island,NY,10306,$120.00,1,NO
2022,Smart Staffing Services Inc.,"3336 86th St, Jackson Heights, NY, 11372",3336 86th St,Jackson Heights,NY,11372,$120.00,2,NO
2022,Studio 17,"904 Flushing Avenue, Brooklyn, NY, 11206",904 Flushing Avenue,Brooklyn,NY,11206,$120.00,1,NO
2021,The Cecil House/Mintons Harlem,"210W 118th Street, New York, NY, 10026",210W 118th Street,New York,NY,10026,$120.00,1,NO
2021,Dr Glodowski,"1218 Neptune Ave, Brooklyn, NY, 11235",1218 Neptune Ave,Brooklyn,NY,11235,$117.00,1,NO
2021,Rebel Dawg,"61 Greenpoint Ave, Brooklyn, NY, 11222",61 Greenpoint Ave,Brooklyn,NY,11222,$115.00,1,NO
2023,Who's Your Doggy LLC,"301 Halsey St, Brooklyn, NY, 11216",301 Halsey St,Brooklyn,NY,11216,$115.00,,NO
2021,Best Choice Centerlight Health SYstem,"2275 Olinville Avenue, Bronx, NY, 10467",2275 Olinville Avenue,Bronx,NY,10467,$113.00,1,NO
2023,Best Choice Imaging,"295 Northern Blvd, Great Neck, NY, 11434",295 Northern Blvd,Great Neck,NY,11434,$113.00,,NO
2023,Ladybird Bakery,"1112 8th Avenue, Brooklyn, NY, 11215",1112 8th Avenue,Brooklyn,NY,11215,$113.00,1,NO
2021,Mrs. G's Services,"807 Lidig Avenue, Bronx, NY, 10462",807 Lidig Avenue,Bronx,NY,10462,$113.00,1,NO
2023,"Smile Savvy Dental / Savira Pai, DDS","9330 Queens Blvd., Rego Park, NY, 11374",9330 Queens Blvd.,Rego Park,NY,11374,$113.00,,NO
2021,"Tempwork Staffing Solution, Inc","40-12 83rd Street, Elmhurst, NY, 11373",40-12 83rd Street,Elmhurst,NY,11373,$113.00,1,NO
2020,Schnipper,"570 Lexington Ave, New York, NY, 10022",570 Lexington Ave,New York,NY,10022,$112.00,1,NO
2024,Green Trips Inc,"1204 149th Street, Whitestone, NY, 11357",1204 149th Street,Whitestone,NY,11357,$112.00,,NO
2022,Judy Z's,"1 7th Ave S, New York, NY, 10014",1 7th Ave S,New York,NY,10014,$111.00,1,NO
2023,Macys Inc - Macys Herald Square,"Attn: Human Resources, New York, NY, 10001",Attn: Human Resources,New York,NY,10001,$111.00,1,NO
2022,ArchForKids,"7014 13th Avenue, Brooklyn, NY, 11228",7014 13th Avenue,Brooklyn,NY,11228,$110.00,1,NO
2023,"Fugazy Sports and Entertainment, LLC","1270 Avenue of the Americas, New York, NY, 10020",1270 Avenue of the Americas,New York,NY,10020,$108.00,,NO
2023,Billy Beez,"200 Baychester Ave., Bronx, NY, 10475",200 Baychester Ave.,Bronx,NY,10475,$107.00,3,NO
2021,Bravo Supermarket,"1299 Fulton Street, Brooklyn, NY, 11216",1299 Fulton Street,Brooklyn,NY,11216,$105.00,1,NO
2022,Bryant Bystrov,"66 Rockwell Place, Brooklyn, NY, 11217",66 Rockwell Place,Brooklyn,NY,11217,$105.00,1,NO
2020,Divine Bridal Shop,"114 McClean Ave, Staten Island, NY, 10305",114 McClean Ave,Staten Island,NY,10305,$105.00,1,NO
2024,5 Star Deli and Grocery Inc,"1886 Victory Blvd, Staten Island, NY, 10314",1886 Victory Blvd,Staten Island,NY,10314,$105.00,,NO
2021,White Glove Community Care,"861 Park Ave, Brooklyn, NY, 11206",861 Park Ave,Brooklyn,NY,11206,$105.00,2,NO
2022,Kris Agency and Home Care Inc.,"16914 Hillside Avenue, Jamaica, NY, 11432",16914 Hillside Avenue,Jamaica,NY,11432,$104.00,1,NO
2022,Central Dental Jackson Heights Dental Center,"8509 37th Ave., Jackson Heights, NY, 11372",8509 37th Ave.,Jackson Heights,NY,11372,$100.00,1,NO
2022,Century Dental/Jacksonheights Dental Center,"85-09 37th Jackson Heights, Jackson Heights, NY, 11372",85-09 37th Jackson Heights,Jackson Heights,NY,11372,$100.00,1,NO
2022,David Abramov,"140 Clinton St, Brooklyn, NY, 11205",140 Clinton St,Brooklyn,NY,11205,$100.00,2,NO
2022,Madison Square Garden Entertainment Corp.,"4 Pennsylvania Plaza, New York, NY, 10001",4 Pennsylvania Plaza,New York,NY,10001,$100.00,1,NO
2022,RCA Ambulance,"1224 Brunswick Avenue, Queens, NY, 11691",1224 Brunswick Avenue,Queens,NY,11691,$100.00,,NO
2021,Multicare Medical Acupuncture & Physical Therapy,"421 7th Avenue, New York, NY, 10001",421 7th Avenue,New York,NY,10001,$99.00,1,NO
2023,Smooth Plastering & General Contracting,"87-55 125th Street, Queens, NY, 11418",87-55 125th Street,Queens,NY,11418,$98.00,,NO
2020,Learning Spring School,"247 East 20th Street, New York, NY, 10003",247 East 20th Street,New York,NY,10003,$97.00,1,NO
2020,Shahs Halal Food,"1245 Middle Country Rd, Selden, NY, 11435",1245 Middle Country Rd,Selden,NY,11435,$96.00,1,YES
2021,Evergreen Medical Clinic PC,"837 59th St, Brooklyn, NY, 11220",837 59th St,Brooklyn,NY,11220,$95.00,1,NO
2021,Morton Williams Supermarkets,"917 9th Ave, New York, NY, 10019",917 9th Ave,New York,NY,10019,$94.00,1,NO
2020,Levy Restaurants - Compass Group at Barclay Center,"620 Atlantic Ave, Brooklyn, NY, 11217",620 Atlantic Ave,Brooklyn,NY,11217,$92.00,1,NO
2024,Gentle Dental 92,"544 92nd St, Brooklyn, NY, 11209",544 92nd St,Brooklyn,NY,11209,$92.00,,NO
2023,Foodcellar Court Square,"4318 Crescent St, Rego Park, NY, 11374",4318 Crescent St,Rego Park,NY,11374,$90.00,1,NO
2022,Limitless Fitness,"157-05 Cross Bay Blvd, Howard Beach, NY, 11414",157-05 Cross Bay Blvd,Howard Beach,NY,11414,$90.00,1,NO
2022,Center Care CDPAS LLC,"136-68 Roosevelt Ave, Flushing, NY, 11354",136-68 Roosevelt Ave,Flushing,NY,11354,$88.00,1,NO
2023,Kids N Action,"1149 McDonald Avenue, Brooklyn, NY, 11230",1149 McDonald Avenue,Brooklyn,NY,11230,$88.00,,NO
2020,Kinderdance,"279 Prospect Park West, Brooklyn, NY, 11216",279 Prospect Park West,Brooklyn,NY,11216,$88.00,1,NO
2022,Intercontinental New York Times Square,"300 West 44th Street, New York, NY, 10036",300 West 44th Street,New York,NY,10036,$87.00,,NO
2022,Block Institute,"376 Bay 44th Street, Brooklyn, ny, 11214",376 Bay 44th Street,Brooklyn,ny,11214,$86.00,1,NO
2020,Special Touch Home Care,"2091 Coney Island Ave, Brooklyn, NY, 11223",2091 Coney Island Ave,Brooklyn,NY,11223,$86.00,1,NO
2023,WOW Brasserie LLC,"12 Brighton 11th Street, Brooklyn, NY, 11235",12 Brighton 11th Street,Brooklyn,NY,11235,$86.00,,NO
2023,Chipotle 1004 Flatbush 4491,"1004 Flatbush Ave, Brooklyn, NY, 11226",1004 Flatbush Ave,Brooklyn,NY,11226,$85.00,3,NO
2023,Friends & Family Home Care CDPAP Services,"900 Intervale Avenue, Bronx, NY, 10459",900 Intervale Avenue,Bronx,NY,10459,$85.00,,NO
2024,Zahyoh Inc.,"35-35 82nd Street, Jackson Heights, NY, 11372",35-35 82nd Street,Jackson Heights,NY,11372,$85.00,,NO
2023,Colina Cuervo,"759 Nostrand Ave, Brooklyn, NY, 11216",759 Nostrand Ave,Brooklyn,NY,11216,$84.00,,NO
2021,Amazon Prime Now LLC,"4 Union Square ES, New York, NY, 10003",4 Union Square ES,New York,NY,10003,$80.00,1,NO
2021,Corey J. Harris,"14736 94th Ave Apt 17M, Jamaica, NY, 11435",14736 94th Ave Apt 17M,Jamaica,NY,11435,$80.00,2,NO
2022,Debbie Stein Design Group,"920 East 23rd Street, Brooklyn, NY, 11210",920 East 23rd Street,Brooklyn,NY,11210,$80.00,1,NO
2023,Juf U Garden Inc,"68 E. Broadway, New York, NY, 10002",68 E. Broadway,New York,NY,10002,$80.00,1,NO
2023,SDJR Systems 3 LLC,"16 Westchester Square, Bronx, NY, 10461",16 Westchester Square,Bronx,NY,10461,$79.00,1,NO
2023,Carvel Ice Cream,"15-21 College Point Blvd, College Point, NY, 11356",15-21 College Point Blvd,College Point,NY,11356,$76.00,1,NO
2021,Classic Protection Inc,"88 New Dorp Plaza, Staten Island, NY, 10306",88 New Dorp Plaza,Staten Island,NY,10306,$75.00,1,NO
2020,Riverdale Nursing Home,"Attn; Human Resources, Bronx, NY, 10463",Attn; Human Resources,Bronx,NY,10463,$75.00,1,NO
2022,Trek Bikes,"1690 2nd Avenue, New York, NY, 10128",1690 2nd Avenue,New York,NY,10128,$75.00,1,NO
2022,Tropical Smoothie Cafe,"1407 Forest Avenue, Staten Island, NY, 10302",1407 Forest Avenue,Staten Island,NY,10302,$75.00,1,NO
2022,Cloud Catering and Events,"42-81 Hunter St, Long Island City, NY, 11101",42-81 Hunter St,Long Island City,NY,11101,$72.00,1,NO
2022,Oppizi,"426 Union Ave, Brooklyn, NY, 11211",426 Union Ave,Brooklyn,NY,11211,$72.00,1,NO
2022,Empire Hotel Services,"225 West 34th Street, New York, NY, 10122",225 West 34th Street,New York,NY,10122,$71.00,1,NO
2022,BKLA,"1500 Paerdegat Ave North, Brooklyn, NY, 11236",1500 Paerdegat Ave North,Brooklyn,NY,11236,$70.00,1,NO
2020,CareRide Paratransit LLC,"6315 Traffic Ave, Queens, NY, 11385",6315 Traffic Ave,Queens,NY,11385,$70.00,1,NO
2022,Los Tacos Al Pastor,"68 Jay street, Brooklyn, NY, 11201",68 Jay street,Brooklyn,NY,11201,$69.00,1,NO
2023,Bridge Security Services,"16 Court St., Brooklyn, NY, 11241",16 Court St.,Brooklyn,NY,11241,$66.00,,NO
2023,Eclaro International,"450 7th Avenue, New York, NY, 10123",450 7th Avenue,New York,NY,10123,$65.00,1,NO
2023,Andy Frain Services,"60-10 Queens Blvd, Queens, NY, 11377",60-10 Queens Blvd,Queens,NY,11377,$64.00,,NO
2023,Chipotle 1190 Fulton 4496,"1190 Fulton St, Brooklyn, NY, 11216",1190 Fulton St,Brooklyn,NY,11216,$64.00,,NO
2021,Chess NYC,"1561 1st Ave, New York, NY, 10028",1561 1st Ave,New York,NY,10028,$63.00,1,NO
2023,Citibank NA,"Attn: Human Resources, New York, NY, 10013",Attn: Human Resources,New York,NY,10013,$62.00,1,NO
2021,Bistro 718,"360 Neptune Ave, Brooklyn, NY, 11235",360 Neptune Ave,Brooklyn,NY,11235,$60.00,1,NO
2021,Brooklyn Care,"955 Coney Island Ave, Brooklyn, NY, 11230",955 Coney Island Ave,Brooklyn,NY,11230,$60.00,1,NO
2023,IHOP,"961 East 174th, Bronx, NY, 10460",961 East 174th,Bronx,NY,10460,$60.00,,NO
2023,Morton Williams Supermarkets,"15 East Kingsbridge Rd, Bronx, NY, 10468",15 East Kingsbridge Rd,Bronx,NY,10468,$60.00,1,NO
2021,"PARKLIFE, LLC","636 Degraw, Brooklyn, NY, 11217",636 Degraw,Brooklyn,NY,11217,$60.00,1,NO
2022,The Plaza Rehab and Nursing Center,"100 W. Kingsbridge Road, Bronx, NY, 10468",100 W. Kingsbridge Road,Bronx,NY,10468,$60.00,1,YES
2022,Xing Fu Tang,"4052 Main Street, Flushing, NY, 11354",4052 Main Street,Flushing,NY,11354,$60.00,1,NO
2022,Havana Central NY 2 LLC,"151 West 46th Street, New York, NY, 10036",151 West 46th Street,New York,NY,10036,$58.00,1,NO
2022,Take Me To The Water Swim School,"10606 Queens Blvd, Forest Hills, NY, 11375",10606 Queens Blvd,Forest Hills,NY,11375,$53.00,1,NO
2023,Fotia Mediterranean,"127 E. 60th Street, New York, NY, 10022",127 E. 60th Street,New York,NY,10022,$51.00,1,NO
2021,Better Houseware Corp.,"25-12 41st Avenue, Long Island City, NY, 11101",25-12 41st Avenue,Long Island City,NY,11101,$50.00,,NO
2022,Snapology of Long Island City,"1145 47th Avenue, Long Island City, NY, 11101",1145 47th Avenue,Long Island City,NY,11101,$50.00,1,NO
2023,Switft Urgent Care /,"117 Church Ave, Brooklyn, NY, 11218",117 Church Ave,Brooklyn,NY,11218,$46.00,,NO
2022,Bo Caphe / Bo Ca Phe,"222 Lafayette, New York, NY, 10012",222 Lafayette,New York,NY,10012,$45.00,1,NO
2022,Grand Manor,"700 White Plains Road, Bronx, NY, 10473",700 White Plains Road,Bronx,NY,10473,$45.00,1,NO
2021,La Casita Mexicana,"62-36 Forest Ave, Ridgewood, NY, 11385",62-36 Forest Ave,Ridgewood,NY,11385,$45.00,1,NO
2023,Bowlmor AMF Centers,"222 West 44th Street, New York, NY, 10036",222 West 44th Street,New York,NY,10036,$44.00,,NO
2022,Clean Rite,"9777 Queens Blvd, Rego Park, NY, 11374",9777 Queens Blvd,Rego Park,NY,11374,$41.00,1,NO
2021,City Wide Apartments Inc,"555 8th AVenue, New York, NY, 10018",555 8th AVenue,New York,NY,10018,$40.00,1,NO
2020,Xicon Home Health Care,"224 W 35th Street, New York, NY, 10001",224 W 35th Street,New York,NY,10001,$39.00,1,NO
2023,A Very Special Place Inc,"49 Cedar Grove Ave., Staten Island, NY, 10306",49 Cedar Grove Ave.,Staten Island,NY,10306,$33.00,,NO
2024,Clothes Horse,"1209 Quentin Road, Brookyn, NY, 11229",1209 Quentin Road,Brooklyn,NY,11229,$33.00,,NO
2021,Maple Family Centers JIB Lanes,"6719 Parsons Blvd, Fresh Meadows, NY, 11365",6719 Parsons Blvd,Fresh Meadows,NY,11365,$32.00,1,NO
2023,Odyssey House,"120 Wall St., New York, NY, 10005",120 Wall St.,New York,NY,10005,$32.00,,NO
2024,Grand Street Food Corp,"741 Grand Street, Brooklyn, NY, 11211",741 Grand Street,Brooklyn,NY,11211,$32.00,,NO
2022,Pomegranate Supermarket,"1507 Coney Island Ave, Brooklyn, NY, 11230",1507 Coney Island Ave,Brooklyn,NY,11230,$30.00,1,NO
2023,Saraghina Caffe,"195 Dekalb Avenue, Brooklyn, NY, 11205",195 Dekalb Avenue,Brooklyn,NY,11205,$30.00,1,NO
2023,Goldlyn LLC,"20 West 55th Street, New York, NY, 10075",20 West 55th Street,New York,NY,10075,$29.00,1,NO
2023,Preferred Home Care,"2357 60th, Brooklyn, NY, 11204",2357 60th,Brooklyn,NY,11204,$28.00,,NO
2021,East End Pool King,"P.O. Box 369 Lexington Avenue, New York, NY, 10017, Peconic, NY, 11958",P.O. Box 369 Lexington Avenue,New York,NY,10017,$25.00,,NO
2020,McDonalds,"1640 Pitkin Ave, Brooklyn, NY, 11212",1640 Pitkin Ave,Brooklyn,NY,11212,$24.00,1,NO
2024,Extrella Fashion Inc,"120 41 Street, Brooklyn, NY, 11232",120 41 Street,Brooklyn,NY,11232,$23.00,,NO
2020,Katch Inc.,"3119 Newton Ave, Astoria, NY, 11102",3119 Newton Ave,Astoria,NY,11102,$22.00,1,NO
2023,Vice Media LLC,"49 S 2nd Street, Brooklyn, NY, 11249",49 S 2nd Street,Brooklyn,NY,11249,$22.00,,NO
2020,Primary Care Ambulance,"237 Woodward Ave, Staten Island, NY, 10314",237 Woodward Ave,Staten Island,NY,10314,$19.00,1,NO
2023,24Seven LLC,"41 Madison Avenue, New York, NY, 10010",41 Madison Avenue,New York,NY,10010,$11.00,1,NO
2023,Blue & Pink Smoke Factory Corp.,"287 7th Avenue, New York, NY, 10001",287 7th Avenue,New York,NY,10001,$1.00,,NO
2020,Brooklyn Stitch Inc,"37 Noble St, Brooklyn, NY, 11222",37 Noble St,Brooklyn,NY,11222,$1.00,,NO
2023,Convenience and Organic Corporation,"64 Henry Street, Brooklyn, NY, 11201",64 Henry Street,Brooklyn,NY,11201,$1.00,,NO
2022,GGW Fashion Inc,"6403 14th Avenue, Brooklyn, NY, 11219",6403 14th Avenue,Brooklyn,NY,11219,$1.00,1,NO
2023,Little Island,"872 Washington St, New York, NY, 10014",872 Washington St,New York,NY,10014,$1.00,1,NO
2023,Munchies Box,"114 East Fordham Road, Bronx, NY, 10468",114 East Fordham Road,Bronx,NY,10468,$1.00,,NO